388 200
¡¾ -0.10160458 0.08129852 -0.019315045 0.0916825 0.0144276805 -0.09408773 0.006970868 0.1283355 -0.067800395 0.07575365 0.036623947 -0.037892796 -0.05287815 0.023772862 0.11021207 -0.096938394 -0.03829011 0.07869229 -0.040764023 -0.058094624 0.008262298 -0.084493026 -0.026084665 0.031676427 -0.060980525 -0.005506431 -0.008887336 0.032241773 -0.1391909 -0.06515597 0.010286414 0.05732458 0.08814213 -0.02630714 -0.028866196 -0.0035656837 -0.025067424 0.00816122 -0.11308963 -0.13978955 -0.11016556 0.018026661 0.04017604 0.023824317 0.059186846 0.005490339 0.06750683 0.01895908 -0.0040986706 0.035581645 -0.029611677 -0.042305205 -0.010018076 -0.066209584 -0.002404315 -0.083237775 0.08521529 -0.091414444 -0.06330988 0.006977686 0.06486413 0.078117944 -0.052782856 -0.07830792 -0.07506541 0.078038886 -0.12797636 0.18550022 -0.09462628 0.008749314 0.027891252 -0.0051487237 0.116445705 -0.041406557 0.0340747 0.049807608 0.051832534 -0.15959541 -0.12609527 -0.018392663 -0.048486944 -0.14870127 0.07175582 0.004979354 -0.029479802 -0.04106443 -0.014582142 0.11106574 0.02084696 -0.084657446 0.03435282 0.03210756 0.098339304 0.05147921 0.16057278 0.24118419 -0.017641429 0.018931648 -0.12733789 0.14767635 -0.096253775 0.035404798 0.011055038 0.028210599 -0.07271817 -0.049747936 -0.097821645 0.10574615 -0.030442199 -0.12690064 -0.05970385 -0.096629776 -0.038255475 -0.029959617 0.021213546 -0.007003962 0.06275422 -0.07161671 -0.023053411 0.028073834 0.030712496 0.05242476 0.025746023 -0.11068332 -0.010246001 0.11529916 -0.15519775 0.06381548 -0.059249993 0.010086855 0.024180511 0.06168524 -0.0197403 0.072184265 -0.021262774 0.09841401 -0.04787649 -0.13335203 -0.048800755 0.012802437 0.015174017 0.042616606 0.052859887 0.028013567 -0.0022044594 0.0043199826 0.017114462 -0.04618286 -0.051502734 -0.033788644 0.00074514834 -0.029633578 0.014984087 0.0032316216 -0.05209674 -0.010649947 -0.028672028 -0.0041864812 -0.09509403 0.1730064 0.051745288 0.06085761 0.043175608 -0.004276249 -0.004930203 0.04275746 0.075687915 -0.06284187 0.004124603 0.06320368 -0.08513152 -0.070687436 0.061287105 -0.022548432 0.0616089 0.08877642 0.038843464 0.04950944 0.094548054 -0.048715416 0.0050484287 -0.06922753 0.050364904 -0.043867953 0.011024756 -0.061943803 0.071571425 0.15215799 0.20047493 0.012182551 0.15389974 0.056068618 -0.13081472 -0.0951331 0.05280521 0.06625511 0.11937933 0.011682499 -0.019917276 -0.023818042
-------------------------------------------------------------------------------- 4.728198e-05 0.0015386599 -0.0034063226 -0.0006877327 0.0038342904 0.0036732047 -0.0018366486 0.0013213509 -0.004158565 0.003102743 -0.0023186612 -0.0015820533 0.0046556783 0.00043669285 0.0037453515 -0.0030370313 0.0025802534 0.0049614115 -0.0042286958 -0.0025678456 -0.0035324185 -0.0024313258 -0.0018892819 -0.0042680996 0.003977803 -0.002421969 0.0042118067 0.0026312852 -0.003275013 0.0019789357 0.0027350748 -0.003713268 -0.0037028599 -0.0012376154 -0.0043128626 -0.0007907862 -0.00020171642 0.0016498422 0.00072094024 -0.00044071078 -0.002797029 0.0008651829 -0.0004486859 0.0033968454 0.001986795 0.0022647358 0.00071715296 -0.0013499277 -0.0021834064 -0.00051603734 0.00071851374 -0.0013230044 -0.0035368914 -0.0039026535 -0.0045608934 -0.0029675846 -0.0009237123 -0.0021619357 -0.0032303352 -0.0018586612 0.0021445793 -0.0018695217 0.0041890875 0.00076699676 -0.0036211598 0.0047168992 0.0038156062 0.002746641 -0.0034244228 0.0029113395 0.0020045466 0.0025926847 0.0021279508 0.00096987723 -0.0015850812 0.0041769226 0.00480609 0.0018963015 -0.0014184975 3.5637618e-06 0.00060940924 -0.0042291624 -0.0041119726 -0.00011550784 0.00061864377 -0.0028716903 -0.0023626368 -0.0036730373 0.004164308 6.064892e-05 -0.0022546994 0.0028508527 0.0045900075 -0.002049936 0.003982341 0.002687717 0.0029395616 0.0002562952 0.004106542 -0.0035095203 -0.004121339 0.0046496773 -9.883046e-05 -0.0009836382 0.0023018152 -0.002047658 0.0013715571 0.0034699833 0.003032713 -0.0037553972 0.004691175 0.0023359042 0.0019830603 -0.0031217528 0.00422999 -0.0010750825 0.004412594 -0.0026810013 -0.0040647094 0.0034122795 0.00083559635 -0.0010992545 0.0047568004 0.0047469274 -0.0048870235 0.0012526143 0.0030783461 0.0019362282 0.0010113936 0.00021525085 0.00033681572 -0.0019103182 -0.0035701252 -0.0010444361 0.0019619488 0.0044093416 0.004629575 -0.0029879683 -0.0047013354 0.0048821885 0.0017148923 0.0025830586 0.0031411725 -0.0014021313 0.0036613517 0.0014151358 0.0014355022 -0.001190185 -0.0015641248 -0.0011850708 0.0021382184 3.8028957e-05 -0.0047921394 -0.004832772 -0.003074097 -6.42848e-05 0.000998708 0.0047159838 0.0027921754 -0.0021453481 0.00013915836 0.0024821793 0.0038491548 -0.00057211163 0.0021617103 -0.0029071898 -0.00040209532 0.0040500253 -0.0011800325 -0.0048317276 0.0028896302 -0.0019649111 -0.0006114364 0.0049902587 -0.0011281753 -0.0023785322 -0.0026646936 0.003490445 -0.002854436 0.0010568314 -0.00262783 0.003060357 0.0021786534 0.0013031774 -0.0007455415 -0.0013730318 0.004496468 0.0026078874 -0.0010812598 -0.004735155 -0.003713026 -0.0005318707 -0.00039747357 -0.0012814546 0.0048413603 -0.00022926033 0.0029368806 -0.0037237937 -0.0012530369 -0.0027749317
-- -0.09805413 0.07488424 -0.016692996 0.06583967 0.04235499 -0.068952486 -0.008764098 0.099487185 -0.06285709 0.07583274 0.0117544895 -0.029979894 -0.054695323 0.02814322 0.11123043 -0.09389318 -0.05406608 0.06910458 -0.025627336 -0.053072512 0.0025411877 -0.0804995 -0.018166663 0.035770554 -0.06863159 0.013212058 -0.012295072 0.03129072 -0.11770833 -0.032619607 0.03336536 0.042955425 0.06294776 -0.018625448 -0.019594893 -0.0051240143 -0.03377461 0.02610309 -0.10448251 -0.1117155 -0.08893094 -0.0028322025 0.03334274 0.050135862 0.049560852 -0.0020591007 0.06980948 0.0011508093 -0.0067337966 0.008863987 -0.0048928848 -0.032506157 0.018325007 -0.06262142 -0.016504772 -0.07377352 0.060306054 -0.08026557 -0.06371617 -0.0073474366 0.057963632 0.06562201 -0.040365037 -0.058947638 -0.07795444 0.057883836 -0.08705377 0.16128446 -0.07994989 0.018018955 0.0037248866 -0.017326022 0.10051767 -0.03215881 0.000522772 0.053742435 0.040649287 -0.12439062 -0.09907606 -0.018868076 -0.04370881 -0.1385684 0.070485026 -0.011106115 -0.017934823 -0.030359374 -0.014648627 0.11953019 0.017795764 -0.080743246 0.037373357 0.02365591 0.084940165 0.031069882 0.12473358 0.20798968 0.009380157 0.021158231 -0.0921845 0.12929724 -0.097075045 0.033747885 0.0024785236 0.026616506 -0.083651714 -0.028549772 -0.07926088 0.08218016 -0.03319002 -0.09950178 -0.06023844 -0.07991066 -0.03655633 -0.049695864 0.0042109815 -0.03294974 0.049497455 -0.0903851 -0.024766013 0.016316177 0.021651434 0.0618243 0.0024970875 -0.06500484 -0.013490597 0.099516764 -0.113068014 0.044306245 -0.046291318 0.004580071 0.019845838 0.04983794 -0.037322044 0.074254505 -0.023323186 0.09998513 -0.03348611 -0.11138925 -0.034371268 -0.0070622377 0.017477354 0.02470455 0.054584008 0.011792871 -0.006008557 -0.008650573 0.0039340244 -0.026539836 -0.0454841 -0.029714543 -0.0037866076 -0.008858104 0.025913132 0.017092595 -0.06125711 -0.013832418 -0.03856788 -0.024149552 -0.09507992 0.1429708 0.06076693 0.053011928 0.047732085 -0.016926624 0.008211975 0.0057406845 0.065734014 -0.04137032 -0.003651671 0.035179824 -0.061840817 -0.045329187 0.0398616 -0.021332106 0.053928982 0.101713635 0.02824466 0.061089672 0.08071919 -0.040888652 0.025292281 -0.0734413 0.058416385 -0.04265388 0.00079341757 -0.0624736 0.04533346 0.15381846 0.18017846 0.022924412 0.14373226 0.063052505 -0.10671708 -0.07870859 0.050387867 0.059205804 0.10181695 0.0014802428 0.007818918 -0.020483445
±ê -0.041389525 0.03413371 -0.00930229 0.04015494 0.016448997 -0.04089386 0.0002814709 0.05453214 -0.038265795 0.03803551 0.017530028 -0.017671393 -0.027506372 0.023350598 0.056381606 -0.048965093 -0.012412695 0.043196473 -0.015097041 -0.034148727 0.0025221764 -0.0411307 -0.0032339722 0.01593188 -0.03282225 0.0072659506 -0.008970799 0.011203368 -0.06055592 -0.020962633 0.018178536 0.033442955 0.0335561 -0.004336749 -0.019915055 -0.00082100095 -0.023748668 0.000751196 -0.061975062 -0.06991505 -0.04004741 -0.0028444421 0.032019123 0.012171201 0.026686724 0.014105554 0.028420364 -0.010260824 -0.011314403 0.0073249703 -0.007338989 -0.031205691 -0.0055581415 -0.029906444 -0.014252188 -0.046853133 0.036454085 -0.04876738 -0.040935237 -0.008119666 0.031490773 0.03302137 -0.015940383 -0.032000568 -0.0391802 0.037504498 -0.05766718 0.07886456 -0.04909935 0.00038920323 0.00525382 -0.005191673 0.05079139 -0.014172057 0.009870875 0.01818059 0.02807428 -0.06531668 -0.059805315 0.0023871488 -0.012669763 -0.07905952 0.028955942 -0.0021669157 -0.009987528 -0.022474064 -0.0026888854 0.05331843 0.0055036834 -0.04060265 0.015862051 0.014282587 0.038953647 0.01930237 0.06541168 0.11246226 0.006728934 0.0025456229 -0.057178 0.075145625 -0.038018722 0.012785206 0.011320953 0.022975592 -0.044958174 -0.013847339 -0.043988336 0.03829308 -0.019584682 -0.0602247 -0.030225476 -0.04317766 -0.011577276 -0.024139768 0.005807611 -0.007840634 0.03254312 -0.041974064 -0.02073148 0.0032886446 0.014409434 0.03817303 0.0008377934 -0.051005896 -0.015297527 0.06280515 -0.06964232 0.034539312 -0.032538705 0.007825802 0.00020055886 0.033932418 -0.018862706 0.035931315 -0.013481132 0.046889976 -0.025863621 -0.06408935 -0.02905844 0.0019994662 0.013945316 0.0156028485 0.029252898 0.012638514 0.008496066 -0.0073230034 -0.0046248273 -0.021072317 -0.014541263 -0.014086558 -0.012798327 -0.006016854 0.021234853 -0.0047945436 -0.033270057 0.0017765647 -0.032058883 -0.0053564296 -0.047357567 0.08875912 0.036868095 0.02694634 0.015394345 0.0044376473 0.0037985002 0.013928324 0.02575545 -0.012002112 -0.0011396101 0.019769989 -0.03460503 -0.028569413 0.025007645 -0.014466137 0.024274215 0.0516971 0.028490562 0.024021879 0.0501511 -0.034367345 0.0015429144 -0.038348388 0.01833216 -0.014834545 0.0029398617 -0.03439559 0.033678822 0.08790688 0.10276833 0.008122794 0.07585393 0.02378984 -0.06693942 -0.034617133 0.020279745 0.031207405 0.054218482 -0.00013245028 0.0024466615 -0.012964528
ÈÕÔÂ¹â»ª -0.12401476 0.091437675 -0.013239171 0.09104197 0.054954 -0.08731457 -0.006371371 0.114700966 -0.07710926 0.08726993 0.023085065 -0.044736654 -0.05950065 0.03441818 0.14436372 -0.1111306 -0.0694261 0.07563271 -0.041539695 -0.063951 0.0070429626 -0.08608297 -0.017995346 0.030907225 -0.07591031 0.017925262 -0.017734934 0.029702231 -0.13933772 -0.045391668 0.046980802 0.045068752 0.077970065 -0.008452887 -0.03213124 0.0008362331 -0.039077982 0.03263475 -0.12966621 -0.14423095 -0.11435134 0.0014579408 0.051117826 0.055550307 0.058233075 -0.0014147867 0.07949232 0.0077850134 -0.010794607 0.012504746 -0.009650231 -0.039076973 0.015485828 -0.07983398 -0.016647687 -0.083574615 0.08278256 -0.09657164 -0.075647205 -0.010336159 0.06231336 0.08623495 -0.046435535 -0.07236789 -0.101733685 0.07433317 -0.12099936 0.19888458 -0.09841195 0.016087225 0.0037692203 -0.022347577 0.13142587 -0.03159231 -0.004238733 0.055245973 0.043287653 -0.16402815 -0.13356614 -0.021311019 -0.047225688 -0.16991463 0.0863746 -0.008902349 -0.011041121 -0.025274128 -0.023837116 0.13591987 0.021263551 -0.09426659 0.046838768 0.032978956 0.10232812 0.041366998 0.1581179 0.27308872 0.0009165129 0.024826415 -0.10629877 0.14917442 -0.113094084 0.035364993 -0.0005268264 0.043803997 -0.09578627 -0.040281806 -0.09785539 0.102018446 -0.03737859 -0.115464896 -0.070816375 -0.09576972 -0.03767253 -0.057130672 0.008413345 -0.030083159 0.06791968 -0.11594991 -0.023155237 0.012411946 0.0395572 0.0815765 -0.006963014 -0.08769183 -0.00024151818 0.12025326 -0.14265542 0.0650671 -0.05852774 0.00017756212 0.022038603 0.07352652 -0.04460706 0.10059814 -0.03659155 0.11977149 -0.04372401 -0.13448367 -0.0448942 -0.008675393 0.019340556 0.037445497 0.071422316 0.014820093 -0.00531411 -0.011432274 0.0027102465 -0.031877514 -0.04992958 -0.028488697 -0.0038468759 0.0030769133 0.027263964 0.018866688 -0.060595054 -0.027781056 -0.059252616 -0.022942968 -0.10860896 0.17793992 0.068155415 0.07167046 0.060766507 -0.019961728 0.0024611873 -0.0015194508 0.07650911 -0.0587116 -0.0006543335 0.044569243 -0.075094864 -0.05784399 0.041012567 -0.034881122 0.06341788 0.11047943 0.043340635 0.06843778 0.10033445 -0.05303043 0.031214776 -0.08171224 0.0627888 -0.039191075 0.007233904 -0.07349069 0.0502418 0.18163371 0.22644892 0.032684203 0.16412406 0.07858411 -0.11642243 -0.08879939 0.061147865 0.06379556 0.1190391 0.007227255 0.014565508 -0.023409687
¡£ -0.2370106 0.19243324 -0.035743564 0.17684911 0.09271312 -0.20562068 -0.03451022 0.26753584 -0.1640245 0.1857931 0.057834513 -0.090275906 -0.12778904 0.06787138 0.30530906 -0.2343724 -0.120042115 0.17736177 -0.076956645 -0.13155277 -0.0024910264 -0.20429763 -0.06895253 0.07574451 -0.18738025 0.030570315 -0.03500782 0.07876943 -0.28865132 -0.08925424 0.06629956 0.12213914 0.16563433 -0.030946195 -0.06552909 -0.0057238364 -0.08555191 0.054188497 -0.28178367 -0.29253295 -0.23701987 0.0039038872 0.11187041 0.115953304 0.1109113 0.011248127 0.18549839 -0.006771289 -0.033653546 0.04443674 -0.029207632 -0.10235753 0.024359137 -0.15641919 -0.040012784 -0.18161593 0.18437603 -0.1912022 -0.16536902 0.00059874385 0.15158974 0.18883294 -0.11629178 -0.1576301 -0.18638897 0.16163094 -0.25678197 0.4018596 -0.1997416 0.023248814 0.035255887 -0.06241684 0.2671861 -0.09142508 0.010344727 0.13843387 0.116157755 -0.35050112 -0.27920312 -0.019039044 -0.093033224 -0.34685796 0.18211764 -0.023041137 -0.04170433 -0.06583504 -0.058224615 0.31356108 0.0712911 -0.20741844 0.096049055 0.06937686 0.21162173 0.092790045 0.32048628 0.5567155 0.013597761 0.041424904 -0.25888112 0.34368965 -0.22424296 0.09051336 0.012686319 0.086200826 -0.2083713 -0.066005595 -0.23573273 0.20580162 -0.073478356 -0.2519589 -0.14785798 -0.20800065 -0.0811647 -0.11586807 0.016734127 -0.06978761 0.13660605 -0.22459146 -0.06840873 0.05302165 0.068371855 0.15720561 -0.008717156 -0.19538638 -0.042637717 0.28222823 -0.31735393 0.1418609 -0.12423043 0.0031955128 0.03047846 0.14396174 -0.08731872 0.21346645 -0.057800356 0.23755588 -0.10253849 -0.31575814 -0.11083957 -0.015279197 0.018504439 0.08192087 0.16059218 0.04427486 -0.005673559 -0.011528021 0.016776383 -0.092585795 -0.12769577 -0.07861518 -0.023285909 -0.0149162095 0.054356456 0.018045058 -0.15068911 -0.039229695 -0.11931794 -0.04686864 -0.23858348 0.3980117 0.14387932 0.14253235 0.09650432 -0.016514776 0.014786699 0.029230457 0.185109 -0.10370197 -0.004134765 0.12350105 -0.18666878 -0.13309088 0.094218135 -0.06024224 0.14018285 0.25837848 0.09395465 0.15728138 0.21776046 -0.11960678 0.04730376 -0.18087374 0.14277898 -0.08906962 0.008179236 -0.1530571 0.13895367 0.38492727 0.47552082 0.0505765 0.36904377 0.13842459 -0.28625423 -0.19904463 0.112088405 0.14997676 0.27707517 0.0212104 -0.004889944 -0.039539393
ÐÅÇø: -0.24568567 0.2408128 -0.015491901 0.1691688 0.1605147 -0.22352669 -0.041213017 0.32122678 -0.12770721 0.16763166 0.0657138 -0.091668464 -0.1561503 0.06789752 0.3076103 -0.27365178 -0.13889809 0.20789161 -0.09625704 -0.14995311 -0.011617788 -0.22588721 -0.07026463 0.084619336 -0.22092886 0.054113667 -0.036290437 0.09281324 -0.3409443 -0.06440694 0.03756528 0.11283895 0.17608891 -0.03234166 -0.078868344 -0.008206494 -0.111691065 0.04870398 -0.28085235 -0.29471645 -0.25460535 0.033170484 0.12678578 0.1298321 0.09388694 -0.0037505338 0.23583363 -0.048465446 -0.04140179 0.051861934 0.024403078 -0.14197423 0.04123935 -0.17382132 -0.040816117 -0.2159763 0.20725393 -0.20067951 -0.18243122 0.021263657 0.148533 0.18840697 -0.109789796 -0.17500663 -0.19162896 0.17124061 -0.23510604 0.44727212 -0.25007588 0.009723833 0.03199768 -0.076544 0.3039161 -0.121085085 0.011676903 0.16117126 0.13408528 -0.40597793 -0.32683283 -0.029931769 -0.12487603 -0.350476 0.18039075 -0.0038347028 -0.058071297 -0.058530062 -0.048593137 0.3704861 0.07805322 -0.24724479 0.12658432 0.10061974 0.25293773 0.09082767 0.37209746 0.62813103 0.050902437 0.0551738 -0.2598962 0.41273725 -0.28528175 0.13557032 0.005869962 0.10519684 -0.24823624 -0.08753912 -0.2590003 0.19857186 -0.08310433 -0.28553015 -0.19230966 -0.25111416 -0.122119516 -0.15850954 0.0033814954 -0.08319746 0.13771829 -0.23347507 -0.07988164 0.06457904 0.05849629 0.22312199 0.015064358 -0.20211048 -0.029427273 0.32591355 -0.35453603 0.12980361 -0.16803177 -0.015428916 0.05648609 0.17643337 -0.06521029 0.23637368 -0.039609123 0.2866922 -0.12053846 -0.35121283 -0.14672638 -0.0076871514 0.013200072 0.043134347 0.18403047 0.049051724 -0.03378126 0.008339666 0.011813346 -0.12610286 -0.15277958 -0.096374854 -0.0012345894 -0.009844056 0.049437203 0.029461676 -0.19773749 -0.003942028 -0.10115084 -0.0654088 -0.26457748 0.48081797 0.15536492 0.16265452 0.11277149 0.0036686491 0.046976775 -0.0011110163 0.24059722 -0.10485082 0.012076905 0.15559421 -0.23233019 -0.18697654 0.09004569 -0.06019826 0.20390679 0.33075517 0.10062574 0.20089325 0.24542089 -0.12700488 0.0441316 -0.22364597 0.17383496 -0.09902748 -0.011952199 -0.12377986 0.18427798 0.43006328 0.552485 0.029109985 0.40341485 0.17490785 -0.31340644 -0.23730722 0.092320755 0.1544857 0.33450982 0.014116765 0.0026730741 -0.010356222
·¢ÐÅÈË: -0.23651733 0.25320312 -0.019806035 0.16937584 0.16775197 -0.23121977 -0.03493613 0.32140392 -0.12661988 0.16504894 0.07661894 -0.09364589 -0.15905733 0.06456676 0.30824858 -0.26356834 -0.13299626 0.20555227 -0.10055403 -0.1529599 -0.0035621559 -0.22396922 -0.071273506 0.07814789 -0.22800013 0.05091966 -0.027334392 0.08349808 -0.3382482 -0.0717347 0.034939624 0.10980659 0.17636386 -0.04006557 -0.08090864 -0.002304111 -0.100071505 0.059567835 -0.2826468 -0.29269993 -0.2486947 0.029616982 0.13345505 0.13365978 0.104709424 0.008680548 0.22953108 -0.04683003 -0.036404233 0.05196103 0.024385335 -0.13741471 0.042956527 -0.17635916 -0.042481016 -0.2209255 0.21894011 -0.20076606 -0.19076277 0.020252662 0.15208822 0.18899968 -0.11085102 -0.17261802 -0.18668231 0.17459878 -0.24206719 0.44771248 -0.24672276 0.006932751 0.027014142 -0.086864464 0.30703917 -0.11891099 0.012346096 0.157295 0.14005956 -0.4059006 -0.32425636 -0.028604057 -0.12296155 -0.35561165 0.1831978 -0.015322422 -0.052651126 -0.056248877 -0.05021569 0.38230923 0.08244242 -0.25515535 0.13205868 0.10640934 0.2552991 0.10192657 0.3724618 0.62849563 0.046411056 0.05648769 -0.27123207 0.418656 -0.28802803 0.13489908 0.013755293 0.115418024 -0.25050583 -0.08802209 -0.25967622 0.20747799 -0.082343474 -0.2807723 -0.19712752 -0.26685056 -0.121946275 -0.14865482 -0.008163621 -0.09655192 0.12552696 -0.23300219 -0.07921866 0.07173938 0.051710382 0.2316391 0.0072237924 -0.20781407 -0.04063575 0.32127696 -0.35419032 0.14180738 -0.17202204 -0.02648653 0.050284985 0.16903028 -0.06678018 0.25179973 -0.04885374 0.29916656 -0.11111208 -0.36696815 -0.15608762 0.0014171839 0.020674685 0.038848314 0.1769141 0.051742587 -0.031046025 0.020456009 0.011524623 -0.13585745 -0.15835033 -0.102847405 -0.0032215407 -0.014043576 0.061982147 0.033738635 -0.20193887 -0.0006180126 -0.09545919 -0.0666952 -0.2573159 0.48947987 0.15445018 0.15645361 0.10651759 -0.0045835543 0.050052658 -0.0056360005 0.2372671 -0.100326344 0.013569576 0.16515422 -0.23906662 -0.18710962 0.101108246 -0.0646486 0.20592451 0.33522654 0.10133394 0.19705121 0.24358721 -0.13090502 0.038705047 -0.22195047 0.16770278 -0.10130483 -0.021311155 -0.119207375 0.17638649 0.42007697 0.56414974 0.035093077 0.39811915 0.17280981 -0.3202208 -0.24601738 0.09410473 0.16174018 0.3353098 0.020860998 0.012790377 -0.011837408
·¢ÐÅÕ¾: -0.3044623 0.19922398 -0.045164112 0.23769942 0.1400148 -0.24904378 -0.042837273 0.31093237 -0.18184134 0.20274933 0.06491101 -0.115277424 -0.20177378 0.11172354 0.33936697 -0.2880767 -0.15891705 0.1879754 -0.10897145 -0.16611157 0.011136711 -0.2613219 -0.07366648 0.09932378 -0.21386427 0.032207556 -0.040422507 0.10269534 -0.372197 -0.1023149 0.12143353 0.12604012 0.19870879 -0.04289451 -0.09540828 -0.007134373 -0.08333184 0.04369906 -0.37875363 -0.36533147 -0.31034476 -0.021582553 0.16330451 0.16258146 0.15907654 0.0048596323 0.18340613 0.014242101 -0.0066448133 0.048176646 -0.030268705 -0.10608177 0.042406652 -0.21542151 -0.07091689 -0.20417011 0.23575118 -0.27546316 -0.23566376 0.004828157 0.18526992 0.26443264 -0.153749 -0.18611974 -0.25342137 0.22231627 -0.32056516 0.52655584 -0.22944707 0.012409315 0.05780567 -0.06437218 0.3478165 -0.085063614 0.009056365 0.15133932 0.12924156 -0.4201408 -0.3467131 -0.061350394 -0.11848471 -0.41480827 0.2075899 -0.037337273 -0.036466394 -0.027576854 -0.0713211 0.3612641 0.042042453 -0.27322516 0.1576769 0.09300624 0.26533747 0.12802088 0.3923125 0.72547084 -0.04186154 0.049502805 -0.29053882 0.413864 -0.26521435 0.098179474 0.03247079 0.09764206 -0.255348 -0.08683094 -0.23713021 0.24720141 -0.09005573 -0.27295846 -0.19931489 -0.24095781 -0.089202516 -0.17224365 0.04215461 -0.09981288 0.16942759 -0.28365827 -0.06380613 0.04407636 0.13796237 0.2222939 -0.009050587 -0.23899166 -0.013141876 0.3182739 -0.34858224 0.13765997 -0.14151701 0.020205181 0.019875595 0.19696733 -0.13253851 0.23641513 -0.081577994 0.29845235 -0.12222096 -0.3609557 -0.136729 -0.05720723 0.042305738 0.06900392 0.21432823 0.06370045 0.0032995483 -0.054357447 0.0039026937 -0.093971975 -0.14764126 -0.104151174 -0.016871871 0.0004453537 0.088509634 0.01703081 -0.15308589 -0.06318195 -0.15512538 -0.0331849 -0.28816304 0.46573 0.1929278 0.17228423 0.13331312 -0.049338978 0.025317546 0.0038774917 0.23794727 -0.11450431 -0.018428171 0.12675197 -0.22280644 -0.18121125 0.12239752 -0.072427325 0.15366088 0.3078367 0.1302937 0.19570883 0.22581042 -0.14312124 0.08205399 -0.18869081 0.1654114 -0.100309215 0.030175935 -0.17920569 0.15047765 0.45524636 0.5918774 0.08455318 0.46454886 0.19859663 -0.3014728 -0.2522761 0.14764392 0.19548532 0.3517168 -0.008451334 0.017575022 -0.08300049
Ìâ: -0.029838094 0.023006974 -0.013068343 0.035196893 0.02009461 -0.038056854 -0.0018180924 0.051486585 -0.034013696 0.025347566 0.004641757 -0.018392617 -0.018917652 0.018939884 0.052382957 -0.041028295 -0.016766967 0.037116453 -0.0074010687 -0.01627701 0.0067967847 -0.038090143 -0.010666268 0.007696226 -0.023692 0.0035416242 -0.0136052715 0.022479419 -0.040845063 -0.017557254 0.017108612 0.016160563 0.02641384 -0.007410504 -0.010823907 -0.0048937495 -0.013872165 0.011434244 -0.03926524 -0.056929916 -0.043049406 -0.003959535 0.027304836 0.025232492 0.013843163 0.0051945024 0.022759758 -0.0017092726 0.0019282328 0.0041047907 -0.0066291015 -0.024896787 -0.0010785213 -0.030338868 -0.0035150428 -0.022758756 0.028328506 -0.03181202 -0.020445315 0.0021715711 0.025703311 0.03800109 -0.013121919 -0.019977521 -0.037280343 0.035237927 -0.037597045 0.078528404 -0.03484106 0.0073773926 0.010774758 -0.016290097 0.051435243 -0.013482059 0.008107165 0.018803619 0.018896973 -0.0547155 -0.05548833 -0.010040524 -0.020646345 -0.055842772 0.028532984 0.0013485576 0.0020638844 -0.014276138 -0.008987387 0.051480796 0.0060850936 -0.041912746 0.022966847 0.0064465 0.03876013 0.023212256 0.05847809 0.09535902 0.004592679 0.0048453063 -0.039923087 0.057455897 -0.033981353 0.017170213 0.0053374283 0.022354817 -0.039215647 -0.0057760356 -0.02903544 0.030530464 -0.00839389 -0.047999993 -0.025066908 -0.0345742 -0.009473471 -0.01852548 0.008410429 -0.008668791 0.028690713 -0.040503107 -0.01715365 0.009507941 0.00879793 0.033850584 -0.010356114 -0.035779215 -0.011058821 0.051818974 -0.05518218 0.01547102 -0.019115092 0.007635111 0.004129763 0.01997424 -0.010205636 0.036181856 -0.018718563 0.04648201 -0.019681502 -0.05494452 -0.019096017 -0.0061458363 0.0068093687 0.020609928 0.029461054 0.012868323 -0.0013912091 0.00064118224 -0.0008990762 -0.020895507 -0.01787478 -0.011072996 -0.012270193 -0.0065540993 0.0020959538 -0.0015908061 -0.022214012 0.002607304 -0.01570881 -0.007137947 -0.028731963 0.06651654 0.022270475 0.020528758 0.013058668 -0.006954403 0.0033952317 0.0074107056 0.024126023 -0.021075437 -0.008890267 0.01843005 -0.033881433 -0.022531418 0.019750353 -0.013695942 0.01862825 0.041566066 0.02188162 0.03008431 0.033432033 -0.025905501 0.004356469 -0.030099925 0.025709184 -0.011536168 0.00450985 -0.02587564 0.022571325 0.05650839 0.07563709 -0.0011001524 0.059458807 0.025450103 -0.05292043 -0.023656901 0.0067449547 0.018862588 0.038952034 0.01055667 0.004006868 0.0014306509
¡ù -0.14160508 0.126567 -0.04758208 0.14793128 0.073581055 -0.1442547 -0.026782054 0.17146997 -0.10300079 0.11937237 0.023407608 -0.077002265 -0.06307455 0.06536845 0.19567889 -0.1541291 -0.06774926 0.12566999 -0.05076262 -0.10606446 0.0065600085 -0.12592694 -0.06800228 0.080187894 -0.13734248 0.003189283 -0.030712185 0.050036598 -0.20000847 -0.06589535 0.055893645 0.07968795 0.10394631 -0.0067488784 -0.069204114 0.0091203945 -0.05942351 0.05615201 -0.2049094 -0.20453617 -0.16004565 0.0124492515 0.05277351 0.09184379 0.070817225 0.010745 0.10755134 -0.053991165 -0.032005697 0.0603601 -0.0069591897 -0.051241245 0.04037109 -0.14346443 -0.049173664 -0.13232838 0.13397594 -0.12755461 -0.13863756 0.00028951195 0.105525985 0.1307561 -0.07717382 -0.13536918 -0.14524452 0.11947713 -0.18262894 0.25579107 -0.11841444 0.007912205 0.018787168 -0.07060923 0.16624753 -0.055036422 0.018872852 0.08917958 0.07758477 -0.2020958 -0.20560673 -0.026694259 -0.06176741 -0.22866116 0.10895513 -0.029015562 -0.035992708 -0.02743222 -0.0038030182 0.19500962 0.033979144 -0.12434105 0.048217468 0.0496567 0.13458182 0.07679918 0.21519189 0.35965943 0.0051681907 0.012205499 -0.18667434 0.2499187 -0.15969388 0.06209009 0.017379533 0.07933494 -0.15408692 -0.030601243 -0.19178481 0.11129511 -0.05075333 -0.16407363 -0.08981398 -0.14014499 -0.056694914 -0.087521926 -0.0033809687 -0.0728302 0.10640328 -0.18699142 -0.0597827 0.027523212 0.022644635 0.11118723 -0.01720639 -0.11156272 -0.0049130158 0.22259958 -0.21232449 0.11710667 -0.07220078 -0.009317765 0.017780708 0.103966296 -0.046273597 0.13748603 -0.015362281 0.12832347 -0.067198195 -0.23374704 -0.06007543 -0.014042082 -0.005570827 0.043596733 0.12503836 0.0095716035 -0.009465693 -0.003809077 -0.001454007 -0.047807436 -0.10223908 -0.038305975 -0.006884727 0.0024246625 -0.0004324957 0.04248704 -0.10477313 -0.05682084 -0.08112026 -0.038230646 -0.16475134 0.2545838 0.097828664 0.113838114 0.048675943 0.018984431 -0.0046752295 0.0028131558 0.15709895 -0.038895 -0.018754197 0.10867826 -0.104416266 -0.08843346 0.05889597 -0.041127734 0.07852319 0.15902577 0.061789878 0.11711315 0.14846274 -0.049825676 -0.0028476669 -0.13031913 0.11530007 -0.048780553 -0.03356821 -0.108735904 0.086879484 0.26637125 0.2916412 0.053118974 0.2683466 0.082157224 -0.19579288 -0.10171766 0.045582626 0.11599405 0.18816207 0.040221006 -0.066354185 0.005737798
[·µ»ØÉÏÒ»Ò³] -0.041333064 0.03526867 -0.004848785 0.03780134 0.018247185 -0.037847135 -0.006891743 0.04547941 -0.02985957 0.024876876 0.0030202053 -0.020546487 -0.017927647 0.015397071 0.058597382 -0.035037506 -0.026257593 0.032640126 -0.0060956883 -0.020153377 0.0021055227 -0.029545462 -0.018049326 0.020536097 -0.026091976 0.012374486 -0.012779055 0.019052304 -0.044074453 -0.0156657 0.0068244357 0.024394602 0.021551296 -0.009631939 -0.008471845 0.0045522745 -0.008046635 0.005553623 -0.05551025 -0.041298773 -0.034652904 -0.00207079 0.01288083 0.015840448 0.016040344 0.00013207491 0.032684773 -0.0014086447 -0.007819702 0.0014827906 0.004549904 -0.021416409 -0.0010586503 -0.020710617 -0.0063772914 -0.023428643 0.027645845 -0.037081644 -0.02853995 -0.0012085815 0.017489705 0.031050177 -0.017995039 -0.020481464 -0.0247837 0.029742746 -0.045595214 0.06675903 -0.03720593 0.0082941335 -0.00028184327 -0.008879996 0.044944357 -0.021619728 -0.005258581 0.026960688 0.011599899 -0.05902939 -0.044900976 0.0022901963 -0.023136288 -0.057222888 0.038597118 -0.009875274 -0.008395519 -0.0068032998 -0.0047880397 0.054039467 0.016957581 -0.035390276 0.018711956 0.010356579 0.028567836 0.017427364 0.05557982 0.08706261 0.0015321814 0.0075264624 -0.043065198 0.0663809 -0.041905604 0.00997221 0.008741591 0.008233495 -0.043767992 -0.012426126 -0.0450834 0.033778526 -0.010448832 -0.043856557 -0.030751923 -0.035227463 -0.0152358655 -0.01731964 0.009143717 -0.006083291 0.02919973 -0.04630295 -0.0032744391 0.007510421 0.018726703 0.029251682 0.00092773006 -0.038710445 -0.014251384 0.05593367 -0.05464118 0.02383628 -0.015890041 0.00087171927 0.012773523 0.02483335 -0.0241146 0.03102904 -0.010810292 0.031687774 -0.010275605 -0.04942975 -0.025305921 0.0032600507 0.011426457 0.018606242 0.03267638 -0.000722317 -0.0008465735 -0.010408283 -0.0028044835 -0.01454316 -0.020652333 -0.013211578 -0.0014234717 -0.00018325359 0.013736305 0.008750208 -0.02999405 -0.0005125015 -0.015041997 -0.0012608165 -0.035346355 0.063894495 0.022038486 0.023511037 0.014434983 0.0049894406 0.005110138 0.0056483527 0.033785045 -0.02472721 0.005059541 0.026223842 -0.032218624 -0.020971589 0.010005575 -0.016096778 0.029055584 0.041863296 0.021538211 0.027563576 0.035439935 -0.017181395 0.0061239796 -0.032691162 0.02636042 -0.009808534 0.00035104045 -0.025938543 0.017173395 0.073341094 0.07238644 0.01432807 0.0652403 0.019141719 -0.05219467 -0.04032092 0.014998685 0.031717908 0.05604681 0.004503134 0.0016707581 0.0009353545
[±¾ÌÖÂÛÇø] -0.046051815 0.03368303 -0.003708473 0.026649097 0.009440816 -0.042910255 0.0007862251 0.051420234 -0.032322332 0.02626848 0.010267425 -0.013232107 -0.024013411 0.012730221 0.05090041 -0.03726637 -0.0191938 0.038326696 -0.021975938 -0.026133906 -0.008165471 -0.037692573 -0.018356826 0.01778436 -0.0379836 0.00026445082 -0.0013180634 0.008102766 -0.04991159 -0.022292748 0.018867489 0.029181775 0.029686874 -0.0009004626 -0.008543047 -0.0063625993 -0.0064074043 0.0014022362 -0.04294993 -0.04734304 -0.04434286 -0.001796964 0.027714968 0.015820164 0.025734331 -0.0032401006 0.04023077 -0.0013365545 0.0016133327 0.0053854813 0.00045330692 -0.0103063965 0.007991837 -0.026699869 -0.003883924 -0.025047654 0.039800007 -0.026595246 -0.023267467 0.0064314622 0.03413479 0.03308005 -0.022063533 -0.026298499 -0.031500988 0.0284136 -0.050207954 0.06318573 -0.036985695 0.011294239 0.0037879813 -0.018630233 0.05110419 -0.01588923 0.0031732342 0.027035277 0.022737904 -0.056076083 -0.04791806 -0.004059085 -0.008938082 -0.059272174 0.028118677 -4.3059386e-05 -0.002283594 -0.0076015107 -0.012448782 0.057435095 0.017462125 -0.031786524 0.017116994 0.0045507895 0.03751196 0.015671575 0.059957087 0.09088692 0.008801745 0.0020719029 -0.040703934 0.053550635 -0.032686964 0.020389367 0.0023854156 0.012413132 -0.037554696 -0.01078829 -0.045697838 0.039377 -0.0105501 -0.040903036 -0.033041365 -0.030088639 -0.014033453 -0.021363962 -0.005319479 -0.0095999325 0.028439919 -0.03394739 -0.01749497 0.0030910473 0.008484257 0.027279152 -0.008602228 -0.040022288 -0.007836021 0.05209415 -0.06366125 0.020087792 -0.021431468 0.0060402662 0.0062208152 0.026968727 -0.022033023 0.03222667 -0.011038595 0.047958598 -0.014026154 -0.057292756 -0.019338863 -0.011209707 0.0030405247 0.009575188 0.032306008 0.0053727524 -0.004822588 -0.009776558 0.0017924453 -0.021772735 -0.024295405 -0.017561158 -0.006506053 -0.004762537 0.002737724 0.0016821332 -0.02375997 -0.0110659925 -0.027006326 -0.011143816 -0.048551995 0.06990746 0.030296167 0.022831067 0.01983471 0.0009573031 0.009311605 0.008665448 0.039977957 -0.026521524 -0.0065599796 0.01592079 -0.039604314 -0.030702047 0.00952107 -0.013352957 0.02536702 0.042601857 0.008789406 0.032033112 0.039414503 -0.01642966 0.015645923 -0.025636798 0.025684498 -0.012565004 -0.0037138034 -0.025576495 0.028155966 0.07522401 0.08018296 0.010271624 0.059723254 0.021918045 -0.04300185 -0.038765065 0.018660823 0.018718833 0.043213367 0.01169151 -0.0058795917 -0.002427293
¡¡¡¡ -0.008103656 0.002504414 -0.004800641 0.0072884355 0.0050379094 -0.0013106838 0.003545156 0.004796558 -0.007718556 0.008129348 -0.0014020163 0.002203073 0.00011947029 0.00085339247 0.0019209662 -0.0053266613 0.0008216938 -3.516837e-05 -0.000820902 -0.0064961053 0.0043222606 -0.005434674 0.003361077 -0.0013384372 -0.00847538 -0.0038038655 -0.0026922964 0.003940896 -0.005856758 0.0028493966 0.0029166043 0.0041865096 0.0046384437 0.003463326 -0.0025498606 0.003537234 -0.0064549576 0.0024747031 -0.005747594 -0.0054460475 -0.0011774267 -0.001323355 0.0010738743 0.0021769898 0.0019552286 -0.0015395965 0.0067515583 -0.0034654215 0.003379339 0.00080682 0.0008850489 -0.0003508171 0.00044804654 -0.0022867052 -0.0024415448 -0.0011615797 0.003806508 -0.005380449 -0.007728447 -0.0049665333 0.0031951705 0.0008400949 -0.00284262 -0.005187773 -0.007890812 0.0036388058 -0.0019539008 0.006814301 -0.007510532 0.0019694266 0.00049433135 -0.004064951 0.0047235917 -0.0021074568 -0.0013643664 -0.002395523 0.005998051 -0.004862461 -0.0067220703 0.0031201732 -0.001647321 -0.0031883344 0.0026265131 0.0032757246 -0.0007742072 -0.004257199 -0.0034009952 0.010855526 0.0015422936 -0.0036001725 0.0061469064 -0.001743895 0.003280927 -0.0022873227 0.0029647443 0.0065865004 0.0021107686 0.0022101805 -0.0021985164 0.008077984 -0.0033728112 0.004600107 -0.0008258226 0.0032257717 0.00014240225 -0.0010464948 -0.0013697369 0.00053125527 0.001877404 -0.0024920404 -0.00044131768 -0.009057195 -0.0018135776 -0.00074577006 -0.0026699528 -0.0047216387 0.0058298055 -0.0077711013 -0.0038939721 0.0051296344 -0.002131815 0.007537934 0.00024004173 -0.0014904619 -0.0021516243 0.002808046 -0.010532808 0.002286923 -0.005020514 -0.0015148125 0.0046169665 -0.00090443855 -0.004822788 0.0014551699 -0.0043865754 0.0002264143 -0.0025339462 -0.0014442499 0.0018829943 -0.0029256595 -0.0036430925 0.00032213982 -0.0014699008 -0.0016774193 -0.0031054087 0.0012991974 -0.0035468251 -0.0012010126 -0.0013578255 0.0010680564 -0.0014502946 -0.00514089 0.0036019252 -0.0026267811 -0.00041189534 0.0002030012 0.0021379828 -0.00017511105 -0.005534485 0.0110457 -0.00069309375 -0.0014078063 0.003800748 -0.0015863465 -0.0017310567 -0.0005556253 -0.0013185961 -0.0018861024 -0.00061908696 0.0009099728 -0.0023860221 -0.00040636142 0.004983134 -0.0051556323 0.00023568375 0.0005864799 -0.0026278174 0.0011800942 0.0035881063 -0.0063710287 -0.0017380766 -0.004635877 0.0059996666 -0.00093422085 0.0042402353 -0.0070553226 0.0004681612 0.0071378956 0.0136029655 0.0014958368 0.007907967 0.0034006801 -0.0040139286 -0.008592548 0.0037003383 0.0057069287 0.008113475 0.0025994014 -0.00411079 -0.0027889805
bbs.fudan.edu.cn¡¤[FROM: -0.11752216 0.10653195 -0.05006569 0.13049562 0.055934392 -0.12429096 -0.016286844 0.14452314 -0.09353919 0.10795578 0.013802765 -0.069757186 -0.050847597 0.063392505 0.16009824 -0.1214266 -0.045773815 0.1051822 -0.04048181 -0.09331402 0.01402051 -0.111188054 -0.051367573 0.07350092 -0.11372082 -0.00027605373 -0.032973178 0.042732686 -0.16675918 -0.050976563 0.058362037 0.08347649 0.099644415 -0.015169449 -0.06507738 0.009321779 -0.05073021 0.04202266 -0.18737541 -0.18331763 -0.14946792 0.022089096 0.057042282 0.06678515 0.06610967 0.02162772 0.094303876 -0.05350035 -0.032188755 0.060078125 -0.020164674 -0.038926747 0.032117933 -0.12519328 -0.03906179 -0.12624148 0.11192676 -0.10807654 -0.12214418 0.01194729 0.09826905 0.099853866 -0.075249 -0.11157536 -0.12755565 0.092909746 -0.16675535 0.22092117 -0.09519633 0.0136569105 0.014524121 -0.06985279 0.1532699 -0.042778093 0.014909652 0.06061628 0.064314775 -0.177228 -0.18272445 -0.023054935 -0.04976849 -0.20763826 0.08828213 -0.019102223 -0.036003478 -0.036427118 0.0013835123 0.16935933 0.028745582 -0.11822809 0.04459736 0.043559555 0.111557275 0.05808385 0.17757891 0.31074622 -0.0043384423 0.0007037943 -0.15015419 0.22669221 -0.14534543 0.04153023 0.008395634 0.06047933 -0.11912877 -0.030188398 -0.17157175 0.094833866 -0.0560735 -0.14819744 -0.08143804 -0.13036053 -0.049591605 -0.066988654 0.0028079418 -0.06639973 0.09472096 -0.17170447 -0.05639705 0.011684541 0.016872527 0.09793467 -0.017768458 -0.09473783 0.0033671812 0.19808948 -0.18287297 0.11076742 -0.0669351 -0.013635904 0.0008913003 0.09805009 -0.053297587 0.12317551 -0.0082139615 0.11405741 -0.054474127 -0.20652181 -0.044919174 -0.0034972664 -0.012580507 0.032920316 0.116075255 0.012210574 -0.002453899 -0.0015853184 -0.011170997 -0.030453052 -0.083902135 -0.03780831 -0.009419789 0.00065339217 -0.0015309361 0.041025303 -0.0891781 -0.0506844 -0.062642135 -0.030501757 -0.13313933 0.22342469 0.08803703 0.08722827 0.04962162 0.021092014 -0.006053957 -6.5417866e-05 0.1288995 -0.03631871 -0.020349385 0.10024091 -0.08907815 -0.07347425 0.045201838 -0.035613503 0.061206467 0.13674836 0.052449133 0.10175821 0.12912968 -0.042813376 -0.0074405107 -0.108788766 0.08918938 -0.041590527 -0.027965553 -0.08946111 0.0705131 0.23942135 0.25986794 0.045314234 0.22827852 0.083683744 -0.16840042 -0.077718906 0.047059286 0.10954615 0.1711172 0.021437565 -0.0639175 0.003660692
£¬ -0.60592866 0.48923528 -0.09978957 0.4571422 0.23249531 -0.5032342 -0.0793546 0.6639724 -0.41601384 0.4901944 0.13337961 -0.22625616 -0.3270362 0.16695152 0.7751637 -0.5982081 -0.30572534 0.4505831 -0.18732245 -0.3188871 -0.000796496 -0.5116751 -0.19277674 0.19477467 -0.46723568 0.07533435 -0.09022282 0.2014651 -0.7309706 -0.23559897 0.17255227 0.31168282 0.40371212 -0.09361619 -0.16621332 -0.026790867 -0.21957828 0.14626406 -0.70218074 -0.73140913 -0.5959906 0.00398889 0.28606007 0.28228435 0.2825435 0.03603085 0.4782245 -0.013327062 -0.07895722 0.11010924 -0.076191716 -0.25643176 0.071758546 -0.37997407 -0.10470445 -0.45338488 0.4705309 -0.4723699 -0.42434648 -0.0037180134 0.3998286 0.47692558 -0.29227158 -0.39537778 -0.4528401 0.3965409 -0.63665104 1.0146933 -0.5037217 0.06468139 0.082040094 -0.17110623 0.67341226 -0.2490243 0.022931112 0.33780006 0.28542337 -0.86227727 -0.68532854 -0.048849337 -0.24196517 -0.89293426 0.4552446 -0.07096355 -0.0968123 -0.18569836 -0.14426562 0.78930086 0.1834529 -0.5241895 0.21971515 0.16875185 0.5323952 0.21862477 0.81205314 1.3904904 0.02351029 0.11047475 -0.6651711 0.8703361 -0.5762491 0.20715767 0.031938847 0.21083286 -0.5256656 -0.15200451 -0.6012838 0.5052444 -0.17357211 -0.6301589 -0.36667842 -0.5264893 -0.19241704 -0.27587864 0.030798063 -0.16408575 0.35048318 -0.55353093 -0.16263723 0.15160766 0.17427564 0.39501297 -0.0318998 -0.47784147 -0.099881 0.7262423 -0.79228354 0.36332285 -0.31549266 0.011560224 0.08078266 0.36605504 -0.22172515 0.5420782 -0.14975494 0.5952192 -0.25592345 -0.79808646 -0.25977013 -0.024041483 0.05777239 0.21881099 0.40108314 0.09943762 -0.004200831 -0.02055318 0.029882407 -0.23189935 -0.31765923 -0.2158819 -0.06540688 -0.026372189 0.12965378 0.031791154 -0.373003 -0.09674906 -0.31196037 -0.1276293 -0.59908307 1.007251 0.35663453 0.35327908 0.23719963 -0.03692601 0.052006 0.06800426 0.44342482 -0.27709433 0.010024479 0.30587423 -0.46275887 -0.33458367 0.22795038 -0.15529718 0.3513236 0.64274865 0.24123032 0.37847167 0.56090003 -0.29333267 0.12485474 -0.47360498 0.3716409 -0.22603714 0.011718731 -0.39195374 0.35790476 0.9776893 1.1794454 0.11871751 0.92339414 0.34843904 -0.7166184 -0.505351 0.2770016 0.37883255 0.69852376 0.0663432 -0.0035765583 -0.098165885
¡¡ -0.14961992 0.11856374 -0.029244928 0.11567668 0.06462205 -0.13061732 -0.023686027 0.17224468 -0.09796879 0.11592832 0.039036136 -0.052365527 -0.08985271 0.043553837 0.19409531 -0.14897817 -0.07804917 0.110564075 -0.04827082 -0.08733071 -0.0028107087 -0.13110049 -0.042547874 0.04719467 -0.11581317 0.0169473 -0.02045333 0.055074494 -0.18705261 -0.05380127 0.04454644 0.07254261 0.10725985 -0.023789207 -0.041939247 -0.006695783 -0.058933895 0.029758817 -0.17680071 -0.18701111 -0.15090995 -0.0013103061 0.072029755 0.06930183 0.07731403 0.0038510256 0.121126086 -0.0055055893 -0.018716332 0.032305006 -0.016972294 -0.067631714 0.019293847 -0.09827575 -0.022999559 -0.11750512 0.12161786 -0.120170966 -0.11261635 0.0033025425 0.09544923 0.12373235 -0.07331005 -0.09841942 -0.11872272 0.103997186 -0.15721451 0.26395804 -0.13385347 0.016870959 0.024158686 -0.04425799 0.1777645 -0.062644534 0.0056227534 0.081663884 0.07060407 -0.22135292 -0.18079911 -0.018528385 -0.058186397 -0.22565168 0.10884764 -0.011518236 -0.01886505 -0.038419385 -0.03574341 0.19869652 0.0418638 -0.13115734 0.058243077 0.045263335 0.13726251 0.05644101 0.20766167 0.3600165 0.008397808 0.027888805 -0.16021577 0.2191979 -0.14395154 0.053813726 0.0060932953 0.05457487 -0.13587451 -0.04392176 -0.14636447 0.13345751 -0.049230937 -0.1640015 -0.09886116 -0.13076812 -0.05724862 -0.0702625 0.008909184 -0.042635553 0.08609212 -0.14542457 -0.040656243 0.038623955 0.041225545 0.10525518 -0.0035145893 -0.121028356 -0.017508699 0.17976244 -0.1950431 0.08371078 -0.08176519 0.005686056 0.022135103 0.09207014 -0.056808196 0.13066502 -0.038143832 0.15401712 -0.069292 -0.20090665 -0.06685665 -0.010936855 0.010373431 0.048960462 0.101064004 0.02892632 0.0016632684 -0.0062101968 0.006587053 -0.058216214 -0.084590934 -0.05314421 -0.015527172 -0.0022514765 0.029613217 0.0070881336 -0.09202226 -0.023983419 -0.07881938 -0.034710616 -0.15208729 0.25304022 0.087777026 0.08967347 0.059944842 -0.0060694143 0.011677079 0.015251388 0.11794851 -0.06999849 0.00083551067 0.078989044 -0.11536697 -0.089877 0.054370087 -0.038349975 0.09400965 0.16105953 0.058603037 0.09720883 0.14287338 -0.075366355 0.03654023 -0.12162444 0.09810138 -0.06025729 0.008037568 -0.095064536 0.09178124 0.2441915 0.3053352 0.033919618 0.23255755 0.08557021 -0.17560636 -0.13119951 0.06445056 0.09875831 0.1782373 0.009531167 0.0026284603 -0.026170867
ÈÕ -0.088322215 0.06379859 -0.02291413 0.062832795 0.019673187 -0.07870718 -0.014388581 0.10866202 -0.053352576 0.06620771 0.02511977 -0.038997363 -0.039288472 0.03110751 0.107778616 -0.092568174 -0.04269785 0.06946437 -0.033878114 -0.042047337 0.01383556 -0.06584363 -0.030169703 0.03303152 -0.064715415 -0.00024193311 -0.003099939 0.019068241 -0.10702352 -0.039524607 0.013261875 0.044163104 0.068143435 -0.02266015 -0.030732403 0.0013611541 -0.03357689 0.009451705 -0.09741238 -0.10944015 -0.07738564 0.0033608014 0.04903774 0.023113757 0.04686939 0.011721322 0.064299926 -0.00063152355 -0.009177046 0.016267253 -0.024115698 -0.04378975 0.006691308 -0.057459917 0.0014575694 -0.067656085 0.076085456 -0.066473 -0.04946655 -0.008127443 0.059390992 0.06503923 -0.04015986 -0.06020172 -0.0702835 0.069143265 -0.09838691 0.15044543 -0.080712564 0.013773866 0.024876975 -0.021537565 0.103433035 -0.035483558 0.016819743 0.05553273 0.042330645 -0.12835474 -0.10996121 0.0011619054 -0.039105304 -0.1219916 0.061678432 0.00091503846 -0.0085625425 -0.028104665 -0.017446952 0.11070087 0.024449285 -0.06722248 0.030396238 0.020423656 0.08379795 0.028513506 0.115394704 0.20613824 -0.014256669 0.013661233 -0.10200587 0.12840775 -0.07261163 0.02219646 0.011197309 0.025980882 -0.08031862 -0.030436814 -0.08601857 0.07309286 -0.026106376 -0.10248922 -0.044704653 -0.06584196 -0.031499065 -0.030766621 0.009065398 -0.016623871 0.04053262 -0.070082955 -0.018706381 0.031909816 0.03129675 0.054307964 0.005011353 -0.08225255 -0.015108741 0.09238733 -0.11103369 0.060287517 -0.048629023 0.004116163 0.017371282 0.052163396 -0.026581272 0.06564188 -0.00974328 0.07567645 -0.04320347 -0.11753827 -0.043504693 -0.0048419656 0.0010783505 0.03605654 0.048206676 0.013844569 0.007050952 0.0019982725 0.0073717576 -0.03419631 -0.033395 -0.028973376 -0.0029627096 0.0005986022 0.007408512 -0.005990137 -0.038702764 -0.009396046 -0.04154691 -0.011061715 -0.08793665 0.1347911 0.03957073 0.05924106 0.031166956 -0.0140042445 -0.003287791 0.025113344 0.05963865 -0.050250176 0.00067192013 0.044439595 -0.06935786 -0.053423516 0.042151336 -0.020313898 0.046528768 0.08832921 0.040587913 0.03902951 0.07371284 -0.037098788 0.00696755 -0.064046584 0.039966848 -0.022037994 0.0013251817 -0.06003371 0.051428527 0.13354766 0.17364547 0.024370713 0.1298489 0.05160624 -0.098352104 -0.07396122 0.03501991 0.05706259 0.09938272 0.01799101 -0.007824094 -0.027315285
¡¿ -0.094031096 0.09195672 -0.033943422 0.085094355 0.020352192 -0.080063984 0.013782046 0.11792634 -0.050484736 0.08710867 0.040546026 -0.043728672 -0.052000187 0.011777168 0.106522955 -0.08880249 -0.0416036 0.08925784 -0.037740532 -0.049510628 -0.0034436956 -0.09286513 -0.043068077 0.033155736 -0.0723828 0.0066674897 -0.006102799 0.020760695 -0.1342485 -0.06562241 0.008151693 0.052302867 0.0859482 -0.02579878 -0.033463474 0.009289781 -0.021828013 0.024796316 -0.12226223 -0.12996683 -0.10950629 0.018068878 0.05665541 0.023037096 0.06946886 -0.0074578654 0.07755727 0.0121953515 -0.00076933403 0.03643722 -0.026911905 -0.033394568 -0.009987349 -0.0739595 -0.008497671 -0.090763286 0.08663522 -0.08653376 -0.049186893 -0.0031187725 0.06784915 0.07197646 -0.052944265 -0.074187584 -0.072113894 0.06943382 -0.12923257 0.19274233 -0.091422826 0.004324006 0.028820721 -0.012273383 0.11628647 -0.02207339 0.037957102 0.053783223 0.04808966 -0.1617534 -0.11112913 -0.010767214 -0.051610216 -0.1538316 0.06444937 -0.010558847 -0.021424757 -0.053614885 -0.021359721 0.11447889 0.021556988 -0.09048801 0.017681941 0.03725982 0.10215745 0.053964783 0.16107531 0.2313522 -0.00534801 0.0342545 -0.12885293 0.13804334 -0.089460514 0.02433731 0.0064729494 0.012837672 -0.0785617 -0.051353674 -0.09154191 0.10572543 -0.02263963 -0.12105139 -0.059800927 -0.09309195 -0.038589682 -0.037032012 0.01826388 -0.0076050195 0.060826287 -0.07063417 -0.015579947 0.022762252 0.01566992 0.0674588 0.021551149 -0.10268318 -0.0054845107 0.120771915 -0.15422533 0.061358634 -0.06733216 0.0038198284 0.013821923 0.064201884 0.00015656797 0.06998984 -0.032700706 0.10382462 -0.055715635 -0.15003066 -0.069165684 0.0067279865 0.0042376877 0.048532862 0.053107776 0.037318137 0.007145532 -0.008119584 0.022009067 -0.04508385 -0.05982168 -0.034459107 -0.002448364 -0.022729412 0.019047031 0.005251126 -0.061746996 -0.018684383 -0.045610145 -0.013488492 -0.09660504 0.15499194 0.061971247 0.055731323 0.049903475 0.012201463 -0.012636124 0.041904822 0.06612407 -0.060332086 -0.008297279 0.06213204 -0.08387747 -0.059261374 0.060592145 -0.03145667 0.06979844 0.10020228 0.033284694 0.05498902 0.07948043 -0.032391462 0.011320394 -0.07202275 0.042188257 -0.035279162 0.010573128 -0.04684251 0.08000501 0.15401718 0.18653254 0.006081451 0.15681443 0.06066459 -0.12931074 -0.08835739 0.060229722 0.06820139 0.120678924 0.015989576 -0.025816603 -0.027478492
µÄ -0.57475334 0.45438394 -0.09533038 0.430007 0.22032355 -0.4690833 -0.07751719 0.6192937 -0.39074814 0.4591631 0.12630424 -0.20981795 -0.31268916 0.1641302 0.7235947 -0.5637166 -0.29217237 0.43084028 -0.17927021 -0.2947341 3.0568e-05 -0.48118797 -0.1756999 0.18340518 -0.43357092 0.06831288 -0.07785858 0.18755053 -0.6814329 -0.21357635 0.1608493 0.29586214 0.38091207 -0.08294098 -0.15472344 -0.018761212 -0.20934103 0.13884164 -0.65474266 -0.6941995 -0.5564981 0.0066721933 0.27204937 0.2619853 0.26884964 0.037055463 0.44676474 -0.015208183 -0.07011508 0.099398814 -0.067046344 -0.23998 0.06962032 -0.36712062 -0.09864991 -0.42641506 0.4371198 -0.43960845 -0.39868867 -0.006673047 0.37263942 0.4503427 -0.27513695 -0.3729043 -0.42719966 0.36948892 -0.59497094 0.9570716 -0.4771858 0.06888635 0.07863595 -0.16240756 0.63109636 -0.22912408 0.0144531485 0.31856883 0.27111578 -0.8116779 -0.6440234 -0.043936945 -0.225465 -0.84103143 0.43341795 -0.071171984 -0.08602119 -0.17105871 -0.13313757 0.7367601 0.16912471 -0.4905592 0.20615149 0.15392795 0.49463034 0.20757033 0.7541684 1.3103011 0.022441978 0.09945639 -0.62308913 0.8233724 -0.5401175 0.20235695 0.020959862 0.19190164 -0.49571002 -0.14077021 -0.5629155 0.47555903 -0.17174286 -0.5908472 -0.34377918 -0.4960705 -0.18840975 -0.26120424 0.03200333 -0.15844415 0.33237103 -0.5247777 -0.15477434 0.14331461 0.16737533 0.37457654 -0.02631108 -0.4446732 -0.09889703 0.68318015 -0.74620885 0.331395 -0.2929898 0.0046362868 0.072370924 0.34065062 -0.20854302 0.51243144 -0.13915238 0.55884314 -0.2440446 -0.74475574 -0.24873365 -0.02381038 0.05050749 0.20752972 0.37633175 0.09676136 -0.0103724785 -0.021420723 0.033968035 -0.22133236 -0.29959112 -0.19782147 -0.067010745 -0.024883542 0.12203009 0.037197176 -0.34162074 -0.0978903 -0.2896167 -0.12687127 -0.5650237 0.9374413 0.33609712 0.33305597 0.22095948 -0.030733887 0.04368519 0.0663729 0.41663375 -0.26066148 0.00290477 0.28781775 -0.43142542 -0.31928298 0.21899836 -0.14773378 0.32392892 0.6055298 0.22673506 0.3623086 0.52062905 -0.28395298 0.11342184 -0.4439705 0.34942684 -0.20937495 0.016181506 -0.3657954 0.33686408 0.9220136 1.1048081 0.1080039 0.864772 0.32620907 -0.66976595 -0.474796 0.2593031 0.36170936 0.6567105 0.06287203 -0.0041311374 -0.09146883
Õ¾ÄÚÐÅ¼þ -0.23070407 0.15483783 -0.038601216 0.16785042 0.10019229 -0.19185282 -0.034323968 0.2265869 -0.12966199 0.155951 0.043459512 -0.078254834 -0.14960615 0.07664864 0.26646844 -0.22580184 -0.12462933 0.1377456 -0.07369428 -0.11504784 0.008634255 -0.19268456 -0.054264005 0.07031953 -0.1533859 0.026296955 -0.027551584 0.08577966 -0.28287587 -0.07563515 0.09425157 0.09619495 0.14347939 -0.03065542 -0.07235899 -0.008065289 -0.067461066 0.04413899 -0.27587435 -0.26785445 -0.23075223 -0.004773134 0.118871585 0.11276643 0.11102382 -0.00025395612 0.1416117 0.013520329 -0.008228819 0.03625271 -0.016611507 -0.07900999 0.03125649 -0.15773857 -0.046271708 -0.14831588 0.17630365 -0.19836663 -0.17511518 -0.002583008 0.13248695 0.19462533 -0.11719118 -0.14576843 -0.18776627 0.16357732 -0.24153054 0.39155203 -0.1727299 0.013803725 0.03390421 -0.04642619 0.2651919 -0.067515455 0.007593539 0.11183892 0.0922864 -0.31193137 -0.2578863 -0.04156245 -0.09775617 -0.306713 0.15438186 -0.018411323 -0.021163715 -0.031894907 -0.049338084 0.2817496 0.034711614 -0.2074 0.11734513 0.06992789 0.20148617 0.08668318 0.2940484 0.5436978 -0.022516213 0.036718298 -0.2226711 0.30261046 -0.20746309 0.07993994 0.017458552 0.068701856 -0.18759242 -0.06519039 -0.18558463 0.18503627 -0.063755095 -0.21026514 -0.14695185 -0.18285349 -0.06389858 -0.118180215 0.026865032 -0.07470053 0.12874383 -0.21030954 -0.057578415 0.033694316 0.094678 0.16735679 -0.0101765515 -0.1795683 -0.0056757205 0.23894134 -0.25693208 0.10808585 -0.11257557 0.011184511 0.019865472 0.1478096 -0.098329484 0.17616491 -0.066420846 0.22636044 -0.09191381 -0.27119917 -0.10628318 -0.042851742 0.026762044 0.0602169 0.15745485 0.03721521 -0.006173592 -0.039538376 0.007591635 -0.07270899 -0.10993198 -0.07457273 -0.01181033 -0.0014236369 0.058824643 0.016265925 -0.1253169 -0.049768504 -0.111800745 -0.03333571 -0.22381465 0.3539294 0.15111828 0.12906699 0.10526163 -0.040402725 0.012967291 -0.0026015702 0.16959208 -0.09587035 -0.01718813 0.103787914 -0.15853053 -0.1305321 0.088980585 -0.053427596 0.11648094 0.22709735 0.09181428 0.14516237 0.16790186 -0.11370021 0.06789805 -0.14485455 0.11846884 -0.08320114 0.016412891 -0.13384928 0.10654187 0.34967685 0.43780088 0.06490908 0.35024154 0.14495292 -0.22803259 -0.19107288 0.10052716 0.14237301 0.26066223 -0.008651214 0.018157763 -0.062141318
Õý -0.076900765 0.0643907 -0.036001522 0.06389456 0.020735396 -0.0759418 0.012879064 0.09447716 -0.036205437 0.077468395 0.041615624 -0.021139018 -0.05303573 -0.0024779672 0.08496898 -0.077829264 -0.0271475 0.071075745 -0.033354722 -0.03540849 -0.0059812176 -0.077860594 -0.027384087 0.012259135 -0.05330127 -0.003634075 0.0005995814 0.016253578 -0.10734198 -0.060527027 0.020496301 0.03866742 0.06955059 -0.014044475 -0.015477445 -0.002893942 -0.02886727 0.007532369 -0.087954365 -0.11937618 -0.07975078 0.008813569 0.052318282 0.011401031 0.057082377 0.0003888596 0.05046705 0.016462341 -0.0053003635 0.032007888 -0.02394631 -0.026348116 -0.006469164 -0.047808897 -0.01668771 -0.060904134 0.08244416 -0.07095263 -0.039977852 0.007197282 0.063713096 0.059210375 -0.03593063 -0.060202315 -0.057501137 0.07195593 -0.11882606 0.15646103 -0.08497053 0.004133824 0.0112346625 -0.0057191225 0.09675172 -0.024385108 0.0375617 0.033810742 0.037483443 -0.13849922 -0.10224525 -0.01748493 -0.04697861 -0.11782258 0.045558307 0.0027077561 -0.024989575 -0.043909404 -0.016962145 0.0814677 0.009416335 -0.08734658 0.008668743 0.025152063 0.079701215 0.04401857 0.12943943 0.18075861 -0.015478075 0.022730188 -0.11737387 0.108594514 -0.07512602 0.015020162 -0.0066321203 0.001812442 -0.05717851 -0.052490212 -0.08573511 0.09544025 -0.010331123 -0.10663152 -0.038593873 -0.08259891 -0.027350139 -0.016588375 0.015081291 0.0033500392 0.0470016 -0.05596497 -0.005664624 0.01566167 0.011713018 0.04229105 0.013461056 -0.09015067 -0.009418333 0.08354178 -0.12494746 0.05328743 -0.043617185 -0.0068669585 0.012443905 0.055935726 0.006864015 0.061640274 -0.019266095 0.07814058 -0.042026155 -0.12730868 -0.060661048 0.008074393 0.0016956237 0.0513122 0.034071904 0.028863963 0.0026014904 -0.0077890423 0.011608635 -0.024263911 -0.055957302 -0.032417245 0.0015570397 -0.017391367 0.017945604 0.007857053 -0.034976885 -0.0080419965 -0.026233973 -0.022592617 -0.0708045 0.13543195 0.041335773 0.039703302 0.046007965 0.013768435 -0.021530142 0.036053594 0.058466867 -0.04988159 0.0056478563 0.04606949 -0.055078395 -0.065570906 0.055211615 -0.012710051 0.05019775 0.06741625 0.041651364 0.028408192 0.063424796 -0.032388084 -0.0021192948 -0.0504228 0.043950938 -0.0244535 0.020498969 -0.029164188 0.068726555 0.13356864 0.16495484 0.017481035 0.13465364 0.05426111 -0.11849759 -0.06340091 0.054570086 0.06596402 0.08326322 0.007066063 -0.017206775 -0.02046687
ÎÄ -0.09352428 0.07186133 -0.019271648 0.08317621 0.0155037055 -0.071071714 0.012934568 0.09848956 -0.045701668 0.062188882 0.03380934 -0.027235936 -0.043015335 0.0018019746 0.08700095 -0.077556945 -0.031935096 0.06385552 -0.027480844 -0.03983719 -0.007861966 -0.063266814 -0.036566842 0.021198718 -0.044665635 0.0034885802 -0.012305301 0.023891227 -0.11717434 -0.060992 0.004997894 0.05053742 0.060279153 -0.012972091 -0.03129363 0.006151518 -0.02947038 0.0074920505 -0.090601616 -0.12617826 -0.08715992 0.008897761 0.039468136 0.013329453 0.0632008 -0.004501185 0.06674626 0.0010175788 -0.002359865 0.02515361 -0.029521683 -0.033414904 -0.014636208 -0.06261382 -0.011072277 -0.07474576 0.071023144 -0.084750995 -0.043051675 0.00090893504 0.066014096 0.06730025 -0.032840982 -0.06832075 -0.07426511 0.06514482 -0.12171103 0.16810285 -0.070666924 0.007886901 0.026825594 -0.0015432074 0.104979075 -0.020846473 0.037047885 0.045207746 0.030108145 -0.14696008 -0.104479514 -0.01294169 -0.031557295 -0.13856302 0.053530995 0.007734855 -0.022026591 -0.04956697 -0.015037192 0.087845005 0.01029918 -0.08579221 0.019751517 0.03631195 0.088092566 0.051914193 0.1417383 0.20235854 -0.017205242 0.029655822 -0.11990038 0.1153404 -0.06971349 0.03206012 -0.0048578265 0.00557289 -0.05612383 -0.047969677 -0.08844338 0.09812753 -0.012934969 -0.09958547 -0.05027538 -0.070117 -0.022135265 -0.021113245 0.025931334 -0.0123633435 0.052000012 -0.0664232 -0.007187327 0.03167536 0.024874354 0.05625759 0.021716055 -0.07969108 -0.008350105 0.08765359 -0.13215855 0.064236425 -0.056970224 0.0036853815 0.020521559 0.046496112 0.0019972925 0.06681863 -0.017735895 0.09615778 -0.041509382 -0.12020244 -0.061433483 0.017798876 -0.00565346 0.05177957 0.048575487 0.027094934 -0.008250735 0.008225701 0.011119598 -0.025941968 -0.051195953 -0.035571586 -0.0010575677 -0.02601327 0.010408229 -0.0059958077 -0.03956024 -0.010809793 -0.03423413 -0.009018373 -0.082611375 0.13064478 0.05134249 0.042386208 0.042103887 0.015515326 -0.010233088 0.037758164 0.06453495 -0.055178214 -0.0062188087 0.060935512 -0.064650975 -0.059238806 0.051563688 -0.026409898 0.05737672 0.076106004 0.038988825 0.037733722 0.07465174 -0.03185186 -0.0013586924 -0.063657835 0.033067435 -0.026532825 0.013006385 -0.038877375 0.064666435 0.1329999 0.16956152 0.010816958 0.14028905 0.049223337 -0.11689248 -0.07926638 0.038276985 0.051464528 0.09973469 0.014098416 -0.023114767 -0.033268534
×÷ -0.09350221 0.074339606 -0.025650475 0.07305448 0.03429058 -0.0698237 -0.014938956 0.10297776 -0.06598748 0.08010851 0.018130427 -0.03410856 -0.042985596 0.023118237 0.11324868 -0.09047145 -0.036655143 0.057968576 -0.025743494 -0.048136227 -0.0017686808 -0.07283813 -0.025364373 0.02717569 -0.06634776 -0.0009790225 -0.01670039 0.021789191 -0.117256664 -0.04356861 0.030417299 0.043277327 0.057496987 -0.022755457 -0.019916141 -0.006535567 -0.032946967 0.013370611 -0.09569293 -0.11756366 -0.09462767 0.011265916 0.034582157 0.03785174 0.043671153 0.01514697 0.06975243 0.004312066 -0.008480226 0.020427609 -0.011560864 -0.04055959 0.009995754 -0.050603546 -0.0013665734 -0.06889404 0.06870824 -0.064079136 -0.0669256 -0.0002551144 0.05171511 0.07203656 -0.052479327 -0.057343863 -0.055898692 0.05846041 -0.10613991 0.14263399 -0.07385917 0.0042152735 0.019389195 -0.021868858 0.10677726 -0.03711647 0.0028359776 0.041698176 0.04387292 -0.13315786 -0.096957006 -0.012202599 -0.04257571 -0.12703563 0.06010081 -0.015068828 -0.021622056 -0.031276416 -0.018856788 0.11296182 0.02944721 -0.06932735 0.03686669 0.025087325 0.07411077 0.040854108 0.12078656 0.20632805 -0.002529299 0.023133602 -0.09523142 0.1201088 -0.08603468 0.03031684 0.0073993956 0.018891599 -0.06843857 -0.024831599 -0.08703909 0.07565774 -0.033237986 -0.090779215 -0.06111379 -0.08561083 -0.026765913 -0.044538945 0.006157061 -0.019437453 0.046852536 -0.080714196 -0.019311795 0.024623157 0.02878012 0.051364336 0.006819601 -0.08470476 -0.007749645 0.09686239 -0.118931174 0.046099093 -0.04736559 -0.0051614135 0.010655596 0.062260207 -0.02604855 0.07737336 -0.02628888 0.09078807 -0.046013247 -0.11785824 -0.043445177 -0.0068824557 0.012954064 0.030496525 0.056194946 0.020263398 -0.006293396 -0.0035839807 0.0032833545 -0.043232664 -0.05456167 -0.028286582 -0.0029618132 -0.008660542 0.014814497 0.007183996 -0.04970185 -0.02143971 -0.033058148 -0.00992862 -0.09252135 0.14716162 0.055049337 0.051114745 0.033881772 -0.009029082 0.008861574 0.024862433 0.06674031 -0.04840758 2.9510731e-05 0.04188915 -0.07855663 -0.045062993 0.036932714 -0.022766307 0.058402695 0.081138216 0.041429307 0.04482644 0.078334875 -0.03823016 0.01256144 -0.06943881 0.044763274 -0.034969427 0.0015469125 -0.060628336 0.06278894 0.14875889 0.17115103 0.015556159 0.1281665 0.05872144 -0.111027494 -0.06995468 0.05024465 0.06318976 0.09978512 0.013800996 0.0030391158 -0.020771697
°æ -0.1484106 0.12488311 -0.017532272 0.11603092 0.04929819 -0.13640453 -0.021867188 0.16708648 -0.1038498 0.108787425 0.019950286 -0.055121556 -0.06457397 0.04462735 0.18591502 -0.14030142 -0.07411922 0.10854516 -0.05017061 -0.09034752 0.012178117 -0.1393059 -0.035635166 0.049411625 -0.11662239 0.000523857 -0.01828079 0.054210156 -0.1973713 -0.078984566 0.03905671 0.087837346 0.11652031 -0.020010505 -0.04028431 -0.010818884 -0.04966468 0.03414226 -0.17727686 -0.18878102 -0.14427404 0.02226217 0.05778396 0.057966694 0.07189557 0.016009953 0.11706425 0.009594379 -0.030607518 0.036020767 -0.015361362 -0.075854905 -0.0057753585 -0.1049172 -0.013638687 -0.106993824 0.10565545 -0.11957549 -0.11394152 -0.014119461 0.0958802 0.11932287 -0.073863536 -0.09329187 -0.10264819 0.09997467 -0.16579203 0.25513548 -0.13064758 0.01802764 0.012154351 -0.029466461 0.17015164 -0.049356785 0.023478456 0.08199991 0.06133177 -0.23236339 -0.19143982 -0.02185349 -0.0581984 -0.22347236 0.09731304 -0.0034178796 -0.040330127 -0.038781278 -0.028567938 0.17728965 0.040258165 -0.13730222 0.06627398 0.04155974 0.12746905 0.07772702 0.20256412 0.35687473 -0.011402709 0.03823065 -0.17912139 0.20849577 -0.13996379 0.05303899 0.011331528 0.05052002 -0.13590987 -0.05849074 -0.15001428 0.14044839 -0.042644795 -0.16972438 -0.09669051 -0.1272002 -0.06247389 -0.063986585 0.020265322 -0.038944528 0.07264699 -0.1374159 -0.04345935 0.0468389 0.05029454 0.088526 0.025184104 -0.14439267 -0.028732661 0.16974269 -0.21905634 0.06969167 -0.06920384 -0.0027813744 0.01480785 0.10707629 -0.056375027 0.12204104 -0.03228845 0.13202322 -0.0791004 -0.19507082 -0.07599742 -0.005327722 0.011352517 0.053442266 0.10671477 0.02121176 0.00984327 0.002019979 0.0043679266 -0.06474259 -0.07302727 -0.045975495 -0.0037767454 -0.022960717 0.028701311 0.0050321915 -0.08323409 -0.03831231 -0.05868796 -0.029928917 -0.1374786 0.2588404 0.09431199 0.08663282 0.075450204 -0.022985803 0.009551725 0.029585876 0.11145193 -0.06777142 -0.003306456 0.08248455 -0.11834472 -0.09915812 0.067516215 -0.041934956 0.080467924 0.15569322 0.069579996 0.08719219 0.14596465 -0.073534876 0.03616679 -0.10311013 0.0704112 -0.06818008 0.010996338 -0.10251124 0.10148121 0.24763882 0.28945532 0.040491574 0.22613858 0.07435342 -0.19004646 -0.14069459 0.07964779 0.09841683 0.16751309 0.01423562 -0.006480791 -0.03664531
ÆÚ -0.07435828 0.052400764 -0.024737922 0.06296926 0.016307494 -0.07357854 -0.0018949007 0.096482 -0.0601581 0.071371995 0.029278785 -0.02479084 -0.046193857 0.03125882 0.088106036 -0.082129546 -0.034831308 0.051217586 -0.038920257 -0.039381634 0.01038986 -0.069105506 -0.025154939 0.028487675 -0.055201788 -0.0026445088 -0.0025548867 0.02251398 -0.09474572 -0.032086264 0.029834412 0.04936427 0.064432 -0.021647407 -0.021142475 -0.003517348 -0.027319655 0.023318145 -0.085447006 -0.10685028 -0.06878516 0.003572591 0.039127592 0.036171664 0.033857185 0.0064931177 0.06029185 0.0082908785 -0.0048552128 0.014993262 -0.020664824 -0.038648807 0.012356183 -0.060864028 -0.000638568 -0.060209878 0.06205899 -0.05418946 -0.04441808 0.00792215 0.05906182 0.052290488 -0.03237812 -0.06350857 -0.06711957 0.0457368 -0.08618877 0.14204998 -0.07314341 0.0046473383 0.011308471 -0.022189792 0.08890326 -0.025368538 0.012955519 0.039162066 0.034290563 -0.119183645 -0.09572438 -0.0047096573 -0.024758484 -0.10609672 0.049244795 -0.012386963 -0.023620896 -0.030182393 -0.014592225 0.090718836 0.02058853 -0.05918763 0.032558035 0.022929037 0.08093718 0.03587324 0.108257756 0.17534252 -0.002960286 0.022419084 -0.0826027 0.10753934 -0.06334458 0.029670296 0.010131119 0.01948927 -0.06124504 -0.026359111 -0.0865982 0.07531953 -0.031977557 -0.093534075 -0.04592405 -0.059998047 -0.027799264 -0.025420535 0.013729974 -0.011126945 0.038524527 -0.06312835 -0.028004052 0.015439279 0.028043492 0.040289555 0.008211596 -0.07179981 -0.010871664 0.08246576 -0.11341179 0.043823294 -0.033162326 0.0073328963 0.002413326 0.04231375 -0.020221017 0.057912555 -0.01196083 0.082331315 -0.04321883 -0.09450823 -0.027898896 -0.004897442 0.009469373 0.02393692 0.05503122 0.022624604 0.0034863208 -0.011783871 0.009457058 -0.03309958 -0.04263618 -0.02080098 -0.005037914 -0.0031955007 0.01013689 0.008735562 -0.048499126 -0.012724094 -0.028723346 -0.011598687 -0.06991238 0.12585102 0.049154002 0.054742377 0.02851331 0.00026580325 -0.0071185613 0.024137305 0.06238926 -0.033517912 0.004807947 0.04706007 -0.06392768 -0.05267736 0.03183746 -0.018565143 0.043211214 0.06917632 0.026023539 0.05228932 0.0821516 -0.033630967 0.009069195 -0.05796458 0.0361962 -0.022441108 0.0045820186 -0.042524647 0.04323095 0.12151335 0.1563007 0.018597793 0.11186127 0.03853647 -0.09101379 -0.074825734 0.042256463 0.0558023 0.08590403 0.001583713 -0.010775039 -0.017907888
Ìâ -0.029695407 0.026364356 -0.015901925 0.035666216 0.0069446764 -0.029795554 0.0021418429 0.044825714 -0.030858578 0.03217917 0.004049046 -0.017599259 -0.01293246 0.005827097 0.040361606 -0.039755307 -0.013576187 0.0303065 -0.01517448 -0.019573333 0.008535626 -0.026155805 -0.005011504 0.011224397 -0.023367926 0.0022602757 -0.0052119163 0.015731918 -0.04253429 -0.017896183 0.009191759 0.014145762 0.0317903 -0.010709822 -0.008592228 -0.0022161826 -0.016311206 0.0045156106 -0.039084762 -0.052558888 -0.040416945 -0.0003877489 0.023711264 0.019031443 0.017390134 0.008114374 0.020496588 -0.0035399902 -0.007529778 0.0025548702 -0.0020657626 -0.02385818 -0.004460387 -0.032643788 0.0020386772 -0.029144645 0.030368086 -0.032490753 -0.023827838 0.00035246887 0.023322452 0.024592549 -0.019698981 -0.023186898 -0.035198182 0.028014516 -0.042709693 0.07174463 -0.03352897 0.0067105293 0.0024777174 -0.01470343 0.04707144 -0.011729312 0.0042505125 0.016506547 0.022006953 -0.060184564 -0.049223725 -0.0037345595 -0.017130772 -0.04705112 0.023899706 -0.0058921385 -0.009668785 -0.019572651 -0.013387813 0.040208533 0.0034402004 -0.035326343 0.014892346 0.006578452 0.035956126 0.019286 0.05752055 0.08226599 0.0013710351 0.012486962 -0.04482568 0.04792814 -0.034083854 0.008193719 0.007397464 0.017234772 -0.027484376 -0.016983822 -0.032026883 0.0353599 -0.0066393423 -0.048699636 -0.021889482 -0.03601143 -0.01749721 -0.013264858 0.012601825 -0.0025315185 0.016666207 -0.030584048 -0.012314652 0.016473537 0.0045905085 0.02991467 -0.0042479867 -0.03779908 -0.0058349115 0.041135814 -0.056546684 0.020328412 -0.0188421 -0.0018577945 0.0075174947 0.02351791 -0.0037387172 0.035189252 -0.014051487 0.039809253 -0.013927947 -0.046184972 -0.015011852 -0.0050281263 0.006244927 0.01695724 0.024052469 0.0058459057 0.0020812792 0.001506414 -0.0043206103 -0.010029977 -0.016761646 -0.011630605 -0.0073686806 -0.004274499 0.009741711 0.0029464047 -0.023151994 -3.1937394e-05 -0.015918983 -0.011621229 -0.02709359 0.06286464 0.023557434 0.027169019 0.009993989 -0.0060096257 -0.001918536 0.007259993 0.024481082 -0.018814124 -0.007864654 0.020940254 -0.028331779 -0.022338463 0.02078809 -0.009860139 0.023794513 0.035026904 0.022581343 0.019995995 0.034853604 -0.021043653 0.009006733 -0.025419762 0.019174391 -0.0053239856 -0.0016709213 -0.016923275 0.023275586 0.05535946 0.06824106 0.000757418 0.053891316 0.022982225 -0.042894885 -0.023240572 0.010738137 0.028998662 0.03451195 0.007515383 0.003773808 -0.008517324
ºÅ -0.15992607 0.115858264 -0.02121122 0.118233316 0.04392977 -0.1313135 -0.013855581 0.17873694 -0.09819853 0.113523565 0.016697098 -0.05155567 -0.07208847 0.0313413 0.18403597 -0.14606775 -0.07355709 0.10741494 -0.052816372 -0.08367775 0.007346284 -0.13560712 -0.04151174 0.05573694 -0.11760695 -0.005647952 -0.006818682 0.040011372 -0.19768962 -0.07309354 0.02869866 0.086916395 0.12057332 -0.022337412 -0.032685358 -0.0076631405 -0.05655401 0.02383014 -0.18112858 -0.1857008 -0.14518243 0.019405436 0.059854265 0.06018851 0.08166313 0.015843404 0.11865236 0.005368869 -0.015828578 0.024731386 -0.005428839 -0.07899217 0.0031916 -0.09756262 -0.032191362 -0.1080566 0.111510865 -0.13229755 -0.10805921 -0.0042453757 0.09226318 0.13015844 -0.08180941 -0.104442924 -0.1073564 0.110453665 -0.17718165 0.26211634 -0.13951802 0.009802272 0.021766577 -0.02486247 0.17955965 -0.06277082 0.028610978 0.07343958 0.073527135 -0.236057 -0.1973246 -0.019323625 -0.07470224 -0.22741206 0.107138805 -0.0117241 -0.04138673 -0.04443061 -0.041551936 0.18967429 0.045974642 -0.13899848 0.07049915 0.045031335 0.14239241 0.07443996 0.21777192 0.36145863 -0.0044778287 0.034859546 -0.18818955 0.22901164 -0.14672689 0.061701607 0.013421643 0.055791724 -0.13753408 -0.06294642 -0.15067585 0.13806167 -0.05629655 -0.1744947 -0.09709976 -0.13924055 -0.053421065 -0.06787577 0.019244917 -0.044206344 0.07586435 -0.13140671 -0.030335058 0.045492787 0.054726027 0.08635979 0.020339986 -0.14381196 -0.036407623 0.18463416 -0.21737455 0.074351795 -0.07806976 0.0054596774 0.019728916 0.10673883 -0.055118196 0.13198133 -0.034580253 0.13005584 -0.074369185 -0.1900355 -0.067596026 -0.012618455 0.02117785 0.06221342 0.11197974 0.025683386 -0.0055601937 -0.009076331 0.008229862 -0.07188392 -0.06886242 -0.06151516 -0.018141892 -0.024334546 0.034382872 0.0025778215 -0.07853826 -0.04213729 -0.05804691 -0.018282186 -0.14372545 0.272357 0.09837952 0.09339045 0.07428982 -0.013388638 0.0032613024 0.03552806 0.113098614 -0.07835137 -0.0073907548 0.08171365 -0.12935197 -0.09389701 0.07741921 -0.04470495 0.09447064 0.16176784 0.06532578 0.092630744 0.14485502 -0.079759106 0.041737236 -0.10420314 0.079739876 -0.07087987 -0.00082451606 -0.109046794 0.09749698 0.2536459 0.31092602 0.034568265 0.22945753 0.08551169 -0.19397825 -0.14433858 0.082918435 0.08792118 0.17546709 0.011042077 0.0043908036 -0.035156816
Õß -0.06502425 0.05844358 -0.021110011 0.055020984 0.025867824 -0.068213835 0.0005841738 0.09307479 -0.04615142 0.053177726 0.013090166 -0.027647754 -0.040438626 0.013356656 0.09928755 -0.0674633 -0.039283477 0.058401454 -0.02118763 -0.036587354 0.010703724 -0.062275074 -0.026662046 0.022662316 -0.0618629 0.013543447 -0.01752833 0.021157963 -0.09356939 -0.030315459 0.023248268 0.029355463 0.050706584 -0.0136311455 -0.016803296 0.0013959889 -0.02853308 0.012411021 -0.0921139 -0.089056864 -0.078685425 0.0059937094 0.033734012 0.021682985 0.043446228 0.0054500224 0.044203456 -0.008424097 -0.008333991 0.0055946144 -0.007845171 -0.029301338 0.009065076 -0.05435648 -0.0014646094 -0.065320015 0.067175165 -0.059621565 -0.049897987 0.0033019742 0.04602894 0.053112254 -0.038794845 -0.056161724 -0.056587778 0.045779824 -0.07847758 0.11868259 -0.069266915 -0.002337781 0.0035292795 -0.017533476 0.07689482 -0.03366279 0.011518386 0.03590035 0.038011372 -0.10254145 -0.098041855 -0.0015189457 -0.039239284 -0.100830585 0.060018063 0.00067270244 -0.020338928 -0.021826902 -0.02424319 0.08796871 0.013649031 -0.073497586 0.03224422 0.024908807 0.06428541 0.021047007 0.10646141 0.16656756 -0.010115525 0.01207073 -0.086025 0.11453973 -0.07500399 0.030861668 0.011672714 0.01703626 -0.06385027 -0.027763845 -0.069566205 0.06435394 -0.025647227 -0.092289306 -0.038664874 -0.074302204 -0.032879803 -0.029234722 0.01184532 -0.014339093 0.041494146 -0.060562946 -0.016670585 0.027316391 0.018855773 0.0406248 -0.0055128355 -0.05721374 -0.010599565 0.07795744 -0.09466479 0.051577087 -0.031273484 -0.0058747814 0.00647885 0.042995974 -0.028128501 0.06705005 -0.011803633 0.06563925 -0.025226004 -0.10295553 -0.02882682 -0.006884791 0.009843091 0.025827473 0.049392395 0.02191764 -0.00066952925 -0.008204204 -0.004955623 -0.024713464 -0.032770187 -0.01940594 -0.011524906 -0.014976651 0.02278597 -0.0014582617 -0.037765846 -0.00454463 -0.03742145 -0.012896327 -0.074710615 0.11593145 0.037177496 0.045074485 0.022684198 -0.00556055 -0.0008013966 0.021564124 0.055314988 -0.031163156 0.0049024858 0.035648644 -0.06261787 -0.034604125 0.03887824 -0.027566409 0.048425328 0.08263204 0.03970014 0.03468202 0.06638184 -0.034658894 0.016794434 -0.056367 0.035334624 -0.017709265 0.010119031 -0.04724434 0.039613504 0.113665454 0.13957724 0.020160226 0.1117205 0.040655524 -0.0982006 -0.064625174 0.040821504 0.05483998 0.08835533 0.0035634704 0.008312281 -0.015479839
, -0.34727967 0.23626497 -0.060891684 0.28224126 0.1618195 -0.2875242 -0.04605783 0.3552469 -0.21254104 0.22767992 0.08320415 -0.12697142 -0.23250644 0.12490054 0.39832202 -0.3404794 -0.16875495 0.22083999 -0.13299818 -0.18217136 0.00061257026 -0.3126362 -0.08472704 0.10800851 -0.2506417 0.02118284 -0.055767115 0.124788806 -0.42156008 -0.115486205 0.13173772 0.14309126 0.22679351 -0.042873666 -0.1159552 -0.016636493 -0.09547431 0.04689194 -0.4281827 -0.40686005 -0.3546224 -0.02159762 0.20446765 0.18581665 0.17528099 0.00548476 0.21234627 0.021978803 -0.010167074 0.052137546 -0.025587367 -0.11987131 0.049925163 -0.25916183 -0.09066186 -0.2340462 0.28358877 -0.30684993 -0.27299243 0.011863821 0.2142804 0.30502096 -0.17888978 -0.21408178 -0.28587902 0.2509624 -0.36488545 0.60390335 -0.2700904 0.00021436512 0.06426752 -0.083391 0.40567645 -0.09629222 0.011160563 0.1781204 0.13739942 -0.4766614 -0.4090523 -0.07201236 -0.13343422 -0.47146526 0.24382256 -0.03614073 -0.036322977 -0.019754624 -0.07210565 0.41384324 0.05428225 -0.30927008 0.18457264 0.10766601 0.2980569 0.14513066 0.45881462 0.82788026 -0.049306966 0.06402843 -0.32733828 0.47343078 -0.30184847 0.10170026 0.042443525 0.11935922 -0.3009712 -0.08812823 -0.27805394 0.274237 -0.10252717 -0.3080376 -0.23061584 -0.27695128 -0.11056115 -0.20352599 0.04932331 -0.106429115 0.18757296 -0.3289756 -0.082801424 0.055052284 0.15897326 0.26716307 -0.0060013575 -0.2680035 -0.01587782 0.3651774 -0.4003079 0.16071185 -0.16538027 0.021660509 0.017625967 0.2224056 -0.14363961 0.2679504 -0.09990388 0.33454123 -0.13178109 -0.42000818 -0.16592504 -0.062905416 0.044916876 0.0791026 0.24577162 0.0763486 0.0067615192 -0.054949906 0.002381028 -0.10587418 -0.17810857 -0.11911753 -0.031969994 -0.006961426 0.096585706 0.0155493 -0.17580624 -0.07630304 -0.18759182 -0.031754386 -0.33350626 0.5382964 0.2232289 0.20651872 0.1588372 -0.058350857 0.022985557 0.0022652196 0.2841402 -0.1266084 -0.030551126 0.1570893 -0.26232636 -0.20360798 0.13742796 -0.09664254 0.17402904 0.34673682 0.142416 0.2202706 0.25737047 -0.17805822 0.09913657 -0.21853796 0.18168154 -0.10300055 0.02592917 -0.2058511 0.16336745 0.5185005 0.67634016 0.09212255 0.52696174 0.2217535 -0.34780705 -0.2814162 0.16114782 0.22160321 0.40832275 -0.013360276 0.015596247 -0.09493332
ÈÕÔÂ¹â»ªÕ¾ -0.36571145 0.24356179 -0.055992752 0.29513672 0.1625283 -0.30726048 -0.05487726 0.37484854 -0.22091821 0.24860679 0.08846604 -0.13439733 -0.23550195 0.13400441 0.42223874 -0.35063088 -0.1830774 0.22431186 -0.12887064 -0.19790184 0.006124493 -0.31838632 -0.09562087 0.12181576 -0.2678988 0.030777039 -0.05035678 0.13635665 -0.4470626 -0.1183863 0.14551842 0.15510285 0.24290887 -0.040091533 -0.11961524 -0.010198932 -0.106209956 0.04741435 -0.45324817 -0.43299752 -0.37121513 -0.027013972 0.21102211 0.19665399 0.18606405 0.01028828 0.22705308 0.02083189 -0.018973608 0.051839445 -0.027305435 -0.120697856 0.04673584 -0.26901245 -0.083833024 -0.24785496 0.3000235 -0.3286384 -0.28033626 0.008393177 0.22242352 0.3177866 -0.19112547 -0.22780037 -0.30573022 0.27165803 -0.3771594 0.63291126 -0.28481892 0.008773843 0.06315877 -0.09316713 0.4192796 -0.103140585 0.017682321 0.19529468 0.14652124 -0.49743456 -0.43077347 -0.07522908 -0.13794504 -0.49101222 0.2529236 -0.035445392 -0.033418734 -0.02280377 -0.07953068 0.4406546 0.05855433 -0.33134562 0.19068938 0.10644854 0.30503744 0.15255286 0.4751402 0.87432885 -0.05139588 0.067479484 -0.3487531 0.5051012 -0.31277138 0.11245754 0.037129045 0.12063894 -0.3244583 -0.09429388 -0.29525578 0.2868867 -0.10161923 -0.31993693 -0.24477696 -0.28460282 -0.119659506 -0.21106486 0.045673933 -0.11232905 0.19874983 -0.34356925 -0.089347556 0.06126773 0.16959603 0.28186923 -0.0051378873 -0.2877565 -0.012945519 0.38928726 -0.4249575 0.16929454 -0.16903695 0.030362288 0.02497765 0.24126972 -0.14836296 0.28913933 -0.09575101 0.35632858 -0.13197565 -0.43906757 -0.1789541 -0.064399764 0.036234964 0.08541852 0.24849623 0.07676446 0.00604745 -0.06382459 0.008553948 -0.10636821 -0.1805433 -0.12654532 -0.03021431 -0.008454455 0.10296499 0.017740747 -0.19733277 -0.07249204 -0.19381118 -0.040882856 -0.34301278 0.56564695 0.24096979 0.21545617 0.16991156 -0.05559304 0.03259522 0.007053536 0.29409498 -0.13367753 -0.037429236 0.16528627 -0.27832562 -0.21063617 0.14229456 -0.09775003 0.17606825 0.36610356 0.15109359 0.22865969 0.26900458 -0.17766702 0.10514369 -0.24133095 0.1910837 -0.11624651 0.030485945 -0.22704658 0.17969817 0.5417448 0.7046851 0.10589321 0.55739826 0.23709263 -0.36933285 -0.3060428 0.16756803 0.22796457 0.43609494 -0.0068181483 0.018113693 -0.096032605
À´Ô´:¡¤ÈÕÔÂ¹â»ªÕ¾ -0.10784516 0.09309876 -0.033237923 0.10273669 0.059662893 -0.12091638 -0.016626097 0.13561046 -0.08634141 0.086924925 0.009332085 -0.06349969 -0.060014654 0.048365396 0.14450338 -0.11536382 -0.05696707 0.08886268 -0.03653127 -0.08501427 0.005127358 -0.091725826 -0.04552698 0.053663373 -0.105746254 0.0073194993 -0.025785321 0.03901782 -0.13777353 -0.04633257 0.04832555 0.075488515 0.07950372 -0.0007698917 -0.05527122 -3.4099205e-05 -0.041415706 0.039561782 -0.15316832 -0.160102 -0.116171174 0.012515658 0.050761767 0.07304375 0.058032513 0.018381035 0.09021212 -0.043140873 -0.031296197 0.04337887 -0.014857527 -0.029558439 0.039076302 -0.11409086 -0.041994225 -0.10946554 0.10033319 -0.09719251 -0.101391055 0.0015297912 0.08231317 0.10395939 -0.07040611 -0.10248216 -0.09772411 0.080371745 -0.12959978 0.20093772 -0.10124906 0.0012073753 0.002216553 -0.04845736 0.13416743 -0.040044192 0.010441766 0.06093081 0.060864557 -0.15770058 -0.15921657 -0.021768538 -0.039921094 -0.17637393 0.08427391 -0.020794624 -0.016340585 -0.029428562 -0.0003339784 0.14835313 0.021016534 -0.10757417 0.040704884 0.03263097 0.106750935 0.05261659 0.16602352 0.27807847 0.007620314 0.012841926 -0.13535117 0.1940402 -0.11987366 0.05090599 0.0013577611 0.045738 -0.11263661 -0.031428397 -0.14266859 0.08550032 -0.043454535 -0.13751133 -0.06427405 -0.11311075 -0.05150868 -0.06828651 -0.0009851049 -0.05619204 0.073221214 -0.13773559 -0.034365594 0.011141194 0.017159835 0.08644669 -0.008981227 -0.090108775 -0.012690929 0.1567027 -0.15100002 0.07732135 -0.06501599 -0.008939826 0.006054759 0.07218859 -0.03248566 0.110887095 -0.016492566 0.099817395 -0.056266535 -0.16850662 -0.042256042 -0.007377532 0.007035967 0.0264381 0.09002056 0.00637115 -0.0020995513 0.0015236511 -0.001070648 -0.041916497 -0.065242946 -0.024422128 -0.019489838 0.0026435708 0.0075819907 0.032389242 -0.07112433 -0.032478243 -0.0630383 -0.038267463 -0.11564056 0.19521526 0.08317353 0.082343176 0.034699563 0.004356055 0.0031574196 -0.00239867 0.11868949 -0.03911458 -0.015122262 0.082935885 -0.0839908 -0.07902212 0.04821445 -0.020938084 0.056295555 0.12537035 0.038271688 0.08243102 0.104095325 -0.03833162 0.0062906668 -0.091323875 0.08127181 -0.03448436 -0.018650524 -0.09428452 0.059198685 0.20182481 0.23144397 0.037603967 0.19255607 0.061657913 -0.1560232 -0.07294419 0.032620065 0.09157312 0.14744613 0.021675402 -0.050426207 0.0013679151
À´Ô´:¡¤ÈÕÔÂ¹â»ª -0.15118115 0.121238925 -0.050731055 0.14566399 0.07490598 -0.1557895 -0.02767425 0.18456532 -0.12052334 0.11468983 0.02221237 -0.08468419 -0.080238685 0.0633584 0.20846236 -0.15615903 -0.0698023 0.12765332 -0.053807657 -0.09686771 0.0050725588 -0.13351026 -0.06648337 0.06961843 -0.13042566 0.011224681 -0.03630365 0.051992584 -0.20154917 -0.05632456 0.049131896 0.0956337 0.10029047 -0.017640978 -0.07063548 0.007134243 -0.06871214 0.04040225 -0.21202588 -0.21115941 -0.16575487 0.013320002 0.07477546 0.08567022 0.07034426 0.020664655 0.12516202 -0.045520697 -0.037708074 0.05373946 -0.009672339 -0.056857925 0.044108395 -0.14348187 -0.048429985 -0.14399847 0.13610636 -0.1298531 -0.12828696 0.011189825 0.11478999 0.12684037 -0.0892294 -0.13428259 -0.13314669 0.1212261 -0.18678111 0.27248216 -0.12900265 0.005310603 0.011301678 -0.067567505 0.17290935 -0.06217495 0.017469529 0.078803584 0.075582355 -0.21474655 -0.2031384 -0.031013578 -0.06222954 -0.23603219 0.118651405 -0.027437994 -0.03005055 -0.035584237 -0.013742282 0.20185883 0.043926593 -0.14507973 0.062882416 0.039736964 0.13797037 0.07647446 0.21278761 0.3799772 0.008382361 0.012299547 -0.18202378 0.25041622 -0.16963026 0.058223154 0.011793832 0.07444567 -0.15314412 -0.04255231 -0.18783164 0.12105862 -0.047232725 -0.18562618 -0.09307526 -0.15699561 -0.06380464 -0.084346056 -0.0017303536 -0.06436035 0.09613683 -0.18532486 -0.05675097 0.029798292 0.02338759 0.11435939 -0.0125281 -0.11319309 -0.010632571 0.22046486 -0.21937364 0.115358986 -0.08721233 -0.013717098 0.0064230356 0.10870461 -0.058938526 0.15350407 -0.023811208 0.14901924 -0.063405596 -0.23486914 -0.06719285 -0.013380631 -0.0030146718 0.048882708 0.1251549 0.014223055 -0.0047294344 -0.008251563 -0.00089029904 -0.051775355 -0.08559902 -0.0363795 -0.01800778 -0.00043909042 0.01618827 0.028330244 -0.10220574 -0.04650612 -0.08001754 -0.046242088 -0.1680402 0.26418018 0.11132968 0.107643336 0.06533585 0.010422342 -0.0044928044 -0.0003789439 0.15415971 -0.048945934 -0.008172847 0.10937306 -0.108916774 -0.10227322 0.061490685 -0.030859113 0.091816425 0.17958987 0.05421852 0.107835464 0.15288618 -0.0640492 0.01226629 -0.12034756 0.11283904 -0.060693506 -0.023135196 -0.1205772 0.09343873 0.2753674 0.30886465 0.045082044 0.2662334 0.097390115 -0.19457199 -0.10828087 0.058293693 0.12477538 0.19719128 0.02840678 -0.055466287 -0.00236465
(4)ÄÚÈÝ: -0.0042292043 0.0032329697 -0.0028944998 -0.000874874 0.00048785566 -0.00094052433 -0.0045616208 0.0019918429 -0.0032855356 -0.0043957327 0.0019558363 -0.00037986814 0.003255291 -0.0035070295 0.00039000154 -0.00034318506 0.0028715818 -0.0048653297 0.0029651774 -0.0044898163 -0.0038918466 0.0003638834 -0.0013318479 -0.0019460779 -0.0026515906 0.0020553905 -0.004662386 0.00059286476 0.002103942 -0.00014042735 -0.00024865568 0.0035837013 -0.0047841566 -0.004506456 0.0022205852 0.0043582986 -0.0038976884 -0.004154734 -0.00032107235 -0.004517954 0.0010602891 0.004617674 -0.003057857 -0.0033782755 0.0044562547 -0.0003799039 -0.0018720228 -0.001355471 -0.004375618 -0.0023137743 -0.0020764654 0.0001243192 0.00034527658 0.0038126998 0.0034135145 -0.0007568425 -0.0049886582 0.0012972128 -0.0030562342 0.0045539355 0.0019023615 -0.00050295773 0.003302589 -0.0017465181 -0.0018430507 -0.00016510308 0.0042070746 0.002968492 0.00078590214 0.0018849986 -0.0014913648 0.0046297503 -0.003565846 -0.0016188341 -0.0026500588 0.004361866 -0.0015625268 -0.0011933392 0.0035741054 -0.004852903 -0.0014504236 0.0014439517 -0.0031315673 0.004380626 0.00058375776 -0.0026147955 0.0024649387 0.003990764 0.00046412647 0.0034087568 -0.0034131324 -0.0018094385 0.004968493 0.0028380232 0.0007977951 -0.0017468727 0.0022082687 0.0012662375 0.00417911 -7.903576e-07 0.0042984607 -0.0029295147 -0.0038029747 -0.00070129335 0.0014872324 -0.0009915578 0.0029440885 -0.0042061396 -0.004503048 0.0037895977 0.0031678206 -0.0020428097 -0.0020101464 -0.0017774731 -2.5908947e-05 0.004537524 0.0004759431 -0.0010245222 -0.0017079407 -0.0010434353 -0.004597679 0.0034137606 -0.004516418 -0.0015452903 -0.0035597635 0.0045306147 0.0028959222 -0.00023943902 0.0019593537 -0.0012162435 0.004904513 -0.0018133754 0.0024297505 -0.0018973255 0.004775493 0.004748663 0.0031157332 -0.00012405515 -0.0008431226 -0.004328247 0.0046673287 -0.0042211562 -0.0032780988 0.0027905046 -0.0011413759 0.003987728 -0.003933605 0.004598272 0.0011255854 -0.004278062 0.0019721938 -0.0024778128 0.0031921887 0.003293373 -0.0043807565 0.0032316404 0.0026304214 0.0032415485 -0.0035275691 -0.0032788313 -0.0044309204 0.002631539 -0.0020094204 0.002399952 0.0023976201 0.0040416056 0.0011228621 -0.000541783 0.00073129236 0.0014897799 -0.004385163 -0.0029865247 -0.00047444462 0.002443756 -8.075893e-05 -0.004832604 -0.00031473517 0.003573268 0.0031669606 0.0017340875 -0.0022993982 -0.0018603844 -0.0010391736 -0.0030013102 -0.0042986125 -0.00028101206 0.0009012693 0.0024149448 0.001794939 0.0042774375 -0.0033834286 0.0046384837 -0.0016707415 0.00040551543 -0.0021308535 -0.0020234103 -0.000743711 -0.0037547732 0.004484183 0.0022797692
¾ü -0.47574612 0.38179982 -0.07589606 0.35176757 0.1841289 -0.3932474 -0.061121553 0.51627153 -0.3360265 0.38641363 0.103869855 -0.17699943 -0.2582297 0.13042052 0.61186415 -0.46855158 -0.24061978 0.35592747 -0.1515965 -0.25034103 -0.00052147027 -0.3964351 -0.15547933 0.15156592 -0.3697338 0.05612294 -0.06438235 0.16113108 -0.57294416 -0.17908001 0.13812889 0.24116115 0.31244367 -0.0725984 -0.13566704 -0.015738247 -0.17222749 0.11525352 -0.5448476 -0.57995504 -0.46494123 0.0028567424 0.22319701 0.22430675 0.22687374 0.030927327 0.3730793 -0.006555531 -0.066047445 0.087584674 -0.054417618 -0.20674928 0.059023794 -0.30519882 -0.0787782 -0.35336262 0.3603055 -0.36986285 -0.33042097 -0.0135841025 0.3060582 0.3807431 -0.22765106 -0.31472528 -0.34786394 0.31557468 -0.49353918 0.7981308 -0.40152788 0.05435346 0.064182304 -0.13201383 0.5253571 -0.19763829 0.018444376 0.26881546 0.21937819 -0.6743477 -0.5351153 -0.039842702 -0.18718627 -0.704766 0.3557262 -0.052849427 -0.0744861 -0.13930203 -0.11825282 0.61409605 0.14381504 -0.40296328 0.17454882 0.13559744 0.41839576 0.16625392 0.6357002 1.0829085 0.019278774 0.08222766 -0.5131282 0.6785193 -0.44711897 0.16423593 0.02107808 0.16036603 -0.4124622 -0.116915196 -0.46545675 0.40278915 -0.14023194 -0.4925712 -0.2892439 -0.40280974 -0.15610576 -0.21972783 0.024051525 -0.12239803 0.27141067 -0.43267435 -0.13547555 0.11292532 0.13318416 0.3094286 -0.030642845 -0.36944935 -0.0795914 0.56857896 -0.62231845 0.28539175 -0.24738993 0.009306794 0.0579587 0.28442693 -0.1800465 0.42280164 -0.11779829 0.45924896 -0.20201303 -0.62186515 -0.19880998 -0.017684607 0.04391742 0.17350754 0.31574214 0.07961194 0.00034250104 -0.015594114 0.024172163 -0.17899321 -0.2517156 -0.16103072 -0.057224333 -0.02538355 0.09768427 0.02463775 -0.2892163 -0.079566576 -0.2407019 -0.09980406 -0.47041404 0.7880461 0.2737924 0.2727573 0.1835288 -0.02845831 0.04143288 0.06215759 0.35138965 -0.21306029 0.003914924 0.23383391 -0.3550742 -0.25843534 0.18359822 -0.11814729 0.2712499 0.49986506 0.18574905 0.30018035 0.44076446 -0.23782861 0.09612408 -0.3628577 0.29331553 -0.17195638 0.017495047 -0.3105773 0.2888349 0.77154213 0.91667426 0.08825245 0.7256716 0.27516812 -0.56135386 -0.39467803 0.21617985 0.30206636 0.5496677 0.046597697 -0.00039500205 -0.06926444
¡¢ -0.4283716 0.34727752 -0.067838654 0.32300738 0.17112584 -0.35400033 -0.059673864 0.46935067 -0.29776427 0.3503713 0.09407516 -0.1498558 -0.23598805 0.11951309 0.55142224 -0.42444375 -0.21816996 0.3240081 -0.13078019 -0.22647889 -0.009247726 -0.35180902 -0.13798036 0.13866918 -0.3257961 0.0494066 -0.06663044 0.138263 -0.51607716 -0.16061696 0.11718762 0.21601532 0.28934816 -0.066608295 -0.118607305 -0.013427568 -0.16058017 0.09943953 -0.48667577 -0.52212405 -0.41381216 0.004189052 0.20489106 0.20270665 0.20508379 0.031108791 0.33112216 -0.0028581037 -0.05656107 0.07395679 -0.048820756 -0.17495014 0.045218002 -0.27364242 -0.06947134 -0.32271975 0.33017087 -0.32844552 -0.29469272 -0.010040661 0.2775946 0.3444452 -0.20797922 -0.28422025 -0.31888846 0.27569237 -0.44775873 0.7167274 -0.35867485 0.044868868 0.06304861 -0.11878619 0.4769863 -0.1750958 0.017256627 0.23679425 0.20697726 -0.6132217 -0.49216196 -0.0396684 -0.17046475 -0.62443626 0.32385474 -0.054657575 -0.062967926 -0.13015419 -0.106259115 0.56150806 0.12936503 -0.36907244 0.15906857 0.11951327 0.3680122 0.15504852 0.5737988 0.98707676 0.021608818 0.07527362 -0.46361586 0.6112326 -0.40435275 0.15147434 0.020215556 0.14808704 -0.36762708 -0.10430566 -0.41827235 0.3664273 -0.12410464 -0.44241905 -0.26514223 -0.3748015 -0.14628518 -0.1999346 0.02444793 -0.11168697 0.2462329 -0.39355567 -0.116475 0.10251735 0.12287913 0.28504565 -0.01616505 -0.33727515 -0.07326141 0.51528054 -0.55178255 0.25527215 -0.2244192 0.009596757 0.063856274 0.25322267 -0.15178266 0.3829203 -0.10739117 0.41914216 -0.17850678 -0.56754893 -0.1809864 -0.021135015 0.03699584 0.15909299 0.2789939 0.07421929 -0.003860869 -0.009969103 0.024719037 -0.17114025 -0.22185616 -0.15340474 -0.04698893 -0.016737303 0.086696215 0.026920514 -0.26362815 -0.07382214 -0.21317255 -0.09023098 -0.41929558 0.71009535 0.24981423 0.25309035 0.16127566 -0.02111149 0.032228198 0.05129658 0.31309536 -0.19384187 0.006271462 0.2118212 -0.3292603 -0.2422823 0.1587067 -0.10641889 0.24236466 0.45222238 0.16690108 0.26514366 0.39025283 -0.20799929 0.089484505 -0.33113974 0.2684044 -0.15673088 0.01487057 -0.27132243 0.25850058 0.69154596 0.828966 0.079432756 0.65404314 0.24092034 -0.50030786 -0.36204976 0.1998778 0.27007237 0.49725392 0.042262692 0.0013604965 -0.071118966
×ªÐÅ -0.33293623 0.22715129 -0.053940706 0.2575629 0.14979291 -0.2710385 -0.040544637 0.33813176 -0.19570184 0.21411964 0.07873713 -0.11252891 -0.21361873 0.113136895 0.37141854 -0.31791922 -0.15527062 0.20704947 -0.117288984 -0.17488606 0.0049047777 -0.28998083 -0.09018279 0.10919552 -0.23255229 0.020897666 -0.045459256 0.11852981 -0.39922348 -0.113120206 0.11539955 0.14455001 0.2142137 -0.041246172 -0.10358064 -0.010561545 -0.0885946 0.03700623 -0.40167013 -0.38215488 -0.33073476 -0.016948674 0.18873213 0.16765125 0.1657415 0.0046763215 0.20918515 0.015187639 -0.011431521 0.050402567 -0.029504899 -0.11052086 0.043009035 -0.23509894 -0.07722665 -0.22770949 0.26709804 -0.28911754 -0.24714068 0.0051914123 0.20022537 0.28282213 -0.16246437 -0.21179551 -0.27203885 0.24196722 -0.3304963 0.5600301 -0.25933126 0.0069913217 0.055333488 -0.079222724 0.36980143 -0.092214376 0.013175663 0.1747603 0.13291325 -0.45024818 -0.38955694 -0.06292219 -0.12409633 -0.43133935 0.22554104 -0.03622998 -0.031234456 -0.023029538 -0.06549702 0.38636532 0.054181416 -0.2870936 0.16379513 0.09775271 0.27648345 0.13008507 0.42849725 0.77789706 -0.040875457 0.052867893 -0.3082221 0.44982806 -0.28882897 0.09916463 0.034384288 0.107418604 -0.2844335 -0.092773765 -0.27275464 0.2544739 -0.09463385 -0.29042232 -0.21273325 -0.25383452 -0.106918775 -0.190162 0.043342702 -0.09569573 0.1780419 -0.29464242 -0.07803056 0.06232656 0.14240271 0.24761036 -0.0017865031 -0.25392056 -0.01756717 0.3474866 -0.37595713 0.15087302 -0.14938204 0.021183828 0.02564919 0.21218798 -0.13429052 0.26090693 -0.09290535 0.3193404 -0.11915898 -0.39635625 -0.1581856 -0.061254863 0.039895024 0.08319576 0.22390634 0.06137189 0.004170938 -0.050828274 0.0002167062 -0.10028307 -0.16458935 -0.12426311 -0.024671797 -0.006745223 0.087281264 0.016656868 -0.18271837 -0.06610644 -0.17216015 -0.040272206 -0.3047029 0.50384927 0.21491307 0.19810982 0.14212602 -0.05296782 0.03333741 0.012412151 0.2689054 -0.12500222 -0.031376697 0.14508897 -0.25548258 -0.18982296 0.12613165 -0.07941792 0.15862902 0.33951816 0.13551381 0.21355802 0.24023855 -0.16599518 0.094019 -0.21991734 0.17287362 -0.10013333 0.016782 -0.19810489 0.16232365 0.47695544 0.6295048 0.08806239 0.5002422 0.21322222 -0.33982924 -0.2715469 0.15902396 0.20243089 0.39385498 -0.00610501 0.0061504794 -0.07938998
Health¾«»ªÇøÎÄÕÂÔÄ¶Á -0.035980377 0.024112143 -0.0013029769 0.021666056 0.02186198 -0.03153306 -0.009056407 0.040947583 -0.018463925 0.02919754 0.0037437638 -0.010096589 -0.026057975 0.009582115 0.043407742 -0.036090974 -0.02601657 0.021776125 -0.014340916 -0.017442895 0.0018294007 -0.02643273 -0.010342822 0.015462893 -0.025166197 0.007891517 -0.0077095847 0.011445608 -0.044641767 -0.008039477 0.00829806 0.016147746 0.02517216 -0.008120594 -0.015251335 0.002416599 -0.011770068 0.010779929 -0.04485912 -0.04007446 -0.036101352 0.001737563 0.015555435 0.018825507 0.022133928 -0.004024914 0.02723722 -0.00097620324 0.002482554 0.007993531 -0.006209019 -0.013864197 0.002355347 -0.018688206 -0.0024019382 -0.025767354 0.031267144 -0.032605603 -0.024604749 -0.0036814401 0.017050747 0.026904933 -0.018751796 -0.026649693 -0.033331204 0.02227948 -0.036135834 0.057171866 -0.025034806 0.0063122865 -0.0029429495 -0.00993986 0.035262026 -0.010584298 -0.0023117957 0.024929333 0.02107728 -0.052836917 -0.045025237 -0.008217429 -0.00959157 -0.053934876 0.026266221 -0.0037173575 -0.009274407 -0.0072756596 -0.012365086 0.054308802 0.006508738 -0.026563277 0.012409185 0.010257637 0.03014184 0.014854059 0.048827168 0.08710405 0.0018519225 0.010027402 -0.038802348 0.045741927 -0.041269526 0.016825747 0.0010735482 0.01073545 -0.026987266 -0.013910728 -0.028284045 0.037565053 -0.0069511216 -0.0369543 -0.02162747 -0.027896147 -0.0075809998 -0.018463733 0.002798317 -0.014691912 0.020168053 -0.03281593 -0.008718053 0.0027939696 0.013759388 0.021950778 -0.004902576 -0.032318193 0.0017120712 0.04326208 -0.04563729 0.023388172 -0.018174734 -0.0047723777 0.0012952772 0.020043105 -0.01984911 0.035976425 -0.007280213 0.038729716 -0.016862554 -0.0495539 -0.010739481 -0.00588893 0.002740943 0.007879437 0.02380629 0.00072389725 -0.0011602761 -0.0071820514 0.005833322 -0.017458063 -0.020914832 -0.01113726 -0.0066324854 0.0020853467 0.007107049 0.005436983 -0.018265335 -0.0030702597 -0.020094743 -0.0020614343 -0.037049185 0.0616595 0.026433442 0.015148595 0.017126804 -0.011079845 0.0032999532 0.0043403325 0.02493398 -0.018505342 0.0027210247 0.018932294 -0.020179702 -0.023069788 0.01755856 -0.0065912628 0.018328298 0.0398264 0.013239269 0.020333342 0.02834261 -0.012752494 0.0070574135 -0.031008935 0.019961188 -0.02222491 0.0009447133 -0.018789846 0.020306202 0.05693278 0.07854199 0.0027344343 0.05452826 0.017206417 -0.033084784 -0.033015177 0.01434719 0.018445201 0.047397237 0.000706813 -0.0014552813 -0.004101473
Economics¾«»ªÇøÎÄÕÂÔÄ¶Á -0.039610006 0.031777985 0.0008717638 0.019810427 0.014899976 -0.025681525 -0.009475498 0.03892469 -0.019299326 0.029618002 -0.0015375575 -0.010589362 -0.023566525 0.0141115645 0.04893452 -0.036143586 -0.027322507 0.026380377 -0.009802257 -0.017360568 -0.0019769096 -0.029629905 -0.012645373 0.016590208 -0.029521724 0.003428248 -0.0057315547 0.008194346 -0.039972 -0.009297569 0.009715289 0.010761602 0.016547296 -0.0050531873 -0.01069434 -0.004564116 -0.006912836 0.014768595 -0.0364064 -0.044232458 -0.035202645 0.0048291287 0.010506458 0.014372158 0.015449042 0.002312935 0.019098265 0.0035086302 0.0027540417 0.0053765937 -0.00824355 -0.00719989 0.0073754136 -0.025042556 -0.003341911 -0.02189506 0.027191851 -0.03135176 -0.0216558 -0.0041526877 0.015647884 0.029386401 -0.019834843 -0.023762656 -0.033833466 0.015989237 -0.035210628 0.05849358 -0.02602087 0.009922989 0.002261284 -0.012450214 0.03192399 -0.015182203 -0.0036632412 0.01641371 0.022645632 -0.04641713 -0.04140118 -0.002364578 -0.013855934 -0.054919187 0.025619527 -4.4153225e-05 -0.0072835465 -0.01182146 -0.009115766 0.050756797 0.012995191 -0.032144584 0.0076915314 0.010729158 0.03067563 0.015493725 0.046117067 0.08183656 0.001949734 0.007952776 -0.033230826 0.0491967 -0.036908805 0.017749952 -1.992274e-06 0.013011843 -0.025139738 -0.013458399 -0.022245154 0.034805615 -0.007515529 -0.034383934 -0.016299723 -0.026806828 -0.012391436 -0.013351752 0.0051533026 -0.009359156 0.022040477 -0.030766025 -0.010783759 0.0019595618 0.0073328046 0.021871587 -0.0045045363 -0.024647838 -0.0011725365 0.03837181 -0.03885099 0.014889696 -0.014367178 0.0027801725 0.008690999 0.02162589 -0.016579276 0.030974962 -0.012953524 0.03309735 -0.015041686 -0.043098837 -0.009535845 -0.006153902 0.006098966 0.008999699 0.027088761 0.0029933257 -0.005801262 -0.0032568364 0.00196135 -0.014060128 -0.017712045 -0.0059758467 -0.006343319 0.0017069187 0.007390578 0.010743358 -0.018621176 -0.0032095257 -0.020921193 -0.0064662355 -0.039054953 0.054288406 0.025508307 0.012925964 0.017811524 -0.0057570217 0.0073639266 -0.0023487743 0.026306571 -0.0205569 0.0030185843 0.017509595 -0.018237246 -0.02088409 0.011588612 -0.014057785 0.020391501 0.041068133 0.0087032 0.026429795 0.025233984 -0.014167298 0.0106383255 -0.02431545 0.019480795 -0.023069443 -0.0031368495 -0.020076 0.013760886 0.06100998 0.07228087 0.0074689467 0.058645364 0.01901527 -0.03511882 -0.03124003 0.019949349 0.022552088 0.03931484 -5.1492985e-05 -0.0014007428 -0.0028091334
FDU_E.S.E. -0.13506725 0.15380518 -0.0043840036 0.08969021 0.108171694 -0.1462886 -0.022017768 0.18567131 -0.06967907 0.09120851 0.041970868 -0.055520575 -0.09101723 0.047521915 0.17434765 -0.1468641 -0.09217517 0.13228428 -0.0692253 -0.0909221 -0.016510634 -0.13066775 -0.040370684 0.04634851 -0.1402686 0.039141517 -0.011719047 0.046794437 -0.2101967 -0.036227576 0.025108984 0.05418354 0.112662755 -0.025803879 -0.04164263 0.0068067447 -0.061293703 0.033763565 -0.15362914 -0.17068098 -0.1405251 0.015324347 0.063751385 0.074870534 0.05679189 0.001822434 0.15058017 -0.031745765 -0.012766588 0.02058792 0.019934153 -0.09381944 0.031527776 -0.08752695 -0.029613664 -0.11427677 0.11347899 -0.118345596 -0.10795526 0.007308664 0.10089106 0.10047218 -0.065339655 -0.0918271 -0.09348736 0.10242459 -0.12267921 0.25044218 -0.14505173 0.007531396 0.01713694 -0.041211694 0.18940099 -0.070742324 0.0005978049 0.10930569 0.0786514 -0.24428463 -0.18810558 -0.02496343 -0.07209872 -0.19979386 0.09858391 -0.010248751 -0.041520916 -0.038802702 -0.026037429 0.23128383 0.04701313 -0.13856372 0.077746496 0.072872594 0.1523401 0.058317065 0.22556421 0.36815518 0.028182834 0.032760832 -0.14740413 0.23541923 -0.16455014 0.08772846 0.0010451077 0.06967518 -0.13959883 -0.046363972 -0.14668123 0.113705486 -0.039893076 -0.16274439 -0.12106005 -0.16402695 -0.06350162 -0.08931393 -0.013230824 -0.04259725 0.06620996 -0.14044394 -0.04372139 0.0448269 0.028064253 0.14217657 0.013053719 -0.12524839 -0.029211544 0.18901515 -0.19605216 0.07515003 -0.09686942 -0.017010773 0.03323826 0.099077225 -0.038141925 0.15107167 -0.031833768 0.17894238 -0.07361228 -0.21810094 -0.08781878 0.0020805555 0.017457157 0.016844258 0.11245461 0.0176232 -0.02809037 0.014850381 0.006899128 -0.07533017 -0.10339147 -0.062130455 0.009259142 -0.008376067 0.03701421 0.01295585 -0.1211184 0.0060837767 -0.057778414 -0.039145153 -0.16165614 0.28367138 0.097300746 0.09499178 0.059643425 0.0061700842 0.038085375 -0.009968145 0.14344347 -0.058217075 0.0025005275 0.08866468 -0.13165078 -0.113433026 0.047419287 -0.03632083 0.12888457 0.20039037 0.05087902 0.1172653 0.15183108 -0.06773143 0.021719253 -0.13435936 0.09693482 -0.060880497 -0.005283238 -0.07499458 0.11495929 0.24958627 0.32867315 0.006222073 0.23751566 0.10222499 -0.18106553 -0.1448591 0.04967657 0.086628124 0.19339274 0.0060322797 0.017191138 -0.005469465
£ -0.09245016 0.08577838 -0.013813378 0.07743111 0.05507001 -0.07767307 -0.025004864 0.12249384 -0.074372716 0.07363658 0.008677762 -0.051505726 -0.062147155 0.037591204 0.12804842 -0.100391366 -0.059393067 0.08173387 -0.022028945 -0.04516721 -0.0018062615 -0.09607623 -0.019460928 0.03047725 -0.07379755 0.019587802 -0.00274898 0.032015707 -0.12846044 -0.03797392 0.03306911 0.049641985 0.06319271 -0.00044928974 -0.027975982 -0.009952317 -0.02153105 0.012593562 -0.121589266 -0.11404479 -0.107243836 0.011459236 0.03989518 0.03454761 0.034811024 0.008162527 0.08599438 0.006979672 -0.0071580852 0.025723374 -0.010628317 -0.05085633 0.026531784 -0.0763978 -0.0090382295 -0.07728994 0.076490484 -0.083183825 -0.06137253 -0.008580731 0.065642826 0.08040989 -0.04824368 -0.074600734 -0.08963533 0.05602449 -0.11088888 0.16967545 -0.09263026 0.021523248 0.019159222 -0.037263513 0.10595197 -0.04779565 -0.007924532 0.055570178 0.04480673 -0.13221134 -0.11039115 -0.012644951 -0.027062012 -0.15469924 0.06093892 -0.008083551 -0.022303922 -0.029693082 -0.018465104 0.117845796 0.024139076 -0.083686136 0.042323 0.027628 0.08663472 0.050486792 0.1401431 0.23118053 -0.0037827825 0.0071392013 -0.10939169 0.1414075 -0.11027532 0.035253152 -0.00031915074 0.02994187 -0.09066829 -0.028378174 -0.08592913 0.08827359 -0.01820258 -0.095389046 -0.058951087 -0.084558226 -0.027828924 -0.051653907 0.019343447 -0.039127536 0.060915686 -0.08958167 -0.015757984 0.015043365 0.0425546 0.077215 -0.011785833 -0.06672929 -0.019096605 0.128546 -0.14186738 0.05067267 -0.046125337 -0.0002639097 0.001899781 0.06210176 -0.049254738 0.094825834 -0.013041515 0.09775454 -0.033251543 -0.13453177 -0.040781207 -0.005038134 -0.0028619724 0.033121422 0.05979532 0.026796814 -0.011199674 0.0063610557 0.0041719764 -0.027209722 -0.045997597 -0.021203928 -0.008879005 -0.0021868614 0.024212372 0.0043978314 -0.0656345 -0.010102293 -0.03793046 -0.009504054 -0.09700676 0.17095645 0.05852644 0.061812565 0.03481823 -0.016784195 -0.0015896476 0.014781954 0.06897541 -0.033715166 -0.010443042 0.050014578 -0.08685929 -0.04722753 0.045611806 -0.023666663 0.0562998 0.10132032 0.031494502 0.07850762 0.07771648 -0.041045744 0.025167897 -0.06363036 0.06439848 -0.03259459 0.007931932 -0.056134064 0.045229543 0.15462889 0.19671273 0.021278225 0.15978655 0.05588004 -0.119361885 -0.07935171 0.048874296 0.0761733 0.13098511 0.009972774 0.0011380542 -0.029980574
FDU_E.S.E.¾«»ªÇøÎÄÕÂÔÄ¶Á -0.037477363 0.028556805 -0.0012880628 0.02665748 0.023117876 -0.027990704 -0.00041221172 0.04222176 -0.026971094 0.026008327 0.00089064037 -0.011763205 -0.018719176 0.015842013 0.047200423 -0.03906991 -0.027556382 0.030314425 -0.008942029 -0.020954637 0.005843389 -0.036610678 -0.016877912 0.018566078 -0.026084661 0.0010942942 -0.00204109 0.009249482 -0.0473808 -0.009663307 0.0071586487 0.020640355 0.022066018 -0.008812314 -0.008589224 0.003907009 -0.007994713 0.013161314 -0.04417481 -0.051408283 -0.039666507 0.00064379553 0.017793123 0.023618173 0.024609284 -0.00042578843 0.024744378 0.0051782364 0.002047874 0.0036019704 -0.0016887906 -0.010136439 0.0049261055 -0.022610601 -0.010963602 -0.033901595 0.024982018 -0.036428157 -0.032290187 0.0010454413 0.019334236 0.034162413 -0.01852392 -0.026927464 -0.038011834 0.021105995 -0.037264068 0.06984042 -0.03163356 0.009356235 -5.5774333e-05 -0.004272439 0.040867597 -0.018187607 0.00043021966 0.02218309 0.023324898 -0.058413412 -0.04237794 -0.004204089 -0.010381523 -0.057574645 0.026190167 -0.007909963 -0.0030947498 -0.01308812 -0.0050306255 0.056388684 0.0139112845 -0.028175574 0.011447042 0.01667748 0.029289631 0.019390494 0.04913906 0.09211309 0.0012793543 0.0067592612 -0.034270983 0.053556982 -0.045112297 0.017158302 0.004217625 0.010749444 -0.02809989 -0.011513192 -0.029578418 0.033465188 -0.008173232 -0.034822546 -0.025670787 -0.036807917 -0.013535239 -0.016799614 -0.0013148842 -0.018012308 0.023729911 -0.035230093 -0.012493634 0.0029740047 0.01659009 0.030919714 -0.00683229 -0.033369604 -0.001168301 0.04194846 -0.04777824 0.018179988 -0.024212882 -0.0027909537 0.007444668 0.02568354 -0.021500267 0.029975522 -0.013423043 0.04095507 -0.021696761 -0.04851039 -0.010133265 -0.007864951 0.002137927 0.01606799 0.029914893 0.0050481134 -0.004887637 -0.008435583 0.00033530965 -0.013960254 -0.015007626 -0.012758441 0.0023410057 -0.0045495825 0.012071861 0.0084422 -0.025756003 -0.0017119974 -0.02418268 -0.0042696176 -0.04393156 0.061996743 0.023708316 0.024175871 0.019478545 -0.01148596 0.0025533694 -0.0028990444 0.024141725 -0.016160797 0.005069604 0.013274474 -0.01989401 -0.019466013 0.011510569 -0.010825785 0.023595138 0.045736335 0.014442576 0.030948855 0.02926205 -0.02305134 0.0042086253 -0.026601812 0.02071203 -0.022765897 -0.0032712193 -0.023047846 0.025627282 0.060563702 0.08002156 0.008244365 0.065143466 0.025684243 -0.044217803 -0.03906818 0.01599823 0.025042307 0.048800025 0.006398381 0.003029069 -0.0020670758
ÖÐ -0.39534357 0.31933713 -0.063297674 0.29864666 0.15563308 -0.33324113 -0.05810923 0.4331273 -0.2790462 0.3262977 0.081614584 -0.15168221 -0.21489763 0.11832479 0.51370955 -0.39078724 -0.19840138 0.29925632 -0.12770265 -0.21061593 -0.0057593957 -0.33829418 -0.12438731 0.13082525 -0.3079767 0.050530292 -0.0547036 0.1362798 -0.4819509 -0.15068549 0.10999283 0.20550662 0.26308203 -0.06459203 -0.109723754 -0.018405857 -0.14245765 0.09040641 -0.459496 -0.48005205 -0.39287695 -0.00021512588 0.1852046 0.1813172 0.19258446 0.023000484 0.30708402 -0.013796362 -0.0472183 0.06908358 -0.052968685 -0.16967116 0.046100173 -0.24779513 -0.0678185 -0.30236518 0.30246982 -0.3139199 -0.26907828 -0.0018536553 0.26257673 0.31033525 -0.19359954 -0.2581097 -0.30086377 0.26689506 -0.4133141 0.66476196 -0.3360644 0.052405946 0.0533144 -0.11224949 0.44171616 -0.1658312 0.008573556 0.22477281 0.18933952 -0.5684278 -0.44605464 -0.034162387 -0.15904604 -0.5920026 0.30546206 -0.050944645 -0.05728955 -0.12081749 -0.098359354 0.5199131 0.12254357 -0.34686735 0.14407112 0.108926445 0.35268337 0.14269772 0.52730465 0.9063898 0.017243586 0.075420395 -0.43518627 0.5735682 -0.3738819 0.14268892 0.021831172 0.14049698 -0.34149942 -0.09927335 -0.39225593 0.3390554 -0.12039248 -0.41228643 -0.24371408 -0.34015188 -0.1256969 -0.18358901 0.02174183 -0.109442316 0.22552273 -0.36150816 -0.10934394 0.09409797 0.11597405 0.25847003 -0.028406994 -0.3108809 -0.070856765 0.48104587 -0.5169886 0.23909298 -0.20489405 0.00073755434 0.054799862 0.24215774 -0.14220175 0.36043006 -0.094908744 0.39043182 -0.1713151 -0.52299595 -0.170126 -0.018572686 0.039681684 0.15124494 0.2603411 0.05886907 -0.008168203 -0.0197174 0.016499897 -0.15063843 -0.20630874 -0.14066795 -0.050186183 -0.02107617 0.08183308 0.02205931 -0.23861182 -0.06647066 -0.20776649 -0.08439279 -0.388437 0.65875155 0.2363252 0.23452218 0.15591957 -0.026148384 0.0351593 0.052416153 0.29577565 -0.18419081 0.0037122827 0.19421875 -0.3066116 -0.22227557 0.15050294 -0.10650255 0.22855614 0.41815677 0.1601102 0.24860151 0.3661892 -0.19247873 0.08488006 -0.306306 0.24242954 -0.14433089 0.012215293 -0.25912055 0.24402145 0.6444459 0.77534366 0.07015237 0.60715216 0.23385957 -0.47146446 -0.32726964 0.18414128 0.2496834 0.45701262 0.040439695 0.0030302347 -0.060036305
»ú -0.4317735 0.3495644 -0.068491675 0.31718895 0.16721474 -0.36160797 -0.059799857 0.47536987 -0.29384848 0.3557075 0.09673901 -0.1630329 -0.23106977 0.12096655 0.5577582 -0.42251933 -0.22482058 0.3233451 -0.13392575 -0.22039956 -0.005250156 -0.36023283 -0.13849838 0.13577016 -0.33461723 0.055463642 -0.07128661 0.14390557 -0.51662916 -0.17117558 0.12226719 0.22268464 0.2862566 -0.06333234 -0.118617795 -0.019691266 -0.15671699 0.10540548 -0.4950468 -0.5303233 -0.42172915 0.0031139792 0.20477702 0.204927 0.21238509 0.035521824 0.3434256 -0.0040810434 -0.055663798 0.07690811 -0.056311138 -0.18738365 0.05135973 -0.28139618 -0.070843644 -0.32629672 0.33921868 -0.34356385 -0.30465722 -0.003903055 0.28798866 0.34053585 -0.20997527 -0.28442806 -0.32001406 0.28279275 -0.45177346 0.7261169 -0.35540542 0.05589353 0.05610156 -0.1274705 0.47700366 -0.17445262 0.011477898 0.23522632 0.20723727 -0.6259084 -0.49660954 -0.03458527 -0.1752224 -0.63767165 0.3251032 -0.04957471 -0.058497157 -0.13777809 -0.10188522 0.5641584 0.13222817 -0.3750571 0.1577146 0.112353176 0.38330007 0.16104744 0.58161265 0.9936618 0.01892518 0.08250025 -0.4783574 0.620623 -0.41475058 0.15421563 0.019267447 0.14408262 -0.37030682 -0.10591687 -0.43367228 0.3696218 -0.1260142 -0.44860289 -0.263249 -0.38548422 -0.13876249 -0.1941443 0.026869025 -0.12015042 0.2617727 -0.40083218 -0.11911372 0.103248864 0.1295592 0.27960548 -0.025244424 -0.34376112 -0.07588825 0.52687997 -0.5627636 0.255036 -0.2313757 0.008981898 0.060947623 0.25794807 -0.16809505 0.38892943 -0.11022257 0.42610028 -0.18861426 -0.56651473 -0.17804772 -0.02179701 0.038386628 0.15703148 0.28895733 0.075902745 -0.00459065 -0.017973665 0.018302562 -0.16264166 -0.22394714 -0.15291815 -0.058320306 -0.023770802 0.09688275 0.02877786 -0.2700545 -0.0649814 -0.22562855 -0.094131604 -0.42855725 0.7142372 0.25883186 0.25096637 0.16504565 -0.025733747 0.037407555 0.05450049 0.31125847 -0.1927217 0.0056717563 0.21255647 -0.32369342 -0.23496668 0.16809012 -0.118152834 0.24301872 0.46070674 0.18167938 0.26833138 0.39838773 -0.20858116 0.09510578 -0.34039924 0.270685 -0.15775092 0.013704928 -0.28391078 0.26101822 0.69942564 0.84409803 0.08524852 0.66095674 0.24417213 -0.5135089 -0.3601354 0.1956009 0.27935067 0.5112268 0.0433125 -0.005766677 -0.067542754
2000) -0.3142743 0.21769774 -0.04804816 0.23950037 0.14020728 -0.26091543 -0.047482073 0.32624516 -0.19265874 0.20933066 0.069609 -0.11917898 -0.19697052 0.10135063 0.35980076 -0.30150712 -0.1537618 0.1969017 -0.11206541 -0.1723772 0.0081029935 -0.2768425 -0.082015485 0.094306365 -0.22565696 0.029356092 -0.043364048 0.10735205 -0.37399045 -0.10259888 0.123177215 0.13736586 0.20603386 -0.041614227 -0.098966114 -0.0057842736 -0.09711633 0.052188672 -0.3875381 -0.3740146 -0.31911507 -0.01357836 0.17930235 0.16300282 0.15503201 0.014187783 0.1993077 0.019579234 -0.021382079 0.0542311 -0.029768122 -0.11264239 0.043484017 -0.2192056 -0.073415294 -0.22061302 0.24713016 -0.27439603 -0.23729904 0.007031134 0.19243744 0.27297065 -0.16059656 -0.19831164 -0.25653335 0.22307819 -0.32530826 0.53987396 -0.24459311 0.016669463 0.056406714 -0.07392037 0.3611922 -0.09064095 0.017594138 0.16451538 0.13301332 -0.43295038 -0.36761504 -0.05121293 -0.12680833 -0.4242179 0.21696422 -0.039974302 -0.030239366 -0.03439456 -0.068945296 0.38526344 0.047417935 -0.2826861 0.15442404 0.09806977 0.2660493 0.13250336 0.41030833 0.7410081 -0.038736813 0.04732223 -0.30108717 0.42753506 -0.27299696 0.104957424 0.031378187 0.098345004 -0.27210099 -0.086517096 -0.2559833 0.2509287 -0.0894011 -0.27987054 -0.20438811 -0.25548643 -0.0984511 -0.17614153 0.03388652 -0.08876968 0.17261663 -0.28791225 -0.07318764 0.054175552 0.13161638 0.23152183 -0.0031364232 -0.2379499 -0.015568616 0.34645474 -0.35898596 0.15815112 -0.14746323 0.02088731 0.023107234 0.19589886 -0.12477363 0.25066006 -0.08541078 0.29599264 -0.11615917 -0.38231558 -0.14713247 -0.056177534 0.030185629 0.08544041 0.2153528 0.055922452 0.0031152198 -0.04665824 0.010189841 -0.09204398 -0.15926236 -0.11459193 -0.02835499 -0.011108768 0.08742561 0.016134618 -0.17201792 -0.06416658 -0.16224752 -0.037098967 -0.2999251 0.48072028 0.20193635 0.18150586 0.1422435 -0.04264538 0.016031044 0.014509303 0.23964891 -0.11686003 -0.023552556 0.13333616 -0.24061882 -0.17490463 0.12300234 -0.08301253 0.15458773 0.32080236 0.121816985 0.20067653 0.23427248 -0.15298899 0.08582575 -0.20796674 0.17287469 -0.10253889 0.029394995 -0.18192491 0.15627512 0.47156465 0.610093 0.085208 0.46950006 0.19686222 -0.32669848 -0.25458676 0.14605953 0.20035823 0.36060667 0.0025306945 0.010631399 -0.07585107
ÅÚ -0.5113808 0.41321236 -0.089083865 0.3851816 0.19756107 -0.4319563 -0.0663316 0.561201 -0.35774037 0.41491184 0.116329685 -0.19059217 -0.28814846 0.14380169 0.6546509 -0.507646 -0.2570254 0.38850224 -0.16894089 -0.27834854 -0.0035879947 -0.42981583 -0.15518567 0.17049956 -0.39833346 0.06562805 -0.07222218 0.17372185 -0.6187664 -0.19668257 0.15137573 0.26883933 0.34658155 -0.07341866 -0.14278406 -0.016290857 -0.18468507 0.120055884 -0.58944947 -0.6309942 -0.50358593 0.001092592 0.25034958 0.2341552 0.23971315 0.037319407 0.39903215 -0.0054650623 -0.066662095 0.08641984 -0.061274108 -0.21360105 0.06709907 -0.33546394 -0.08650277 -0.38049755 0.39711666 -0.39301804 -0.36523843 -0.0050210855 0.33192545 0.40907657 -0.25035992 -0.33121666 -0.37958857 0.33825317 -0.53906184 0.8687844 -0.42459053 0.05956814 0.06576795 -0.1515435 0.5757437 -0.21072945 0.014903529 0.29019457 0.24414562 -0.74126714 -0.5830446 -0.039996304 -0.20498373 -0.7552265 0.38690352 -0.053468976 -0.077431776 -0.14500594 -0.12525289 0.6735491 0.15129565 -0.4426711 0.19746587 0.14931038 0.45202845 0.18227066 0.6861294 1.1907223 0.014700338 0.08650139 -0.55895734 0.73803645 -0.48747042 0.18310967 0.01899781 0.18435137 -0.4518586 -0.12918101 -0.4982343 0.43391985 -0.15617934 -0.5377527 -0.32041293 -0.45019057 -0.17049925 -0.24353337 0.027859129 -0.13978793 0.2872131 -0.47910646 -0.14036246 0.121255845 0.15375808 0.343614 -0.01971794 -0.40422368 -0.07775256 0.605186 -0.6696077 0.3012908 -0.27120814 0.005415191 0.066025406 0.31012425 -0.18780553 0.4643234 -0.13000359 0.5005468 -0.21762364 -0.68418396 -0.22125638 -0.01949965 0.055235334 0.1809245 0.33885208 0.08973542 -0.001358192 -0.017206205 0.026889183 -0.20342708 -0.2652456 -0.17530905 -0.05237352 -0.023761027 0.11254252 0.025394209 -0.3152842 -0.08211495 -0.25999922 -0.111593515 -0.5134019 0.8504172 0.3014557 0.30681884 0.20526402 -0.03700574 0.03363122 0.058135096 0.38296574 -0.23261796 0.0040196185 0.26311997 -0.3928586 -0.2883509 0.19263116 -0.12771219 0.29190415 0.5497263 0.21033576 0.32429075 0.47745812 -0.25397965 0.109529614 -0.39850113 0.313859 -0.18622456 0.011011686 -0.32596853 0.30777082 0.8281159 1.0031154 0.10037113 0.78167945 0.2991559 -0.60476476 -0.43512973 0.23006392 0.33060732 0.6027411 0.05135642 -0.0040001525 -0.08960883
Õ½ -0.41020647 0.3262009 -0.073075056 0.30098698 0.16022883 -0.34311303 -0.059485648 0.44318378 -0.2789975 0.3335444 0.08936941 -0.14548828 -0.22514535 0.11336244 0.5294521 -0.4020102 -0.21078566 0.30559492 -0.13414977 -0.22080831 -0.0048052515 -0.34380654 -0.12331225 0.13298497 -0.31519362 0.05161565 -0.057624124 0.1378575 -0.49365568 -0.15568307 0.11477748 0.21262935 0.27731383 -0.055535078 -0.11837662 -0.019461548 -0.15522096 0.09307994 -0.4743444 -0.4959086 -0.40332595 0.0072779655 0.18908069 0.1885907 0.19683178 0.024611603 0.3202232 -0.010097669 -0.04946508 0.07071724 -0.048403837 -0.17018166 0.052370634 -0.2638479 -0.06454116 -0.30735168 0.31159335 -0.3141499 -0.28232667 -0.0029364813 0.2680234 0.32140768 -0.2036525 -0.27062604 -0.30080506 0.26949853 -0.42929804 0.68703043 -0.3404684 0.050352864 0.04894142 -0.12085345 0.4506167 -0.16606373 0.008208333 0.22490424 0.19709818 -0.5866087 -0.46366462 -0.03163047 -0.1614519 -0.5971768 0.30599153 -0.049460918 -0.06058284 -0.12599383 -0.09891382 0.5301214 0.12584011 -0.35513887 0.15397748 0.11820635 0.3607848 0.14723969 0.5472331 0.9409697 0.019469228 0.073175065 -0.44230786 0.58972156 -0.3898359 0.14645672 0.01793266 0.1371238 -0.35596785 -0.09579618 -0.3979585 0.34827662 -0.11815379 -0.4294217 -0.24946477 -0.35341668 -0.13711701 -0.18893582 0.025580764 -0.11475039 0.23679206 -0.3720885 -0.1123145 0.10328512 0.114045225 0.26837096 -0.02302796 -0.32177925 -0.06282502 0.4839732 -0.5361166 0.23811173 -0.21784177 0.0042253146 0.049337767 0.242203 -0.14929143 0.36685914 -0.10371379 0.39647448 -0.1780697 -0.5347574 -0.17166355 -0.01608902 0.045210823 0.15384865 0.26599607 0.064891785 -0.0027240557 -0.010278228 0.019569669 -0.15450531 -0.20845208 -0.13934642 -0.05039163 -0.02257541 0.08147724 0.026105978 -0.24989644 -0.063676 -0.20559661 -0.08875181 -0.4051022 0.682012 0.23566419 0.24470474 0.16191742 -0.022102276 0.030028883 0.046170793 0.29861075 -0.18994442 0.009881913 0.20256102 -0.31647778 -0.22326384 0.1572085 -0.10603612 0.23487376 0.43162537 0.1675842 0.2602139 0.38188812 -0.20273463 0.089269295 -0.31618628 0.2544177 -0.14536059 0.005672416 -0.26368243 0.2439372 0.66295886 0.793369 0.07465321 0.622834 0.23894635 -0.4829214 -0.34183064 0.18711808 0.2618812 0.4773536 0.037715085 -0.0012019953 -0.06597148
±ø -0.42291343 0.34265077 -0.07135978 0.31480783 0.16816138 -0.3530077 -0.060702663 0.46180147 -0.29560983 0.34573674 0.09888376 -0.15295027 -0.2310764 0.118910454 0.54643327 -0.421236 -0.21371177 0.31980035 -0.13696139 -0.22697762 0.002003185 -0.35793045 -0.13640429 0.13940853 -0.3320705 0.046883333 -0.06326482 0.14302932 -0.5068262 -0.15535955 0.122219734 0.22272854 0.2801252 -0.0647933 -0.11488565 -0.017916238 -0.16203682 0.099006586 -0.48533314 -0.52027977 -0.41372257 0.001843132 0.19958548 0.20067063 0.20009336 0.031961683 0.33117095 -0.007850439 -0.054263733 0.07429391 -0.048831753 -0.1801063 0.056320447 -0.2685611 -0.06854236 -0.31331554 0.32443342 -0.3273909 -0.2906983 -0.002964846 0.27565312 0.34073427 -0.21033747 -0.27358928 -0.3177708 0.2824201 -0.44241443 0.7040891 -0.3565 0.04539141 0.050873064 -0.1246041 0.472894 -0.17632487 0.011626355 0.23845984 0.20103364 -0.61002 -0.48333275 -0.035443064 -0.1678016 -0.62407154 0.32621294 -0.04551925 -0.06405388 -0.12773187 -0.102347694 0.5550745 0.1302518 -0.36596495 0.1538134 0.116528444 0.37378126 0.15061863 0.5588606 0.9690395 0.013386148 0.07391133 -0.46296892 0.6060796 -0.39825836 0.14891584 0.016282044 0.143887 -0.36622602 -0.09852516 -0.4193506 0.36153093 -0.123694845 -0.4379895 -0.26120442 -0.36818144 -0.13987738 -0.18957266 0.025513917 -0.11491565 0.23969556 -0.3892772 -0.122235194 0.10018051 0.11812615 0.27175668 -0.02794416 -0.33012885 -0.06562336 0.5048276 -0.5502722 0.2460994 -0.21929815 0.004728934 0.05295483 0.2517412 -0.15640493 0.37831864 -0.10961462 0.4099946 -0.18066227 -0.5641732 -0.17430033 -0.019506346 0.04059518 0.15044688 0.27693078 0.06924925 -0.004621543 -0.017899094 0.024725942 -0.16455027 -0.22176465 -0.14147367 -0.053619534 -0.021444486 0.082124524 0.022192338 -0.2516001 -0.06524563 -0.21994363 -0.09255684 -0.41661322 0.7029989 0.25196993 0.24581313 0.16210793 -0.020538863 0.0348728 0.053608235 0.3120947 -0.1981644 0.0071526803 0.21019092 -0.32735732 -0.23158734 0.15447176 -0.11229155 0.24203157 0.45032114 0.17244802 0.2694144 0.39521137 -0.20876382 0.092543945 -0.33044738 0.26309067 -0.15396313 0.013137444 -0.2732828 0.25101486 0.68780166 0.82450897 0.078871384 0.6415747 0.24510796 -0.4994254 -0.35719886 0.1922203 0.26383972 0.4963752 0.04065397 -0.0030895793 -0.07252549
¿Õ -0.36507663 0.29036117 -0.058467593 0.27066153 0.13846213 -0.30467698 -0.046612866 0.39318544 -0.25391585 0.29658455 0.077991776 -0.13104829 -0.19664872 0.10340521 0.46152034 -0.3496362 -0.18625236 0.2705749 -0.11784768 -0.19268346 -0.010269277 -0.30444813 -0.114664644 0.11014744 -0.27355462 0.044134744 -0.05817235 0.124283895 -0.43655837 -0.13584267 0.105183624 0.18810843 0.24255478 -0.05076091 -0.10351471 -0.011812981 -0.13113251 0.085372545 -0.41912413 -0.4392201 -0.35319102 0.0015651468 0.17511137 0.16422132 0.17600423 0.026888855 0.27741772 -0.011168776 -0.04642653 0.06536131 -0.04799177 -0.15245828 0.047377896 -0.22377118 -0.05885036 -0.27192122 0.27814168 -0.27304563 -0.24855302 -0.0027244627 0.23186094 0.2848703 -0.17246704 -0.23278098 -0.2707155 0.23552233 -0.3730871 0.5962289 -0.30008504 0.04400841 0.046788886 -0.10499354 0.39217678 -0.14658692 0.01010794 0.19567044 0.17190893 -0.51900685 -0.4105468 -0.029473966 -0.14181022 -0.5342732 0.27684158 -0.040960677 -0.05922574 -0.10671354 -0.08491823 0.4701049 0.10907219 -0.30674386 0.1330546 0.09996828 0.31255165 0.1232817 0.48190105 0.82147187 0.01747185 0.06330253 -0.39516026 0.522101 -0.34450412 0.11989578 0.013128996 0.11987943 -0.3073663 -0.081971556 -0.35097086 0.30757824 -0.11079834 -0.37002987 -0.22003698 -0.30927086 -0.11186905 -0.16071168 0.020399217 -0.10099382 0.20652513 -0.32696426 -0.10432045 0.08862093 0.10429067 0.23285364 -0.02801613 -0.2820417 -0.06617879 0.4296511 -0.4641264 0.21095014 -0.1901188 0.0008818402 0.051692996 0.21183561 -0.13444357 0.32907537 -0.085114606 0.35150793 -0.15735847 -0.4747066 -0.1547892 -0.0083109075 0.036761217 0.13392147 0.23089902 0.058266867 -0.00017528443 -0.009607053 0.022610683 -0.13977122 -0.19300236 -0.12765028 -0.04572256 -0.019819425 0.0713731 0.017753933 -0.22366266 -0.054507412 -0.19018173 -0.07654215 -0.35918996 0.60193706 0.21375982 0.20948118 0.13985172 -0.022593377 0.03300868 0.04228877 0.25883526 -0.16796938 0.007908069 0.18220042 -0.27043274 -0.20254229 0.1352051 -0.09642425 0.21025246 0.3789735 0.14758486 0.22597407 0.3345708 -0.17690918 0.077799074 -0.2834902 0.2211914 -0.13667263 0.008830319 -0.23924506 0.22123487 0.58254933 0.6951286 0.06518669 0.55306435 0.20975259 -0.42064744 -0.29413283 0.16968636 0.22997122 0.42114502 0.03420641 -0.0008656639 -0.057167757
ÔÚ -0.3720523 0.29434344 -0.065577745 0.27981612 0.13834119 -0.30559483 -0.046323825 0.40324834 -0.24922715 0.29892856 0.07616087 -0.13579261 -0.19749239 0.10395594 0.46534172 -0.3617904 -0.1829744 0.2705912 -0.11857991 -0.18700415 -0.0071167457 -0.30593282 -0.119014345 0.11467652 -0.27909124 0.049004972 -0.05400289 0.11776899 -0.44566476 -0.1371167 0.1004935 0.18490374 0.24856876 -0.05077166 -0.10431048 -0.014307788 -0.13051516 0.09198404 -0.42269945 -0.45182335 -0.3642267 0.00090525986 0.1740664 0.16506311 0.1751936 0.022792323 0.28728423 -0.0040867645 -0.052558575 0.06174232 -0.051523387 -0.15952356 0.03864892 -0.23161256 -0.059632756 -0.2756687 0.28533033 -0.29131576 -0.25450867 -0.008096107 0.2361353 0.29336518 -0.17898276 -0.24033841 -0.27362576 0.24579671 -0.38375548 0.6183764 -0.3061824 0.04544962 0.054899897 -0.09798231 0.41070205 -0.1530693 0.007838014 0.20245486 0.169207 -0.5225756 -0.418471 -0.031696852 -0.13986784 -0.5427506 0.2827059 -0.04408001 -0.05208046 -0.11573049 -0.08943236 0.47844633 0.10224563 -0.31838578 0.1291479 0.105677485 0.32442203 0.13357034 0.48947382 0.8359498 0.019537821 0.072057664 -0.4028469 0.5301784 -0.3476355 0.13276531 0.015480937 0.12755045 -0.3206936 -0.08991682 -0.36500466 0.3136178 -0.104633905 -0.3836002 -0.22223853 -0.31323498 -0.11698778 -0.16390362 0.018328117 -0.099056706 0.21008533 -0.33790597 -0.09901054 0.08931074 0.10484566 0.2361621 -0.022929067 -0.28478718 -0.06656744 0.44438717 -0.4822032 0.21607 -0.1887206 0.010218212 0.04625079 0.22040203 -0.13268188 0.32557902 -0.093870305 0.36081952 -0.15959893 -0.4791461 -0.15524854 -0.016348042 0.03403434 0.13291086 0.2369383 0.055966936 -0.004154703 -0.010186973 0.014695612 -0.13974959 -0.18695004 -0.12693785 -0.037893847 -0.018524218 0.07789497 0.016634079 -0.21883921 -0.06412952 -0.1918178 -0.07637472 -0.36753634 0.6055086 0.21351588 0.21044527 0.14337085 -0.019322935 0.026681053 0.04331885 0.2694834 -0.17154433 0.00069131557 0.18336771 -0.27520883 -0.20589896 0.13657506 -0.100853525 0.2147398 0.3840319 0.15037979 0.2304111 0.3366412 -0.18221074 0.07448844 -0.28890428 0.221577 -0.13590547 0.006164508 -0.24228324 0.21912093 0.5905054 0.71266294 0.06805492 0.56078285 0.20960791 -0.42769253 -0.30357495 0.16516213 0.23508796 0.42308414 0.03933957 0.00018929264 -0.05394552
10.100.119.126] -0.06697634 0.054312203 -0.021142252 0.073823355 0.03278185 -0.08003459 -0.01996213 0.08045164 -0.05106665 0.060615458 0.0018095961 -0.036142167 -0.033831675 0.029111473 0.09020892 -0.07414161 -0.026294542 0.06448341 -0.016234914 -0.05836797 8.249798e-05 -0.06412246 -0.03784942 0.037601743 -0.07341724 0.006035065 -0.021964481 0.027571145 -0.09242693 -0.035501953 0.03343331 0.04853785 0.05220903 0.0020817025 -0.035932586 0.0078105736 -0.032024004 0.028477717 -0.10104149 -0.101900324 -0.07827799 0.009922561 0.025069643 0.050865244 0.030498968 0.01622566 0.060851347 -0.034098472 -0.022705838 0.030287411 -0.008180312 -0.012484561 0.029117592 -0.078937866 -0.023086177 -0.068106756 0.0644695 -0.06666031 -0.0701925 -0.0016448008 0.047220856 0.06196749 -0.044981837 -0.06438835 -0.070404194 0.055031363 -0.09123346 0.12619504 -0.06538551 0.009167536 0.009229184 -0.034983277 0.08325093 -0.023953795 0.012303701 0.037379533 0.03200936 -0.09626778 -0.10034105 -0.010770469 -0.030942284 -0.11035616 0.053492833 -0.0102566155 -0.013773736 -0.014451337 0.0045049777 0.101439185 0.01823456 -0.06020958 0.027753867 0.016152037 0.06867847 0.034387965 0.09839895 0.1718553 0.00010755217 0.01314502 -0.09141128 0.12359998 -0.07608071 0.026850631 0.008417334 0.041160416 -0.07873278 -0.023269208 -0.09828099 0.04877337 -0.018593287 -0.08106965 -0.05218636 -0.07063014 -0.03959726 -0.048867702 -0.004163186 -0.03460945 0.054238465 -0.09758051 -0.028064795 0.0067959405 0.010653855 0.060050294 -0.0075321533 -0.048679855 0.00034283826 0.11230901 -0.09777986 0.058516815 -0.040851414 -0.003633939 0.005094874 0.051830396 -0.020781144 0.07790609 -0.008196606 0.067186356 -0.03825336 -0.11518771 -0.030287798 -0.012713165 0.0051058093 0.014045199 0.055667058 0.00020612139 -0.00031626236 0.003882446 -0.0038065366 -0.019428255 -0.047408618 -0.011776693 -0.00838023 0.0021146405 0.006897143 0.018094623 -0.050874274 -0.020477392 -0.042303886 -0.01634324 -0.07914639 0.12970598 0.045485478 0.04901777 0.024744011 0.0072769104 -0.00092853606 -0.0041064024 0.08414333 -0.012889867 -0.0037919835 0.057760846 -0.049689483 -0.054131422 0.032134976 -0.013271169 0.032419525 0.08800565 0.033135258 0.057552267 0.06841122 -0.02029154 -0.0064450265 -0.057314392 0.06374692 -0.024254011 -0.02255703 -0.058499306 0.043856133 0.12756906 0.13811268 0.02260891 0.12820932 0.038196273 -0.09601404 -0.04227092 0.016510528 0.06030822 0.09623335 0.02413434 -0.042527497 0.0034611707
(¾íÐÄ²Ë), -0.15470135 0.16773047 -0.0044318247 0.110029615 0.12303102 -0.16385925 -0.018150678 0.20316121 -0.08496245 0.103326455 0.03687483 -0.052190933 -0.10438924 0.053263605 0.20242299 -0.1774364 -0.09943343 0.1486681 -0.07687125 -0.094507314 -0.019408729 -0.1551703 -0.034803327 0.05536948 -0.15580738 0.046572555 -0.012154065 0.052069575 -0.23697852 -0.046786103 0.028318647 0.063738324 0.12276851 -0.02054537 -0.044306763 0.002290333 -0.07200478 0.04094287 -0.17082816 -0.17666592 -0.16386104 0.00915378 0.074817866 0.088429995 0.049287044 0.0028732193 0.16645874 -0.039164823 -0.01724955 0.038392443 0.021077184 -0.09717847 0.03462763 -0.096534036 -0.03154699 -0.12466978 0.13121606 -0.12191238 -0.12775208 0.012857814 0.10964258 0.11215713 -0.064525336 -0.10532508 -0.103012875 0.11350161 -0.13485266 0.2832025 -0.15359181 0.0012161449 0.0257651 -0.04242296 0.21016748 -0.07260886 0.008937774 0.11916758 0.09803888 -0.26385882 -0.19966947 -0.029205255 -0.08509183 -0.21506613 0.10763336 -0.017271116 -0.04342919 -0.0471269 -0.020702243 0.25878394 0.06149013 -0.15773925 0.08448264 0.077169985 0.17351276 0.06730427 0.23515059 0.41041866 0.036304098 0.03864302 -0.16005096 0.27039135 -0.17702806 0.092761524 0.00767271 0.07520606 -0.15345176 -0.06459787 -0.15812427 0.1303709 -0.05664813 -0.19165975 -0.12949702 -0.18034081 -0.06880047 -0.09276619 -0.014932175 -0.049053237 0.081856064 -0.15827255 -0.052553203 0.05132548 0.041787386 0.15063275 0.006892172 -0.14170967 -0.032078397 0.21824126 -0.21879624 0.07739587 -0.1090861 -0.024615142 0.039549083 0.10543803 -0.04260486 0.15254845 -0.024064763 0.18478884 -0.071572326 -0.23204385 -0.10453152 -0.005728473 0.008161075 0.024994751 0.12236084 0.022804124 -0.03336327 0.020779293 0.005421647 -0.09171148 -0.115261674 -0.06561712 0.013598008 -0.004295456 0.03329632 0.014503398 -0.14040615 0.010255447 -0.07320798 -0.045600157 -0.17455293 0.31337056 0.09355671 0.10058149 0.06432549 0.004277269 0.037548106 -0.0045763417 0.16241801 -0.069757104 0.011995729 0.09935309 -0.15654124 -0.12998942 0.049282737 -0.044436347 0.14424199 0.22385341 0.05355105 0.13495064 0.17018455 -0.06827514 0.02578457 -0.13713552 0.10898942 -0.073924646 -0.010223979 -0.08341872 0.1265329 0.28377742 0.371525 0.0055847643 0.25329772 0.11838307 -0.21277729 -0.16410759 0.052242767 0.089736275 0.21742997 0.0060483613 0.020427713 -0.0010995489
cabbage -0.15118183 0.17181969 -0.009821952 0.10105663 0.116004825 -0.16356675 -0.03166302 0.21516079 -0.07543788 0.10642705 0.04580901 -0.05873624 -0.09611418 0.047202457 0.20004867 -0.16732764 -0.09694924 0.1503196 -0.065864295 -0.09466673 -0.006884181 -0.15110764 -0.03937448 0.044483766 -0.14226453 0.028898466 -0.016668571 0.061043233 -0.23854631 -0.051462736 0.017522156 0.06604185 0.13032377 -0.026455406 -0.049440045 -0.00076868973 -0.06159682 0.035324812 -0.17241645 -0.17990929 -0.1520041 0.012481372 0.07559506 0.08753304 0.05148759 -0.0077720503 0.15763867 -0.040900372 -0.018018844 0.022909293 0.02186929 -0.102268524 0.039520238 -0.10732929 -0.0326604 -0.13433878 0.13192298 -0.13920859 -0.119741336 0.014049227 0.10410061 0.11100003 -0.07597878 -0.11170919 -0.10316931 0.120856054 -0.14011833 0.28775164 -0.16895348 0.010163697 0.016252184 -0.055241823 0.20657879 -0.07461215 -0.0047284635 0.12230146 0.09755181 -0.26451072 -0.21835807 -0.0114678135 -0.08581936 -0.21980217 0.116384536 -0.0035919114 -0.051181734 -0.041579608 -0.03373206 0.25397664 0.049113225 -0.16627595 0.089957975 0.08132665 0.16544056 0.053436447 0.25526875 0.41881108 0.028415617 0.048915297 -0.1695175 0.26621473 -0.18274373 0.09932611 -0.006611073 0.07360364 -0.1537414 -0.047196213 -0.16099167 0.1354407 -0.04393026 -0.19376332 -0.12381538 -0.1788571 -0.07230268 -0.10847131 -0.018519336 -0.04994601 0.0797827 -0.1478026 -0.06233385 0.058252204 0.029250333 0.1522387 0.01493104 -0.13795775 -0.020006305 0.2127111 -0.23099956 0.08679087 -0.12012952 -0.01877663 0.029694278 0.11996053 -0.054743413 0.1609517 -0.022722457 0.20321007 -0.08631004 -0.23702952 -0.11080032 0.008928138 0.025286956 0.029965557 0.11117916 0.026841218 -0.026411962 0.017855128 0.015773928 -0.08118563 -0.11756692 -0.058606464 0.0076260027 -0.009992856 0.03437098 0.017303472 -0.13905811 0.007832602 -0.07489594 -0.042289 -0.17170602 0.32144135 0.11270536 0.09788852 0.07997458 0.01382136 0.02907422 -0.0027187504 0.16795246 -0.06152319 0.005065456 0.10838971 -0.1464135 -0.11916714 0.055115353 -0.047005318 0.13583572 0.21747285 0.059530415 0.13403831 0.15338326 -0.06962234 0.025465168 -0.14526863 0.11664837 -0.07899933 -0.0039677545 -0.07078299 0.13124944 0.2805727 0.36396345 0.0047583287 0.27144963 0.11114463 -0.19725227 -0.1503815 0.050314568 0.09684739 0.22586419 0.009588495 0.007813993 -0.010363154
http://jczs.sina.com.cn -0.12446104 0.10102741 -0.013693652 0.09335069 0.053207546 -0.1073829 -0.006156921 0.12563854 -0.08429174 0.088130035 0.030757291 -0.042957526 -0.06967096 0.036855068 0.1448684 -0.12160865 -0.052791335 0.092275105 -0.028941883 -0.06934512 0.0022823694 -0.10378981 -0.03462925 0.041372962 -0.08526909 0.019448033 -0.01947032 0.051563572 -0.14072876 -0.052070938 0.03543692 0.07078667 0.072687134 -0.0055677965 -0.026500115 0.0046474785 -0.04623616 0.03142544 -0.14035106 -0.15853855 -0.1214019 0.008452983 0.054562483 0.06107015 0.062503375 0.0013736192 0.100903496 -0.010337945 -0.026547758 0.018983664 -0.013391809 -0.054713525 0.01981407 -0.084409155 -0.022858372 -0.09215709 0.10565241 -0.09272659 -0.09540033 -0.0030063528 0.08044495 0.087005764 -0.064790316 -0.07622306 -0.08499931 0.07117461 -0.12959698 0.20695251 -0.09491004 0.014340612 0.01130699 -0.03064493 0.13248338 -0.03922118 0.0027608578 0.07843407 0.047595203 -0.1805351 -0.14095107 -0.009413183 -0.047719855 -0.17013186 0.091209024 -0.005864923 -0.027160589 -0.024607794 -0.018799609 0.15836056 0.0350305 -0.10160736 0.05742008 0.030678207 0.10872753 0.04739528 0.16886063 0.2866178 -0.006412756 0.013925093 -0.12424716 0.18554936 -0.106344916 0.04223482 -0.0012178587 0.040484827 -0.10013265 -0.031258155 -0.11590685 0.104237944 -0.028977357 -0.13053891 -0.06715256 -0.10280263 -0.038951382 -0.06644203 -0.0019431609 -0.03478672 0.06564532 -0.12576425 -0.039878268 0.017906161 0.03823296 0.076421246 0.0018364267 -0.09447603 -0.009227361 0.14572778 -0.15026285 0.06542294 -0.06618808 -0.0023279833 0.0049336934 0.08679937 -0.05502714 0.1134225 -0.02961858 0.11601347 -0.04634733 -0.16429593 -0.0553915 0.0015163184 0.017797822 0.035974115 0.07936586 0.020763425 -0.0058757034 -0.001008469 0.009698173 -0.05210329 -0.054391008 -0.038378324 -0.009611126 -0.012060783 0.020383596 0.01716914 -0.072983176 -0.02264846 -0.053056937 -0.013827965 -0.113153495 0.19333313 0.08300704 0.07457804 0.053464 -0.0098111555 0.008841113 0.0055363337 0.089912206 -0.060910527 -0.008125194 0.052014567 -0.09439144 -0.06498415 0.050957605 -0.039047115 0.0655709 0.11961251 0.051797774 0.079890706 0.11997343 -0.06501861 0.020243915 -0.09581425 0.0839952 -0.037352517 0.00031804407 -0.07451051 0.06898675 0.1891803 0.23236437 0.016301597 0.18328595 0.074897006 -0.1395677 -0.09426371 0.058209084 0.076907486 0.15159102 0.013964638 -0.0075723547 -0.013101023
Â½ -0.32518178 0.26139775 -0.056067623 0.24897046 0.12602043 -0.26592347 -0.04564405 0.3633958 -0.22720972 0.27038518 0.06886732 -0.12649061 -0.18215914 0.09351172 0.424079 -0.3229031 -0.16336353 0.25078332 -0.10077706 -0.17004956 -0.0017905126 -0.28089526 -0.10904319 0.10063587 -0.25218624 0.041708145 -0.05255334 0.10529774 -0.38977528 -0.12793902 0.087528855 0.1762718 0.2168231 -0.053418178 -0.08823036 -0.009536981 -0.12692253 0.074702464 -0.3798278 -0.39691675 -0.3269739 0.0076079383 0.15390486 0.14883238 0.15981679 0.018969938 0.25592735 -0.009072677 -0.04479393 0.05462693 -0.046010807 -0.1463964 0.044098757 -0.20271221 -0.053667564 -0.24558315 0.2531449 -0.25174564 -0.22701778 -0.0115050245 0.22238906 0.25517654 -0.15809782 -0.21937819 -0.24823679 0.21716107 -0.34445116 0.5537075 -0.26928988 0.04405835 0.042002648 -0.08857214 0.35906073 -0.1414207 0.013571605 0.17871213 0.15855892 -0.47874668 -0.372019 -0.025579544 -0.12287927 -0.4945392 0.2505532 -0.0367606 -0.053194713 -0.10996997 -0.07733478 0.43582815 0.099418804 -0.2893057 0.117477745 0.08535571 0.289832 0.11570506 0.4437022 0.7563765 0.012907278 0.06776489 -0.35652545 0.47733712 -0.31586272 0.113129616 0.01882075 0.11894399 -0.28627765 -0.07875889 -0.33134505 0.27435488 -0.10107735 -0.3466649 -0.1933587 -0.28970528 -0.10091349 -0.14330792 0.009451107 -0.0917304 0.19701245 -0.29992372 -0.08566528 0.08476111 0.09707518 0.210755 -0.027359644 -0.25023055 -0.06117574 0.4015877 -0.42697433 0.20563893 -0.16832761 0.0025545687 0.04899683 0.1916813 -0.12951453 0.2948121 -0.084989816 0.3183825 -0.13308267 -0.43343207 -0.13629085 -0.015971193 0.028009955 0.119426556 0.210681 0.049624607 0.00045295607 -0.017974524 0.020900331 -0.12719792 -0.17813726 -0.116732135 -0.040885787 -0.01900893 0.05888751 0.017225772 -0.20500416 -0.05669931 -0.17386577 -0.07912501 -0.32430622 0.5495103 0.19212708 0.18688105 0.1339684 -0.024198176 0.031796 0.03683702 0.2372003 -0.15657525 0.002601429 0.16714408 -0.2520296 -0.17565286 0.12952271 -0.082805425 0.19054435 0.34978217 0.12811974 0.20983195 0.30660817 -0.16376172 0.06310953 -0.2562614 0.20206629 -0.1226174 0.011280765 -0.22444047 0.20221554 0.5431199 0.6335241 0.06430717 0.49621412 0.19544396 -0.38617697 -0.2649985 0.14965892 0.21320496 0.38570014 0.04243155 0.007973686 -0.05105814
Íê£© -4.0183066e-05 -0.004285088 -0.003374654 0.0006010026 -0.004815987 0.002762947 0.0037085926 0.0045827394 -0.0049178977 -0.0023222237 -0.0012454736 -0.0016318113 0.0035047443 0.004598059 -0.004077639 0.003078174 0.0010359669 -0.0032806832 0.0004215753 0.004686934 0.0019883097 -0.0046928134 -0.0024338884 -0.0049196417 0.0017485934 -0.0031208117 0.001027503 -0.0030721575 -0.0032652444 -0.002078932 0.0013734383 0.0010302258 -0.0035146517 0.004200689 0.004651406 -0.00075295806 0.001267075 -0.0028808885 0.0006307095 -0.00046839833 0.0016430748 -0.0035292215 -0.0040247273 0.0037628978 0.0048316843 -0.0016821122 -0.0024035913 0.0007642269 -0.004686467 0.0041698073 0.0036272812 9.288192e-06 -0.0043831402 -0.00031499268 0.0024221772 0.0011885244 -0.001135118 0.003691327 -0.0046103965 -0.003987412 0.001506468 0.0018142146 -0.0019027567 -0.0016201353 -0.0028131425 -0.003482822 0.0021738017 0.003967541 0.0033114385 0.004228173 -0.00086773577 -0.003614096 -0.0014854866 -0.00021224617 0.00068136276 0.0049483585 0.00021469712 0.0020727355 0.0038162111 -0.0009480303 -0.0017432314 -0.0032831454 0.000116337535 0.0048587113 0.001613428 0.001096803 -0.0020556378 -0.0011203348 0.0024026358 -0.0024996446 -9.4127055e-05 0.0044046678 0.00016791046 0.0015213757 0.0010513491 -0.004914109 0.002120396 0.0013636106 0.0043367706 0.002725858 0.00452551 1.8035173e-05 -0.002459721 -0.0037273623 0.0017116362 -0.0012672257 0.00067480205 -0.00020613492 -0.0010040271 0.0004071945 0.00037477314 -0.0040124883 -0.0010348314 -0.001592291 0.00013456642 -0.00019842506 0.003741457 -0.0026700313 -0.00043036282 -0.004472463 0.0034219814 -0.004174685 -0.0048217154 9.202242e-05 7.5268745e-06 -0.004844429 -0.00021363377 -0.0036885215 0.0011147404 -0.0020308078 -0.0011921806 -0.0011802507 -0.0047095744 -0.00061656476 -0.004598028 -0.00089969335 0.0014116955 -0.004283371 0.0031472892 0.004030142 0.0039538294 0.0035091238 0.000911957 -0.0010023981 -0.00010214925 0.003925417 0.0031518603 0.0037245946 0.0005018294 0.0038187064 0.004423126 -0.0024911505 -0.0028449732 6.8210364e-05 -0.004514149 0.004706803 -0.0017497801 0.00021505296 0.0031570406 0.0033025593 -1.6717315e-05 0.00040298642 -0.0040608626 0.003867957 -0.0013687431 0.00012068212 0.0006649673 0.002735731 0.00269464 -0.0038503848 0.0033202136 0.00096802594 0.0017873973 -0.004710783 -0.004370872 0.0010507172 -0.0034439713 0.0012520337 -0.0018596947 0.004275704 0.0031239605 -0.0033669632 -0.0040381555 0.0043295044 0.0014169866 0.0039013762 0.0038123883 0.00063630997 -0.0018989652 -0.0042618085 -0.0038635368 0.0043155984 -0.0027292233 0.0005510759 -0.0017933899 -0.0024016553 0.00019531965 0.0005844879 0.0035473579 -0.0003707671
²¿ -0.35077736 0.27841362 -0.055940818 0.26432627 0.14015934 -0.29592654 -0.046061493 0.3809663 -0.25055778 0.29025558 0.079023264 -0.13177398 -0.19671424 0.104751736 0.4594364 -0.34077185 -0.18394046 0.26191387 -0.109658755 -0.1820374 -0.009170471 -0.29302377 -0.106887944 0.1093569 -0.2692606 0.044199992 -0.045957062 0.12271632 -0.4212882 -0.13587604 0.10169897 0.18309413 0.23736666 -0.05619321 -0.09446414 -0.009047656 -0.12997681 0.08609616 -0.4119585 -0.4325252 -0.35171705 0.008080746 0.16637757 0.1679968 0.1702515 0.027054971 0.27906963 -0.011683438 -0.046110272 0.062469043 -0.046761695 -0.1549751 0.0379646 -0.21849465 -0.056845058 -0.26293665 0.2742542 -0.26925102 -0.24553752 -0.005863551 0.22814313 0.28041977 -0.17266081 -0.2245842 -0.2684354 0.23098357 -0.36933318 0.59487313 -0.29762873 0.042835586 0.04497599 -0.102242164 0.3894191 -0.13942762 0.014007727 0.19773349 0.17114092 -0.5106627 -0.39896733 -0.022595368 -0.13286935 -0.5218685 0.27343476 -0.05001781 -0.053671505 -0.10993831 -0.08974401 0.467685 0.10387583 -0.30311507 0.12065727 0.101562604 0.30939472 0.12508845 0.46968144 0.80905974 0.021319691 0.07044966 -0.38996705 0.50919855 -0.3344849 0.12210561 0.012352831 0.12451446 -0.3085584 -0.085924625 -0.35247627 0.29774153 -0.102272436 -0.36896852 -0.20677038 -0.30091807 -0.11270939 -0.15359616 0.020860618 -0.09817409 0.20087047 -0.31644595 -0.09751767 0.0862514 0.10350528 0.22461984 -0.025545057 -0.2778185 -0.06363804 0.42634115 -0.45634943 0.21290429 -0.17715079 0.0023569462 0.046564654 0.20718957 -0.13444379 0.32346866 -0.08960968 0.34122598 -0.14745174 -0.46259606 -0.14701885 -0.012020861 0.037863944 0.13657154 0.22784144 0.06043036 -0.0027494233 -0.016828086 0.024031423 -0.14004932 -0.18224446 -0.12572744 -0.046316955 -0.023536019 0.073544934 0.0167587 -0.21416433 -0.062453866 -0.18563895 -0.08480721 -0.35446107 0.58886516 0.20728123 0.2102999 0.14467162 -0.027257903 0.029428119 0.041374896 0.25178146 -0.15690993 0.00048659675 0.17778592 -0.2643667 -0.192287 0.12943529 -0.09442316 0.20436467 0.3720158 0.14211689 0.22336204 0.32289806 -0.17893104 0.068615034 -0.2793234 0.22055112 -0.1362302 0.010317493 -0.23759577 0.208593 0.58041996 0.68660074 0.05988593 0.5336678 0.20351365 -0.41115376 -0.28686294 0.16127543 0.22231163 0.41327593 0.043887645 0.0038594005 -0.05545241
: -0.09233446 0.08529021 -0.024454983 0.0713623 0.035953518 -0.083051726 -0.0057339338 0.106390715 -0.074071415 0.07609654 0.019939592 -0.036684655 -0.052395903 0.031027729 0.12853341 -0.09255992 -0.056763746 0.07856227 -0.033919673 -0.061226316 -0.004060993 -0.08275196 -0.02194775 0.028038444 -0.08044864 0.009426659 -0.017377855 0.025671728 -0.122719355 -0.04330059 0.024525566 0.05321501 0.06278188 -0.015477043 -0.029102428 0.005023037 -0.04035954 0.02212444 -0.12425508 -0.117882706 -0.09174375 0.01025328 0.0454644 0.055944346 0.054337375 0.0042924173 0.07362754 -0.0017427235 -0.008770988 0.012793091 -0.0064392 -0.04004706 0.014124837 -0.07001168 -0.01720186 -0.071943335 0.0767484 -0.08044983 -0.06809654 0.0013198894 0.070809595 0.084347256 -0.053236853 -0.061941966 -0.07542032 0.069759846 -0.106887214 0.16490157 -0.090552755 0.008891187 0.010953395 -0.021672947 0.11636272 -0.035495624 0.004015854 0.057875678 0.04612879 -0.15258275 -0.11615474 -0.003773922 -0.036396462 -0.15348257 0.08022341 -0.016661834 -0.014522012 -0.032187365 -0.014599579 0.13227606 0.026231825 -0.08842161 0.038584676 0.036475662 0.093962945 0.040876165 0.13598748 0.23712984 0.00499304 0.009600484 -0.113870434 0.15431121 -0.09591935 0.035908047 0.0131233195 0.031983443 -0.09385613 -0.027510246 -0.08951439 0.09181227 -0.032394987 -0.10033993 -0.05706911 -0.095038556 -0.02957665 -0.050114032 -0.0017907859 -0.029980233 0.052032683 -0.100500114 -0.021958407 0.024514174 0.027881036 0.06469837 0.003767856 -0.0767481 -0.014915069 0.12116354 -0.1235288 0.05177281 -0.057498705 -0.006659418 0.019354068 0.06619024 -0.038477704 0.09009019 -0.030581594 0.09686026 -0.04652231 -0.13647997 -0.053180628 -0.0029767607 0.015558311 0.031889487 0.062916726 0.01682168 -0.006541504 -0.0073340693 0.0025265284 -0.031149486 -0.04822475 -0.041719176 -0.002287245 0.0021326104 0.020004112 0.0068684733 -0.057200536 -0.023746442 -0.045278404 -0.017132059 -0.092776045 0.16194576 0.056638904 0.06070899 0.03478193 -0.008521471 0.0067778183 0.0155128315 0.0855326 -0.041437097 -0.0069610947 0.057569534 -0.078508146 -0.052988864 0.033776358 -0.023020552 0.05378142 0.113323785 0.033739958 0.060796484 0.08420146 -0.04362179 0.0127698835 -0.07441281 0.059480548 -0.029535888 -0.0016749507 -0.06026867 0.05536347 0.16458069 0.19934757 0.020585855 0.15183438 0.062552705 -0.12158905 -0.0830705 0.044949997 0.059258305 0.12635536 0.0014956067 0.0039030442 -0.016069334
ÓÐ -0.42020038 0.3412691 -0.07225971 0.32206476 0.16849235 -0.35047078 -0.058914334 0.46564 -0.29293287 0.34404516 0.09687905 -0.15638953 -0.2334901 0.115306504 0.5436231 -0.41377625 -0.20892507 0.32041806 -0.13445719 -0.21989842 -0.007742667 -0.35401827 -0.13580796 0.13129076 -0.32672688 0.046612605 -0.062325347 0.13872585 -0.5128007 -0.16379692 0.12408688 0.21800192 0.28392106 -0.06476701 -0.11574444 -0.010798716 -0.15322283 0.094083674 -0.49405706 -0.51656157 -0.4110079 0.0036170306 0.20472202 0.20020126 0.20212837 0.0272785 0.33101356 -0.013352616 -0.050167806 0.074466206 -0.052915115 -0.17703757 0.051245775 -0.26843673 -0.0758795 -0.31336558 0.32259518 -0.33265868 -0.30006725 -0.0014962464 0.27836338 0.34161383 -0.20402206 -0.27714708 -0.32031038 0.27846736 -0.44760284 0.7097165 -0.35232684 0.049059015 0.053519532 -0.11521903 0.47618705 -0.17109832 0.018181618 0.23661621 0.20421399 -0.60971844 -0.48421597 -0.029969987 -0.16891697 -0.6220992 0.32221094 -0.04623666 -0.06953009 -0.124426395 -0.10554304 0.5488179 0.12418251 -0.36411119 0.15328771 0.12302048 0.3684444 0.15158793 0.5674417 0.97867465 0.0115609225 0.07593178 -0.45919803 0.61330444 -0.40563023 0.14568432 0.020378724 0.14925094 -0.37264743 -0.100263305 -0.41149214 0.35660496 -0.1294894 -0.4447985 -0.26274347 -0.36372718 -0.14322948 -0.1959618 0.021522425 -0.11700293 0.23896493 -0.39457807 -0.12051431 0.101652496 0.12714039 0.27906397 -0.02222008 -0.33362228 -0.0677997 0.5048181 -0.5566072 0.24965028 -0.2187827 0.0082431985 0.058147002 0.25534394 -0.15868367 0.38262078 -0.106692374 0.41869894 -0.17822403 -0.56305 -0.18496285 -0.021449298 0.040769678 0.15508635 0.28184223 0.07269402 -0.00506627 -0.012296809 0.019841483 -0.1652712 -0.22230235 -0.14413668 -0.0444197 -0.01629107 0.09246065 0.020948926 -0.25544712 -0.0664285 -0.21948652 -0.087678425 -0.42466202 0.701104 0.24455982 0.249713 0.17042305 -0.024532061 0.030565193 0.04419732 0.31243372 -0.1941616 0.0059487354 0.21076065 -0.32829723 -0.2341974 0.15911807 -0.10456239 0.23788059 0.44402245 0.16805463 0.27083352 0.39173704 -0.20802405 0.08830319 -0.32639053 0.2655158 -0.15296511 0.010777041 -0.27107552 0.25533044 0.6890567 0.8254152 0.08022711 0.64107364 0.2489867 -0.49736157 -0.35480133 0.19832796 0.27228957 0.49055994 0.044544768 -0.007580048 -0.07193586
£¨Íê£© -0.010694512 0.007311131 -0.001793534 0.0030935807 0.00802411 -0.0040389025 -0.0012474456 0.010959147 -0.0044549 0.008533853 0.00278469 0.00089095684 -0.0016833701 0.0070167165 0.007335432 -0.005971776 -0.0025209894 0.010443067 0.0019078036 -1.6229518e-05 0.0023085296 -0.004006002 -0.006710551 -0.0013376784 -0.006974667 -0.0015470926 0.0020891828 0.0059305364 -0.010512983 -0.0050931606 0.0048599183 0.006288837 0.004749692 -0.0024405788 -0.0026111584 0.00095337303 -0.007844243 0.006823627 -0.008644346 -0.0075051133 -0.007568721 -0.0011253789 0.0049041044 -0.00020376901 0.0011593443 0.0023526342 0.0038352413 -0.00035544348 -0.0054478147 0.00602618 0.0015877704 -0.0006157804 -0.003168212 -0.0046670507 -0.0065354947 -0.005736492 0.0044175847 -0.0051747146 -0.0068334537 0.0012799068 0.009912176 0.0042338935 -0.0037150173 -0.0022606016 -0.010607015 0.00378601 -0.007855374 0.01144983 -0.0026277015 -0.00064988167 0.0027754721 -0.0018641623 0.006637703 -0.0044320254 0.0019790016 0.00055259606 0.0035607384 -0.011500016 -0.008650811 0.0014406216 -0.0053534666 -0.008370568 0.0018610539 -0.0057210694 -0.0028660712 -0.0040836474 -0.00031984426 0.008278057 0.005880462 -0.0079852175 0.00051049906 -0.0011764262 0.0045946073 0.0026572861 0.011390325 0.021741766 0.0014258517 -0.0017768536 -0.0094196 0.015207393 -0.01165505 -0.0012360731 0.0048358995 0.0028027203 -0.00777578 -0.00089332904 -0.008115855 0.0112467455 -0.0070826993 -0.010162709 -0.006727326 -0.011808589 -0.0007191853 -0.0012666115 -0.0022740006 0.0011586375 0.0014496192 -0.008740086 -0.0040876213 0.0048720697 0.0071660853 0.010105537 -0.0015201573 -0.010475914 -0.0033079966 0.01402656 -0.009367804 -0.00013321952 -0.007744463 -0.0008651203 -0.001875496 0.004752273 -0.0022092145 0.01043945 -0.0010691083 0.012566024 -0.0035680158 -0.006865178 0.00082954095 0.0008872346 0.004549529 0.0066893892 0.0017968328 0.004498968 0.001578205 -0.0047506858 -0.0038580035 0.0003724694 -0.007142714 -0.004699951 -0.00025939278 -0.00026663588 0.001754893 -0.0035611491 -0.0061827223 0.0006766073 0.00028890785 -0.00093733874 -0.0073511503 0.015057023 0.00026665756 0.006923771 0.0051051066 -0.0009853547 -0.0009445886 -0.0024317265 0.008188583 -0.0052264184 0.0032543866 0.0020081138 -0.008916064 -0.007888976 -0.00038068427 -0.0059338957 0.008143749 0.0069561983 0.004096318 0.003911269 0.0037040631 -0.0021538045 0.0025894018 -0.0024211465 0.006044217 -0.0056160465 -0.0036734953 -0.0046968255 0.0025148578 0.016055467 0.02042093 -0.0006374887 0.015409144 0.005020924 -0.0061236387 -0.003264178 0.0038418898 0.0079516275 0.0064331694 -0.0005647837 0.004489546 -0.0019107036
health -0.12770708 0.12998545 -0.005488821 0.10261395 0.08591301 -0.11355678 -0.026171789 0.1671822 -0.067800835 0.094031535 0.05040773 -0.048751883 -0.08662799 0.04060265 0.17317559 -0.14679125 -0.08015499 0.097794235 -0.051941384 -0.07802804 -0.012244211 -0.12550351 -0.04739607 0.037471123 -0.11318709 0.017978454 -0.011435742 0.039842095 -0.19002257 -0.022033976 0.012348544 0.06384986 0.08676381 -0.016646303 -0.03508346 0.007269955 -0.050331496 0.028425893 -0.15141104 -0.17046408 -0.13944556 0.021373443 0.068704784 0.07108116 0.046739507 0.009064061 0.13383266 -0.022157693 -0.028380577 0.018141441 0.021670708 -0.07892102 0.012422186 -0.09044806 -0.020975644 -0.11998512 0.12779382 -0.10950036 -0.11107274 0.017014293 0.082430236 0.11991993 -0.058044154 -0.10241759 -0.10876639 0.08461157 -0.12752871 0.25047803 -0.13066864 0.0024987587 0.023290105 -0.04649006 0.14936547 -0.057839576 0.018797567 0.07727421 0.07186874 -0.22358792 -0.17965852 -0.012994967 -0.053872056 -0.19764681 0.10509224 0.0025550534 -0.03304242 -0.025509318 -0.038131267 0.20850468 0.052394003 -0.13110663 0.07966814 0.056736987 0.13313812 0.054171294 0.19939224 0.33816892 0.029555917 0.02772311 -0.14603385 0.2303331 -0.16091198 0.07993231 0.016534224 0.05884107 -0.14501305 -0.037515026 -0.13469303 0.102517284 -0.045229264 -0.15839759 -0.10950564 -0.14719893 -0.065952264 -0.08726875 -0.007154754 -0.06678516 0.0644255 -0.12927964 -0.050531875 0.02464291 0.020825056 0.13375401 0.013596369 -0.104916506 -0.017765418 0.17169675 -0.18967402 0.07572637 -0.10016554 -0.005186269 0.03154857 0.093447715 -0.040364675 0.13818152 -0.023178808 0.16834015 -0.05763831 -0.19892131 -0.08378216 -0.011812606 0.0006491582 0.0151398685 0.1034694 0.02120163 -0.014808373 0.0017316708 0.010798777 -0.07141828 -0.08224352 -0.04455526 -0.0061594904 -0.01672495 0.028350549 0.020218972 -0.106749035 0.002135491 -0.050563086 -0.03725662 -0.14076583 0.27500063 0.067275316 0.07619976 0.07056328 -0.011719196 0.026506828 -0.013089288 0.13109137 -0.05479088 0.011010805 0.09641112 -0.12627737 -0.09668405 0.061159644 -0.030955717 0.10554619 0.17640209 0.063648336 0.09965391 0.13671042 -0.07992495 0.026927209 -0.12196907 0.09138337 -0.06436317 -0.015896276 -0.0557337 0.09272929 0.22872326 0.2987504 0.015040046 0.20483167 0.08141071 -0.1787588 -0.14480971 0.0651992 0.080775216 0.17413844 -0.0013134377 0.010501399 -0.0057324194
Ö± -0.36817786 0.29480246 -0.059580013 0.2622345 0.1345398 -0.29993036 -0.054648582 0.39750892 -0.24593131 0.30015692 0.07641731 -0.132643 -0.19564547 0.108195 0.4731535 -0.34663516 -0.18853785 0.27452627 -0.115841314 -0.18261749 -0.0034116392 -0.29731727 -0.11627463 0.12056107 -0.27310097 0.04873084 -0.06083727 0.11627176 -0.4302249 -0.14363389 0.10049596 0.18762016 0.23424138 -0.058991373 -0.09407051 -0.018184435 -0.13379914 0.09397786 -0.4136387 -0.43526065 -0.3529783 0.006213588 0.17190154 0.16683672 0.17299353 0.035282724 0.28543434 -0.004074603 -0.053338416 0.070489764 -0.048718028 -0.14744003 0.044241108 -0.23096164 -0.056593187 -0.2728079 0.28052983 -0.28301173 -0.24919224 -0.0049868436 0.24684976 0.28584313 -0.18117915 -0.23974569 -0.26951435 0.23475102 -0.37405154 0.61148167 -0.2930638 0.047807496 0.052943565 -0.106763884 0.3986618 -0.15493262 0.010219847 0.20439316 0.16836284 -0.521734 -0.41045153 -0.019296022 -0.15106417 -0.5395262 0.27734783 -0.051197544 -0.05040107 -0.11023973 -0.08505082 0.47106898 0.11533021 -0.31223866 0.121607095 0.092578866 0.31499124 0.13426302 0.48000276 0.83148533 0.022807641 0.078302115 -0.40692496 0.5163465 -0.3392265 0.13324183 0.010785714 0.12421009 -0.31715286 -0.0948251 -0.36311564 0.31208894 -0.10952278 -0.37314612 -0.22358434 -0.3228715 -0.11006937 -0.15957268 0.017581291 -0.094492495 0.2200925 -0.33122513 -0.09649724 0.08331197 0.109539144 0.22690481 -0.021557037 -0.2888952 -0.06701142 0.44236645 -0.47157398 0.21458386 -0.19328749 -0.00038991836 0.053486705 0.2070741 -0.13721181 0.32735693 -0.08960714 0.36004153 -0.1551865 -0.46795994 -0.14773872 -0.020563196 0.030095002 0.13671812 0.23728141 0.058366995 -0.0028218175 -0.008386467 0.015766788 -0.1311836 -0.19623901 -0.13213222 -0.049016714 -0.01427064 0.07963048 0.019047625 -0.21858066 -0.05210225 -0.19107375 -0.08644057 -0.3583666 0.5970728 0.20907544 0.20532066 0.13987151 -0.024354614 0.028340528 0.049710304 0.25697827 -0.16622415 0.007492932 0.17582789 -0.27658558 -0.19554918 0.14257461 -0.09467406 0.2039299 0.3881301 0.15635727 0.22720537 0.33972722 -0.17118013 0.07806204 -0.27700475 0.22547708 -0.13384324 0.012522801 -0.24357258 0.21120232 0.58742553 0.70531076 0.069817655 0.54739076 0.21102752 -0.42518342 -0.30184686 0.16754022 0.23375252 0.42832983 0.042557478 -0.0062895915 -0.05685347
¹ú -0.32343197 0.2589581 -0.055730067 0.24653056 0.12054203 -0.2698063 -0.038246796 0.35576832 -0.22658107 0.26273504 0.0745382 -0.12297825 -0.17238793 0.08977481 0.41595623 -0.3154704 -0.15840895 0.2414043 -0.096131384 -0.16837305 -0.0018478136 -0.26933515 -0.10230508 0.10221203 -0.24520436 0.045070212 -0.045993604 0.10606852 -0.38282812 -0.11852831 0.09136372 0.17022902 0.21024358 -0.044538714 -0.08848108 -0.007859285 -0.11769432 0.07976203 -0.36925343 -0.3921197 -0.31399158 0.0047769668 0.15335836 0.15257682 0.15375187 0.021435011 0.25394863 -0.003840188 -0.04440612 0.05470841 -0.045322157 -0.14121936 0.03820043 -0.19861284 -0.054437265 -0.24019726 0.2474999 -0.24596769 -0.2237417 -0.00041394358 0.21096192 0.25618315 -0.16002093 -0.20760074 -0.24157828 0.20803615 -0.33853495 0.53999186 -0.26237476 0.042462297 0.048671067 -0.091170706 0.36024988 -0.13415879 0.0066599334 0.1818284 0.1508383 -0.46519396 -0.36058512 -0.030155 -0.12784028 -0.4761182 0.23769347 -0.043766282 -0.05302989 -0.09348058 -0.07376305 0.41795218 0.09084314 -0.27921057 0.11956646 0.0828307 0.2779414 0.1166586 0.42797488 0.7356416 0.019340456 0.058542714 -0.35408723 0.46170035 -0.30007675 0.111440234 0.017140457 0.10572531 -0.27968085 -0.07364856 -0.31954405 0.27136216 -0.08995457 -0.3351733 -0.1895098 -0.28019682 -0.09849422 -0.1489622 0.01959656 -0.08408126 0.18159224 -0.29352334 -0.08638433 0.076085314 0.08858714 0.20693852 -0.019827759 -0.24803728 -0.062121246 0.3824751 -0.4184548 0.18895684 -0.16038668 -9.530738e-05 0.047497723 0.19151284 -0.11928095 0.29236528 -0.082474224 0.31785548 -0.13340214 -0.41578415 -0.13947994 -0.016993657 0.0324025 0.117661 0.20738013 0.046185896 -0.001996428 -0.01301662 0.014417299 -0.12028685 -0.16796264 -0.114376985 -0.03792964 -0.012587759 0.067319244 0.017455501 -0.20011388 -0.057061017 -0.17031416 -0.07147672 -0.32262027 0.5339973 0.18429866 0.1855857 0.13037032 -0.025043381 0.029449971 0.0394449 0.23499922 -0.14958389 -0.0019716308 0.16041645 -0.23833996 -0.17869636 0.11940587 -0.08798783 0.18498436 0.33399102 0.12466426 0.19580346 0.29410085 -0.16155627 0.060431767 -0.25011933 0.19252908 -0.11973702 0.0072489227 -0.20780906 0.18976119 0.51917017 0.6221546 0.05538328 0.4858207 0.18106803 -0.37449834 -0.27114755 0.14307256 0.20204599 0.3683972 0.034353737 0.000751737 -0.053163886
Apr -0.2695091 0.15625992 -0.046871603 0.21011256 0.1198436 -0.21109724 -0.030162737 0.2580642 -0.15505604 0.1607126 0.060069 -0.09298665 -0.18119498 0.09988521 0.2781555 -0.24708286 -0.1204233 0.15127783 -0.10399782 -0.12918928 -0.004686453 -0.22707391 -0.06021837 0.090214506 -0.18062279 0.01543716 -0.04482109 0.10486496 -0.3043563 -0.07915381 0.10525938 0.10208429 0.17780167 -0.022859048 -0.0869502 -0.010830223 -0.058322772 0.01759453 -0.329316 -0.29168084 -0.26783475 -0.02805796 0.15982887 0.1322477 0.12479041 -0.005829964 0.150007 0.010179603 -0.0050946176 0.026746774 -0.021997683 -0.085724294 0.038185168 -0.2029447 -0.066665284 -0.16850182 0.21463028 -0.2404523 -0.19975244 0.01463201 0.15931228 0.22987872 -0.13693298 -0.16191551 -0.22371174 0.20021994 -0.25095248 0.43686742 -0.19216043 -0.006314258 0.059159588 -0.06008963 0.29868227 -0.055431843 -0.001336827 0.13445494 0.10224677 -0.34502432 -0.31378642 -0.054913383 -0.09653515 -0.32626545 0.18581061 -0.035721093 -0.025138035 0.0027980562 -0.056907304 0.28816685 0.023818133 -0.23439126 0.14344084 0.07156199 0.21579911 0.096218176 0.3288883 0.60767144 -0.051065516 0.05416725 -0.2257234 0.35734043 -0.22214346 0.06474706 0.040974285 0.08469095 -0.2271333 -0.07200526 -0.20709853 0.20264322 -0.06560139 -0.21735886 -0.16633835 -0.18409686 -0.08495005 -0.15870053 0.031900655 -0.06568897 0.14123164 -0.2304794 -0.054427173 0.045740902 0.12860502 0.20934641 -0.0062647453 -0.20591173 0.0007353202 0.25692436 -0.2777246 0.10823165 -0.11583873 0.027238311 0.0044897404 0.16126685 -0.11307943 0.19063604 -0.08156693 0.24662082 -0.09048535 -0.31159037 -0.115308724 -0.062330764 0.026576603 0.053225856 0.18837763 0.054860767 0.019701833 -0.060085315 -0.0012517193 -0.07231108 -0.13641332 -0.098241486 -0.019482713 0.0007255111 0.083416365 0.013472595 -0.12586033 -0.058975477 -0.14109063 -0.0104168365 -0.23014472 0.3758515 0.17725763 0.1511826 0.12233057 -0.043689784 0.029111601 0.0027538694 0.22050107 -0.08673066 -0.02818246 0.11580929 -0.20088507 -0.15465388 0.10595481 -0.06817589 0.11965741 0.26486444 0.11973037 0.15977293 0.17279512 -0.1370044 0.083667636 -0.15178871 0.13197689 -0.06820864 0.021506919 -0.1662668 0.10934312 0.355323 0.481145 0.07969405 0.38450858 0.18011439 -0.24497059 -0.20779796 0.13015707 0.15631367 0.31120202 -0.017763942 0.009073427 -0.06854945
(Tue -0.25256935 0.14704642 -0.037942283 0.19621448 0.11154898 -0.20702611 -0.030470507 0.23647365 -0.14541753 0.15381874 0.062330056 -0.08799187 -0.17979485 0.09280375 0.27328965 -0.2324942 -0.12359513 0.14212279 -0.09190313 -0.12676239 0.004992739 -0.23010737 -0.07078595 0.08288139 -0.17665106 0.0071635586 -0.03786132 0.09816426 -0.29513294 -0.08248242 0.10665538 0.09674695 0.16016679 -0.022168312 -0.08726128 -0.018235834 -0.058131218 0.012968691 -0.31805682 -0.27895728 -0.25571555 -0.023552425 0.1481812 0.13855648 0.12386221 -0.0053048595 0.14359604 0.025004182 -0.0029245059 0.03427574 -0.029457543 -0.069931544 0.043995325 -0.19255432 -0.07197395 -0.15395209 0.19999298 -0.22460254 -0.19547777 0.012508332 0.14624012 0.22557881 -0.12509014 -0.145194 -0.21417892 0.191358 -0.2437653 0.42895022 -0.18022163 -0.0046888255 0.054691106 -0.054508414 0.2855408 -0.05172615 -0.0041180365 0.1228272 0.102397814 -0.33682138 -0.290406 -0.060587425 -0.09081758 -0.31521994 0.16578954 -0.03572037 -0.024547812 0.0024526354 -0.04609814 0.27861768 0.02453401 -0.2243809 0.13589239 0.06600808 0.20054883 0.09034156 0.31757265 0.5931843 -0.04379366 0.042311795 -0.21419847 0.33403912 -0.20358965 0.055563 0.039630238 0.08089958 -0.211551 -0.058576517 -0.18933521 0.18340047 -0.06522447 -0.19555056 -0.16572048 -0.17792426 -0.0825164 -0.1451419 0.040390495 -0.06849297 0.14033 -0.21985237 -0.060528364 0.03538426 0.13221776 0.19305071 -0.0035313885 -0.20028952 -0.009179228 0.24878973 -0.2597389 0.106869355 -0.10573347 0.02351844 0.0032295187 0.16420105 -0.11588466 0.18651314 -0.07765325 0.23444511 -0.081142895 -0.28335193 -0.11970333 -0.054656 0.0317612 0.057606254 0.18022317 0.058346126 0.013778499 -0.058766883 -0.0004987358 -0.06022445 -0.12062878 -0.09479128 -0.024860207 0.0074603665 0.07492746 0.008997681 -0.117834024 -0.056911726 -0.13440731 -0.011805158 -0.22413673 0.35858744 0.15799437 0.1475035 0.11631694 -0.053379618 0.02197749 -0.00014277603 0.21004328 -0.08192724 -0.036304597 0.0972278 -0.1904514 -0.15220721 0.09589788 -0.06337893 0.10565461 0.2526087 0.11510821 0.16228339 0.15920375 -0.12933272 0.082135394 -0.14007849 0.13284011 -0.07384039 0.02991507 -0.15398967 0.10419412 0.34173283 0.47121084 0.078379855 0.3771987 0.17288129 -0.23418748 -0.20480978 0.122011624 0.16153273 0.29947913 -0.015027747 0.012768177 -0.06319651
¶Ó -0.3022996 0.2483965 -0.055269912 0.23401622 0.119943716 -0.24883537 -0.043057796 0.3357493 -0.21650076 0.24854812 0.063040264 -0.10840528 -0.17061698 0.08836046 0.4000003 -0.29240763 -0.159104 0.23292196 -0.09222962 -0.16024016 -0.0064012213 -0.25499138 -0.10211805 0.09752867 -0.23739 0.03548355 -0.03938434 0.10037488 -0.3657761 -0.11197089 0.0896657 0.16468026 0.20006295 -0.046831034 -0.08127809 -0.012621547 -0.109752506 0.077644 -0.35915303 -0.37873328 -0.30549964 0.0066913487 0.14107068 0.1409573 0.14096029 0.017175775 0.24063265 -0.0073017455 -0.043476515 0.056619972 -0.03728446 -0.13757475 0.034954805 -0.18650007 -0.049977016 -0.23022608 0.23542856 -0.2349628 -0.2063471 -0.009170684 0.2074096 0.24229985 -0.15279679 -0.19987288 -0.22763157 0.19912481 -0.3188337 0.51006216 -0.25118607 0.038829867 0.042177524 -0.082682446 0.336141 -0.12971687 0.008943845 0.16609024 0.14841606 -0.43588546 -0.34463373 -0.018780127 -0.11602616 -0.45082173 0.24028012 -0.040072553 -0.05128014 -0.09826195 -0.07677798 0.4034899 0.09863381 -0.26292956 0.106983416 0.08680262 0.26941192 0.10795577 0.4095698 0.69282585 0.020271424 0.06015044 -0.33219415 0.43565097 -0.28905913 0.10293339 0.010742155 0.10311773 -0.261643 -0.06871814 -0.30290294 0.2612939 -0.094495974 -0.31569532 -0.18553413 -0.26354715 -0.099415645 -0.13234234 0.010383884 -0.07649346 0.17469713 -0.2781845 -0.08112311 0.075376 0.08502748 0.19741848 -0.017909935 -0.23146048 -0.05323814 0.36752972 -0.39964697 0.18780915 -0.16175246 0.0053138845 0.036244594 0.17333393 -0.119228505 0.2788288 -0.075352736 0.30187505 -0.13286947 -0.39701807 -0.12740065 -0.006360474 0.028956378 0.122576796 0.20522708 0.04846984 0.0036665266 -0.008462144 0.01606236 -0.11203888 -0.15602104 -0.10269246 -0.043222405 -0.015372822 0.056059223 0.013171192 -0.18977524 -0.0509851 -0.1573222 -0.065864176 -0.30387497 0.51304823 0.17785947 0.17322525 0.121111155 -0.018323818 0.027322853 0.038960535 0.22345567 -0.14356677 0.008654692 0.1472581 -0.23249501 -0.16107523 0.11338541 -0.08280859 0.17378527 0.3269229 0.12253965 0.19221757 0.28686303 -0.15625802 0.06063158 -0.23555078 0.19519794 -0.11354043 0.006081611 -0.20480646 0.18699248 0.50328666 0.593722 0.061024882 0.46530402 0.17437474 -0.36226264 -0.24782115 0.13722818 0.18921262 0.35095972 0.035544828 0.006638176 -0.045649573
Economics -0.1506966 0.12756304 -0.019401444 0.1078363 0.08129703 -0.12847283 -0.023714084 0.17139468 -0.09358943 0.1082724 0.0379486 -0.052264333 -0.0908104 0.038420156 0.1929364 -0.1513563 -0.08266545 0.11694331 -0.0611025 -0.079234034 -0.008105372 -0.13057546 -0.048447628 0.04871467 -0.12979597 0.026413262 -0.022105431 0.05065907 -0.19735672 -0.051791344 0.039094985 0.07200214 0.105940334 -0.0236665 -0.047425035 -0.0013122922 -0.053882077 0.031183401 -0.17491601 -0.17533271 -0.14614622 0.008803976 0.07187622 0.07254561 0.069423884 0.0015202638 0.13256094 -0.0109712845 -0.015151235 0.02847596 0.00211833 -0.081230104 0.020000437 -0.10042803 -0.02869679 -0.12482291 0.12225719 -0.11872447 -0.11311159 0.008952639 0.09848826 0.12378605 -0.06629433 -0.10576469 -0.1147931 0.097952954 -0.15659556 0.26558122 -0.1329631 0.016210638 0.016875925 -0.04969524 0.17323947 -0.06996518 0.005544301 0.095025636 0.072606266 -0.2291786 -0.18845676 -0.011530052 -0.06724462 -0.21475893 0.11417434 -0.012252772 -0.026342481 -0.035056807 -0.038131848 0.21585214 0.04150735 -0.13575244 0.070296004 0.0586236 0.1473406 0.06005397 0.21023035 0.3635853 0.014511333 0.024579484 -0.15900022 0.23278707 -0.15921852 0.06784137 0.0071645053 0.0548946 -0.14222616 -0.04480232 -0.14617239 0.12661867 -0.050461803 -0.16273163 -0.10712954 -0.14235786 -0.061577126 -0.08226768 -0.00041343662 -0.05458275 0.07937891 -0.13852324 -0.040949207 0.036431614 0.039387077 0.120813504 -0.0047244034 -0.12055805 -0.024198394 0.17980935 -0.19883023 0.08603989 -0.091956936 -0.0033425184 0.028161531 0.09609455 -0.04479127 0.1372197 -0.03554507 0.16417512 -0.07187474 -0.20243084 -0.08005313 -0.0025656265 0.014481333 0.037424646 0.10130545 0.023079105 -0.008995127 -0.0012595888 0.013136209 -0.06619717 -0.09229241 -0.051681098 -0.009958822 -0.012692297 0.035048027 0.013575362 -0.105778925 -0.011981702 -0.07339838 -0.03867217 -0.14766443 0.27531594 0.09337903 0.09765104 0.05916241 -0.0021239182 0.019974353 0.012072504 0.12909351 -0.069600426 -0.0032964 0.09010298 -0.12962215 -0.101017706 0.057053156 -0.038777065 0.10176253 0.17266622 0.06680459 0.11380681 0.14350985 -0.07275656 0.030581035 -0.11733158 0.09285995 -0.051863328 0.00051490456 -0.08271391 0.09932821 0.24983461 0.3104671 0.025302008 0.24095236 0.09180699 -0.18471095 -0.13610816 0.06999863 0.094996676 0.19332609 0.008680226 -0.0024702917 -0.014367958
Alchian -0.22912887 0.1976251 -0.022232478 0.1544709 0.1211901 -0.20167004 -0.025967529 0.2638178 -0.13192983 0.1696466 0.059430014 -0.07298794 -0.12224314 0.061620884 0.28465283 -0.22831234 -0.105885334 0.16672185 -0.08906484 -0.13021283 0.0037367223 -0.19794327 -0.063783236 0.083455436 -0.18732627 0.026097277 -0.024610057 0.07568261 -0.2840928 -0.07060337 0.05651507 0.09823944 0.15012933 -0.032226264 -0.06817592 0.0063002515 -0.09388537 0.040794738 -0.26900333 -0.2713958 -0.23536699 0.017069664 0.1074531 0.1196052 0.09787541 0.012376942 0.17422973 -0.025930002 -0.028090848 0.040128693 -0.008593437 -0.104760304 0.022642415 -0.14240946 -0.042569827 -0.19004485 0.18394294 -0.17267439 -0.17428479 0.009126763 0.13759252 0.1734285 -0.10001275 -0.15325631 -0.17829762 0.14909627 -0.2226734 0.38577175 -0.21152827 0.015035446 0.025858846 -0.068912044 0.2550081 -0.1011758 0.0050893403 0.13373232 0.11140415 -0.3410356 -0.2826023 -0.03179837 -0.09918313 -0.32290998 0.16839741 -0.0055680494 -0.049280457 -0.046981122 -0.054777812 0.31667584 0.068749435 -0.21491067 0.1026398 0.06793514 0.21157631 0.08301928 0.3125474 0.5419984 0.027773565 0.034906663 -0.2413959 0.3399055 -0.24276757 0.09149259 0.01914131 0.07652401 -0.20380825 -0.078786954 -0.21461898 0.17818683 -0.075546406 -0.25314337 -0.16326347 -0.2116203 -0.09629408 -0.12812181 0.016196143 -0.08040447 0.12644021 -0.2093541 -0.07341965 0.056026235 0.059889372 0.17928356 -0.0015439095 -0.17645551 -0.03200393 0.27401888 -0.3095313 0.11871579 -0.13941714 -0.0114307515 0.047103405 0.1609843 -0.072607994 0.20463425 -0.04418593 0.23709038 -0.099882185 -0.3015498 -0.113304846 -0.014732562 0.022627776 0.047823086 0.14484015 0.04098247 -0.015490528 0.0044788327 0.018741233 -0.087712735 -0.12440692 -0.07963736 -0.012026535 -0.01505403 0.052336726 0.017442785 -0.1601459 -0.017800516 -0.095516615 -0.05409721 -0.21896158 0.40153706 0.14444067 0.14753473 0.09762566 -0.014002401 0.021892352 0.022270095 0.1843771 -0.10281891 0.0010443509 0.123120636 -0.19080251 -0.13844362 0.0867583 -0.062056407 0.15803923 0.27239025 0.0912149 0.1572563 0.20883991 -0.106677346 0.042299513 -0.17807227 0.13899535 -0.07565886 -0.0032748012 -0.13211124 0.139448 0.36481094 0.4695145 0.045214932 0.35238847 0.13962553 -0.27893877 -0.19473171 0.09355449 0.14749074 0.2797756 0.019925 -0.00427576 -0.024020461
Éý -0.32235533 0.25528795 -0.0496272 0.2354148 0.11562689 -0.26622164 -0.03962015 0.34582943 -0.22066148 0.26535895 0.07424353 -0.11418011 -0.16441298 0.085470736 0.41343966 -0.3045022 -0.16639042 0.23408899 -0.10368243 -0.16637713 -0.011076226 -0.26276374 -0.09342083 0.09326491 -0.23644072 0.044255316 -0.05555521 0.106613606 -0.36913237 -0.12530419 0.078750916 0.15899886 0.20916016 -0.054908015 -0.0788742 -0.012178252 -0.11321035 0.08727822 -0.36073124 -0.3796097 -0.30925345 0.0009356222 0.14251807 0.1434364 0.1518745 0.027175464 0.25700122 -0.002082155 -0.045606866 0.052920785 -0.047588237 -0.12958986 0.03766674 -0.19358183 -0.056336496 -0.2354294 0.23967849 -0.25046146 -0.21932346 -0.00065196905 0.20647159 0.24244425 -0.15372999 -0.20354801 -0.23447582 0.19819672 -0.33313936 0.52895683 -0.25367802 0.03544489 0.034291733 -0.08417514 0.3485711 -0.139562 0.012597944 0.17526123 0.15033568 -0.44894567 -0.3620243 -0.013542806 -0.1254242 -0.46949574 0.24140154 -0.046082836 -0.041367475 -0.10581509 -0.08486776 0.41688704 0.09463697 -0.27680036 0.10236879 0.078106 0.27940956 0.11270402 0.42381376 0.71763957 0.021538578 0.068298206 -0.35031125 0.46015972 -0.3027562 0.1129351 0.0064676916 0.108949535 -0.2664224 -0.07786266 -0.31992224 0.26269388 -0.09923989 -0.32517457 -0.19547993 -0.28386676 -0.09349628 -0.1412725 0.015526035 -0.08936232 0.19044022 -0.2855148 -0.093494095 0.085016534 0.09846791 0.20260248 -0.022799324 -0.23936674 -0.060254343 0.37943605 -0.41204482 0.19321333 -0.16629626 0.0051666563 0.045482744 0.18355191 -0.12750216 0.28207913 -0.08036945 0.31533703 -0.14227863 -0.4173558 -0.12484679 -0.017581437 0.027483681 0.11910456 0.20524596 0.054087833 -0.011080985 -0.00965303 0.015740683 -0.11463383 -0.15934314 -0.117416 -0.039128825 -0.022098007 0.07191608 0.012405794 -0.19880399 -0.053422455 -0.16658562 -0.07318981 -0.3095594 0.52954185 0.1829114 0.18563974 0.121410094 -0.017201586 0.025620127 0.043830346 0.22483484 -0.14009812 0.0013253526 0.15672581 -0.24260914 -0.17618304 0.12505925 -0.090812914 0.18540399 0.34011522 0.134965 0.1972603 0.29795048 -0.15882468 0.061831277 -0.24471411 0.19397466 -0.121182896 0.0025696608 -0.21887009 0.19036734 0.5131341 0.61528 0.05446641 0.47823802 0.18134831 -0.37073597 -0.26376447 0.13941342 0.19544709 0.3723938 0.031041184 0.0065442943 -0.044777513
¡¿5 -0.06633044 0.053698782 -0.0034985486 0.0515291 0.017533781 -0.055562682 -0.0035821083 0.0770245 -0.04556702 0.041866306 0.0041427244 -0.023391562 -0.025303705 0.009280246 0.07651819 -0.060197067 -0.028994821 0.03911495 -0.015834767 -0.03188037 -0.0018818486 -0.0658637 -0.015898861 0.025827413 -0.045529332 -0.0070893615 0.0005869029 0.020908922 -0.085221775 -0.034735434 0.007094742 0.046097025 0.0551222 -0.004429626 -0.015117299 -0.0024341792 -0.017606674 0.004301549 -0.07755945 -0.08451126 -0.0705432 0.013360887 0.024943212 0.033724207 0.034566466 0.0077931522 0.0444166 0.01089098 -0.016154965 0.017698105 -0.002430391 -0.034190547 -0.0017007035 -0.04328471 -0.011957654 -0.043238707 0.050740153 -0.057281166 -0.050012246 -0.004030294 0.03397161 0.056886803 -0.03364577 -0.050468188 -0.05212705 0.051801685 -0.07799711 0.10902262 -0.05979674 -0.00072467094 0.0066093626 -0.0054756748 0.07308889 -0.025925227 0.011064714 0.02606054 0.02140536 -0.09557646 -0.08484569 -0.0039607715 -0.031323057 -0.09864605 0.047784153 -0.005150379 -0.015296067 -0.010501494 -0.014185393 0.08670272 0.02272489 -0.06594378 0.023165474 0.027510218 0.05453673 0.03136615 0.08997227 0.15927131 0.0022301131 0.014222702 -0.081988186 0.097686514 -0.060307425 0.023360375 0.0052508456 0.025131872 -0.061392594 -0.023020964 -0.06796732 0.061132617 -0.024412462 -0.076238334 -0.03732682 -0.062483825 -0.027795399 -0.032692578 0.0029004079 -0.0193398 0.03162514 -0.05613332 -0.011284663 0.017765705 0.02261515 0.03149849 0.009135394 -0.058446407 -0.020645296 0.07450018 -0.09871657 0.033491388 -0.027280696 -0.004555375 0.014087016 0.049883846 -0.024444396 0.050425574 -0.017812593 0.051862083 -0.032216843 -0.081636064 -0.02993182 -0.0049540023 0.006447242 0.025569202 0.04774408 0.010448064 0.0062528723 -0.004587245 -0.0027182205 -0.032912884 -0.031862285 -0.022205742 -0.0036528232 -0.01533309 0.007013564 0.0084858695 -0.038824122 -0.015589572 -0.01825771 -0.0033250109 -0.055530995 0.121576756 0.041184064 0.043094162 0.03701514 -0.01589624 -0.008305388 0.015017395 0.043194763 -0.03240607 -0.0042055417 0.037503783 -0.05583106 -0.037514314 0.036913566 -0.017273625 0.042865913 0.06320761 0.030663049 0.040881634 0.055664547 -0.030742 0.026981242 -0.050174706 0.030936906 -0.035169706 0.00598241 -0.040953938 0.04203487 0.1108782 0.13915615 0.016490681 0.09189939 0.03358581 -0.077241994 -0.06477293 0.040293783 0.036247402 0.078551784 0.009131252 0.0056908117 -0.020151239
6 -0.22946818 0.1393785 -0.02795409 0.18845758 0.10167024 -0.19278893 -0.027199624 0.21863997 -0.14026578 0.13771267 0.048520684 -0.08381034 -0.16441998 0.08435612 0.24324754 -0.21995878 -0.11027289 0.13426149 -0.092065595 -0.112713285 -0.0045786807 -0.21135384 -0.06690169 0.07126198 -0.1713442 0.008348607 -0.037750434 0.088133775 -0.26608306 -0.07308574 0.09385522 0.08731266 0.15552305 -0.02269045 -0.07957343 -0.012178964 -0.050468862 0.010531495 -0.28730825 -0.25830376 -0.22587988 -0.021195035 0.13826951 0.12138245 0.11974056 -0.0038092746 0.13284841 0.011631982 0.00046001765 0.023699308 -0.020367568 -0.07431881 0.036140017 -0.17891902 -0.056659468 -0.15008684 0.18866959 -0.21141765 -0.17884587 0.014891379 0.13007735 0.19675454 -0.11175791 -0.14371362 -0.19824302 0.1697333 -0.22494517 0.38563827 -0.17572458 -0.008888245 0.049092516 -0.048026707 0.25598082 -0.046863873 0.00136966 0.11562708 0.09067328 -0.3096118 -0.27540666 -0.05310215 -0.07981594 -0.2847617 0.16006789 -0.023557702 -0.017937848 0.0043315226 -0.049093474 0.25453758 0.020940552 -0.20172493 0.118619904 0.064800635 0.19358899 0.08132033 0.29582566 0.54107887 -0.047124658 0.044974025 -0.19697692 0.31906983 -0.19799204 0.050754458 0.03592606 0.08107753 -0.20373729 -0.05526304 -0.17152095 0.16742605 -0.06544228 -0.182514 -0.15361373 -0.16181593 -0.07943961 -0.13856617 0.03568786 -0.059170846 0.12502277 -0.2044557 -0.045993987 0.042897757 0.117981605 0.1835142 -0.001135626 -0.18589714 0.00022661343 0.2257945 -0.24933207 0.10459986 -0.09479743 0.017278723 0.009359473 0.14203256 -0.10356164 0.17790052 -0.06827253 0.2097912 -0.07174052 -0.26180992 -0.105172664 -0.05387861 0.026100703 0.04618163 0.16046283 0.0571091 0.009361216 -0.055590704 0.0025771903 -0.05898789 -0.11160642 -0.09095615 -0.013356223 0.003757636 0.0700657 0.0072658644 -0.115225166 -0.047884643 -0.11684651 -0.007216604 -0.20493615 0.33609626 0.15051247 0.1299267 0.107823394 -0.044086788 0.029837284 -0.00053835445 0.18779473 -0.07888502 -0.02931991 0.09436675 -0.17169103 -0.13599971 0.08383108 -0.060772862 0.1053284 0.22346847 0.099612154 0.14803578 0.15205868 -0.114462785 0.07207474 -0.13095495 0.11424222 -0.062166773 0.02821648 -0.14777362 0.106065266 0.3136933 0.43083152 0.0625679 0.33722988 0.15795843 -0.22147396 -0.19278334 0.11632952 0.14084804 0.27346957 -0.01990555 0.015535015 -0.057079904
1999) -0.22933502 0.13390934 -0.03161661 0.18141642 0.10953397 -0.19019394 -0.030592443 0.21681602 -0.13534611 0.13847244 0.05710446 -0.08057968 -0.1552766 0.078119114 0.23684853 -0.2136145 -0.10183025 0.12936643 -0.080639064 -0.119244464 -0.00047721108 -0.21003123 -0.054834593 0.07660516 -0.16805762 0.009608816 -0.03274071 0.08699679 -0.2684124 -0.07467932 0.08889096 0.08438205 0.14535278 -0.028644744 -0.07266739 -0.015375538 -0.057634983 0.010305365 -0.28385064 -0.25400123 -0.23481317 -0.028724294 0.13077515 0.12551057 0.11164888 0.0041182777 0.121840954 0.017890371 0.004859598 0.032906324 -0.026663441 -0.06537209 0.03782924 -0.17237936 -0.056104254 -0.14261165 0.17901878 -0.2095832 -0.17761119 0.014980414 0.13110885 0.19796368 -0.12211066 -0.13346228 -0.19255497 0.16643795 -0.2158645 0.38822317 -0.16348861 -0.0050461367 0.050249003 -0.045638293 0.2618423 -0.052796874 -0.0007872717 0.11786398 0.0839803 -0.29616064 -0.2702118 -0.052267596 -0.08207631 -0.2804665 0.15955573 -0.03368431 -0.020694166 0.007127211 -0.04355897 0.2569773 0.017941516 -0.20440677 0.11667729 0.06025674 0.18372642 0.086215034 0.29144055 0.5316695 -0.0487462 0.04183326 -0.20032372 0.31056 -0.1822491 0.04998213 0.033480786 0.07392365 -0.19928873 -0.05820108 -0.1750903 0.17234571 -0.06340664 -0.17976205 -0.14818127 -0.16930367 -0.06972193 -0.13628414 0.031543367 -0.064614646 0.122599386 -0.20486568 -0.04501817 0.030301893 0.117463894 0.17662254 -0.0011429128 -0.17884059 -0.00047434965 0.21767028 -0.23972 0.10129259 -0.092348024 0.021198217 -0.00019849991 0.14775266 -0.10038097 0.16646129 -0.06565438 0.21627939 -0.074513376 -0.26855844 -0.10277242 -0.053637896 0.019241896 0.04296878 0.16577563 0.052540816 0.018328248 -0.050019745 -0.0017092886 -0.060878463 -0.11584647 -0.08153855 -0.018429423 0.0055340203 0.070555 0.012942049 -0.11281557 -0.042419076 -0.11453112 -0.0037773114 -0.19968623 0.32163984 0.15193498 0.13624842 0.10943773 -0.03534474 0.022898905 -0.0031060055 0.19095817 -0.07307083 -0.035307873 0.09118157 -0.17229825 -0.13947183 0.08860296 -0.058986887 0.098756105 0.2182839 0.107811525 0.13773671 0.14468636 -0.108676225 0.075753905 -0.12655385 0.10940961 -0.058860894 0.024755357 -0.1459192 0.09230142 0.30777183 0.4228696 0.072741024 0.33769536 0.15589987 -0.21036248 -0.17821547 0.11528726 0.14338602 0.27603197 -0.021863151 0.014854635 -0.058470238
£± -0.4969727 0.40553564 -0.088713266 0.3799597 0.19840145 -0.42338148 -0.07147489 0.5474321 -0.34097987 0.3969717 0.114398085 -0.18271261 -0.27321738 0.14606027 0.6265168 -0.49998912 -0.24365355 0.3720382 -0.16414665 -0.27342346 0.0022867164 -0.41661823 -0.15446076 0.16562949 -0.38625193 0.05625421 -0.06815275 0.17340973 -0.6054124 -0.18544656 0.1533237 0.25936058 0.32769313 -0.06199018 -0.13964698 -0.021843858 -0.17867841 0.11258713 -0.5771216 -0.60450053 -0.48916173 0.0070237694 0.24406075 0.23041165 0.24237005 0.03274586 0.3973172 -0.007579017 -0.060390163 0.088955894 -0.05798259 -0.20688613 0.062432557 -0.3292269 -0.08992688 -0.3758804 0.38584775 -0.3859832 -0.35644752 -0.00037549116 0.32220668 0.3988512 -0.24628112 -0.3243776 -0.37161344 0.3352953 -0.52745944 0.84333086 -0.41374698 0.050698753 0.062155936 -0.15003031 0.55381054 -0.20414354 0.014684059 0.28508452 0.23974314 -0.71585923 -0.57698256 -0.04655082 -0.20449677 -0.7347567 0.3662851 -0.04843997 -0.07777951 -0.13936244 -0.11931952 0.6467206 0.15081678 -0.43865564 0.18796967 0.14168513 0.4365646 0.18234678 0.66989726 1.1652046 0.014826087 0.08227927 -0.5426248 0.72157717 -0.4786908 0.18143646 0.01797344 0.18180205 -0.4433397 -0.12103379 -0.48049247 0.42511377 -0.15263262 -0.51794326 -0.31599697 -0.429215 -0.17227657 -0.24173129 0.0227007 -0.13339423 0.2824858 -0.46945947 -0.13824275 0.125409 0.13735199 0.34045222 -0.012548487 -0.40509912 -0.0704628 0.59258115 -0.6538315 0.2863579 -0.2627429 0.0075738262 0.062374946 0.30956218 -0.18220812 0.4417994 -0.12131817 0.48444697 -0.21887408 -0.66787875 -0.21641132 -0.027941892 0.053756393 0.16824195 0.33067575 0.0902725 -0.008913185 -0.021386996 0.021788327 -0.19235428 -0.26715013 -0.17447506 -0.051759303 -0.020258203 0.10752652 0.025980368 -0.30002478 -0.07985866 -0.24885955 -0.10481329 -0.48707148 0.8319398 0.30142552 0.30000564 0.20145454 -0.029878134 0.03060412 0.043369967 0.3692506 -0.22259441 0.0009579317 0.25435644 -0.3895256 -0.28934678 0.19559734 -0.12286945 0.29245874 0.5343976 0.20682846 0.31884754 0.46031812 -0.2432046 0.108158536 -0.38156036 0.31546286 -0.17856929 0.010796713 -0.3122564 0.29600224 0.8051784 0.97401834 0.09808991 0.7653558 0.29012647 -0.59027845 -0.42022955 0.22905463 0.3149626 0.5838305 0.044712838 -0.013334197 -0.08886046
Aug -0.29137424 0.20188323 -0.046420984 0.22964966 0.12065686 -0.23444775 -0.041418787 0.29902852 -0.18307316 0.20834187 0.07012401 -0.10191496 -0.1819646 0.09725988 0.33920842 -0.27539435 -0.14586163 0.18693393 -0.10016267 -0.1528638 0.0036359534 -0.24420659 -0.0733611 0.088754416 -0.2026742 0.030669745 -0.045740582 0.10038162 -0.35196275 -0.101346776 0.10549133 0.13363713 0.18385881 -0.039269254 -0.08905195 -0.010331294 -0.09178928 0.05052425 -0.3543193 -0.3471058 -0.292443 -0.015343075 0.15939973 0.1532512 0.1390007 0.0040318845 0.1910859 0.0103656035 -0.018767683 0.048518255 -0.02401084 -0.10320244 0.037264053 -0.20193909 -0.069021754 -0.20760691 0.23176664 -0.24610119 -0.21768256 -0.0034782346 0.17337914 0.24370556 -0.15114862 -0.18798637 -0.23265807 0.20366195 -0.30101976 0.49989125 -0.23192766 0.011070768 0.047856815 -0.07318869 0.32554743 -0.09039256 0.014349445 0.15900946 0.11839137 -0.39724222 -0.33536413 -0.04654305 -0.11737571 -0.40001687 0.21111897 -0.02480095 -0.037280604 -0.035415087 -0.06403403 0.35986203 0.04928292 -0.25440642 0.14151879 0.089866295 0.24444528 0.12421063 0.37752128 0.6840899 -0.025036773 0.042334195 -0.279014 0.3916021 -0.260034 0.099884585 0.018400274 0.10094271 -0.2493269 -0.07724113 -0.24993935 0.23916127 -0.08915589 -0.26318127 -0.18419762 -0.23327914 -0.08736734 -0.15227936 0.032072887 -0.08817274 0.16060777 -0.271175 -0.068528235 0.053295426 0.11354843 0.20580757 -0.004324639 -0.2277694 -0.020228757 0.3239844 -0.34635812 0.13881412 -0.14362973 0.020579673 0.024220904 0.17968656 -0.1172351 0.2298561 -0.07572605 0.2773382 -0.1193913 -0.35436344 -0.13575745 -0.046458255 0.03317029 0.07371427 0.192672 0.059981067 0.0011078861 -0.031050354 0.0056593893 -0.094411686 -0.14192238 -0.10027193 -0.02255608 -0.0068172454 0.075021684 0.019211752 -0.15510496 -0.055502832 -0.15092213 -0.04110869 -0.28085312 0.4545781 0.18674809 0.16525866 0.12414242 -0.04307632 0.023924226 0.014579569 0.22696327 -0.11453722 -0.016939478 0.13418302 -0.21391405 -0.16889752 0.111557916 -0.07005724 0.14580283 0.2946231 0.11095186 0.1756684 0.22402942 -0.13878354 0.07302218 -0.20040134 0.16175158 -0.10010199 0.022278357 -0.17431347 0.14711486 0.43694627 0.5556273 0.0679708 0.44098347 0.1792816 -0.3038591 -0.23566554 0.13540688 0.18286908 0.3360722 9.971788e-05 0.007236565 -0.07432979
×° -0.43060774 0.34621418 -0.07036301 0.31839973 0.16422093 -0.36135757 -0.06253883 0.4668916 -0.28603268 0.34346208 0.09303486 -0.14988802 -0.23173258 0.1265438 0.54680264 -0.42283887 -0.21623757 0.31429464 -0.14221115 -0.22599329 -0.0048976843 -0.3534558 -0.13156787 0.14166017 -0.32356945 0.057609495 -0.06252967 0.13915426 -0.5087561 -0.16270353 0.11523152 0.21432565 0.28379396 -0.06269308 -0.11796056 -0.014000202 -0.156556 0.105162024 -0.4971047 -0.5176914 -0.41186148 0.0071207955 0.20398623 0.19921942 0.20017432 0.03347492 0.3364581 -0.011707366 -0.051208172 0.08030878 -0.045241516 -0.17635137 0.048694376 -0.27637812 -0.07800618 -0.3244973 0.33069494 -0.3310722 -0.30412883 0.0015185823 0.2804223 0.33895266 -0.21135603 -0.27998006 -0.31729665 0.28584024 -0.44517252 0.7133757 -0.3585305 0.051291596 0.059869267 -0.1163213 0.47830638 -0.1740846 0.017555827 0.23134202 0.19603512 -0.61129063 -0.48504975 -0.03952645 -0.16861337 -0.6242841 0.32053402 -0.049108844 -0.06545895 -0.12142494 -0.10541059 0.5480022 0.1229623 -0.37196305 0.15195327 0.11679363 0.3756959 0.15791436 0.57482404 0.98043954 0.012456104 0.08246259 -0.46993172 0.6161354 -0.40913886 0.1513656 0.012762253 0.1480951 -0.3715073 -0.11387401 -0.41701755 0.3561192 -0.12953502 -0.4361162 -0.26421145 -0.37465838 -0.13929431 -0.20124172 0.02582902 -0.117261074 0.24601048 -0.39008734 -0.12322125 0.10795511 0.12524314 0.27769247 -0.024702191 -0.33576083 -0.074954286 0.50649357 -0.554139 0.24167657 -0.22911263 0.0034198083 0.052113324 0.25962034 -0.16102397 0.37773937 -0.09964445 0.41932234 -0.18648945 -0.5556008 -0.18295537 -0.02181074 0.04409714 0.15429634 0.28688794 0.07579035 -0.0037198816 -0.016697722 0.019978836 -0.15795843 -0.22565643 -0.15224865 -0.04508183 -0.018614167 0.09557344 0.03115272 -0.25508484 -0.07066492 -0.21984556 -0.09051533 -0.4260006 0.70721245 0.2569883 0.24823952 0.17360458 -0.026279602 0.028504701 0.04731314 0.31367996 -0.18961622 0.007385538 0.21899298 -0.3249553 -0.24233294 0.16276059 -0.117217995 0.25054908 0.45835313 0.17699511 0.27244437 0.38874763 -0.20932849 0.09289434 -0.33591026 0.2564945 -0.15245922 0.007763866 -0.2731625 0.2544404 0.6878102 0.8265688 0.084754996 0.64959306 0.24782301 -0.50610626 -0.35163078 0.19680728 0.27443162 0.50146234 0.038893636 -0.007213648 -0.07262864
º½ -0.2932423 0.24293251 -0.04790165 0.22670895 0.1186489 -0.24170575 -0.03578233 0.32347742 -0.21317013 0.24323566 0.065530375 -0.10818044 -0.1664107 0.08819951 0.38631898 -0.27957162 -0.14696078 0.22622135 -0.090963535 -0.1512281 -0.0031574916 -0.24926758 -0.10091236 0.09554278 -0.23162541 0.037161212 -0.041002546 0.09470031 -0.3531022 -0.10877742 0.08074786 0.14699866 0.1948363 -0.041397355 -0.07693067 -0.0032854096 -0.1076843 0.07422905 -0.3483787 -0.36153004 -0.28929603 0.00042610016 0.1353854 0.14265703 0.13842185 0.02470698 0.22922412 -0.01377912 -0.042775586 0.05560063 -0.040536847 -0.13498789 0.038716517 -0.1843 -0.05174829 -0.22462499 0.22028519 -0.23038936 -0.19928096 -0.0043643406 0.19544078 0.22904417 -0.140902 -0.19783626 -0.2199909 0.18903145 -0.3063333 0.49801537 -0.24682556 0.041915298 0.034484994 -0.08481785 0.32531506 -0.12367783 0.011214952 0.16545188 0.13684104 -0.43078908 -0.3273319 -0.018086564 -0.11852219 -0.44100815 0.22485538 -0.038295623 -0.043246165 -0.101872824 -0.06971576 0.39263502 0.09388122 -0.2602439 0.10488384 0.08287609 0.26682162 0.10845697 0.399481 0.6759115 0.01749916 0.05640223 -0.32391632 0.4265703 -0.28300968 0.10512753 0.013301254 0.106278755 -0.25502595 -0.07589179 -0.2952029 0.2547426 -0.09141624 -0.31037936 -0.17984667 -0.2561388 -0.090459354 -0.12885003 0.009875825 -0.07841828 0.17795597 -0.2690145 -0.08225615 0.07533558 0.086120866 0.18622342 -0.022924937 -0.22775967 -0.05632647 0.36017254 -0.38854286 0.18528126 -0.15731268 -0.0020744083 0.0441737 0.16747712 -0.10719296 0.2675812 -0.06699072 0.28906706 -0.12435061 -0.38218254 -0.12010774 -0.011160849 0.024843773 0.11345504 0.19895662 0.044081256 0.00230642 -0.018804934 0.012956331 -0.11243276 -0.1558228 -0.09767285 -0.04290768 -0.016339794 0.056000598 0.018100927 -0.1814844 -0.05181826 -0.14961796 -0.074189074 -0.29218787 0.4980715 0.16996317 0.17399137 0.12289776 -0.02453731 0.023337023 0.044456284 0.21711446 -0.13041583 0.0042896997 0.14180438 -0.22480962 -0.15769972 0.11494015 -0.07417456 0.16466016 0.31058815 0.11601335 0.18376169 0.27292013 -0.14112099 0.060706347 -0.22776714 0.1794134 -0.10721532 0.013254697 -0.19358781 0.17510155 0.4889037 0.5704706 0.05434635 0.4457614 0.1700622 -0.3523944 -0.23647375 0.14152524 0.18468839 0.34772727 0.027536785 0.009730114 -0.039001577
¸ö -0.3348339 0.26241434 -0.058281787 0.25304648 0.12611139 -0.28338647 -0.045454185 0.35435626 -0.23131327 0.2650351 0.0751305 -0.11440417 -0.18468674 0.095612116 0.42327335 -0.33494073 -0.16279587 0.2526929 -0.10845676 -0.18041919 -0.0010155027 -0.27514467 -0.10614658 0.10355558 -0.25994036 0.03707731 -0.047205023 0.10815559 -0.4015397 -0.119368315 0.102403425 0.16617708 0.21739784 -0.04404686 -0.09570586 -0.01104341 -0.12895502 0.07690356 -0.3802508 -0.40285623 -0.32452908 0.0056898105 0.16069435 0.15656358 0.15181106 0.020113997 0.26497537 -0.0075243707 -0.040386844 0.05309231 -0.035424363 -0.14232239 0.040769897 -0.2152276 -0.06085149 -0.2503212 0.2546837 -0.25343314 -0.23388828 -0.0043377555 0.21125686 0.2688851 -0.16606559 -0.21425232 -0.23959638 0.2225186 -0.34466046 0.5570452 -0.27728224 0.03442502 0.041011516 -0.09952069 0.37017387 -0.14240198 0.010857978 0.18737708 0.15557763 -0.47669607 -0.3790211 -0.03010934 -0.13462834 -0.4927409 0.24450083 -0.031353515 -0.0460134 -0.10205909 -0.08644897 0.4288662 0.09770171 -0.27899536 0.12433399 0.09836568 0.2840721 0.122295156 0.4381247 0.7638916 0.007685415 0.053451087 -0.35509804 0.47326678 -0.3088643 0.12175835 0.014381238 0.1181228 -0.2867384 -0.080760896 -0.31740975 0.28464445 -0.0996798 -0.34102115 -0.20567413 -0.29104453 -0.11687873 -0.15312299 0.01676156 -0.08404831 0.18120551 -0.3054804 -0.088113144 0.07606618 0.09193325 0.22176412 -0.0115765985 -0.26218578 -0.051664975 0.3903612 -0.43024185 0.1890847 -0.17952092 0.0030180528 0.04361997 0.19656298 -0.124773175 0.30106863 -0.07927168 0.31690598 -0.14879791 -0.44324812 -0.13763365 -0.014018141 0.033976387 0.11978253 0.22210245 0.061484516 0.00059940584 -0.007211466 0.01712518 -0.13485062 -0.174642 -0.110061064 -0.03882264 -0.014729738 0.06942265 0.02295825 -0.19832337 -0.054027565 -0.16856153 -0.07558884 -0.32386237 0.54841816 0.19111177 0.20070614 0.1301477 -0.024631739 0.02663449 0.030981196 0.2435478 -0.14849971 0.0055794343 0.17239836 -0.25273302 -0.19289133 0.12320478 -0.08170211 0.18444195 0.35353294 0.132741 0.20997454 0.30259103 -0.16503887 0.07288946 -0.25439858 0.20974545 -0.124199644 0.014443228 -0.21395658 0.19954322 0.53820693 0.64495564 0.061709363 0.5035667 0.18731433 -0.3940133 -0.27371046 0.15261683 0.20421033 0.3870409 0.03226567 -0.008928347 -0.057167623
economics -0.15508872 0.15226132 -0.0189789 0.11305967 0.08772769 -0.14196262 -0.015235729 0.19339938 -0.09939967 0.11832496 0.04082486 -0.05053286 -0.09655794 0.041692857 0.20528907 -0.16544181 -0.08066926 0.12820709 -0.070115425 -0.09282056 -0.00014954522 -0.14353788 -0.051727463 0.051212225 -0.13626148 0.02156799 -0.014204469 0.04714426 -0.21238856 -0.0456937 0.032529797 0.069568224 0.10829284 -0.021388762 -0.046481606 0.008535287 -0.06316084 0.025694668 -0.19606692 -0.19786678 -0.16938204 0.008893955 0.08247902 0.08293742 0.071135595 0.0012487565 0.1297151 -0.024828753 -0.024842845 0.026504885 0.0033488541 -0.08688345 0.02463869 -0.10397737 -0.024399206 -0.13246417 0.12661198 -0.12310477 -0.12404566 -0.0016968151 0.108802415 0.129029 -0.07039319 -0.11164571 -0.12057917 0.10705806 -0.16247575 0.28647453 -0.15614338 0.010773252 0.023398323 -0.05255157 0.18520497 -0.0719526 0.0035392812 0.10164098 0.07674262 -0.24683538 -0.20557135 -0.019771669 -0.0684388 -0.23232944 0.11317686 -0.004121434 -0.029962111 -0.032164536 -0.03363229 0.23046213 0.056249257 -0.15895039 0.067734145 0.05246401 0.15365727 0.060931295 0.2255472 0.40118352 0.025679842 0.024577407 -0.17173213 0.24739476 -0.18163843 0.07103425 0.009835766 0.05934057 -0.1585192 -0.05138465 -0.1562631 0.12660764 -0.047132567 -0.1775572 -0.11271591 -0.16405238 -0.073800646 -0.08367016 0.005293732 -0.06269228 0.086902365 -0.1457006 -0.054863103 0.046762154 0.038606554 0.12560156 -0.00228312 -0.13492186 -0.028793428 0.20242517 -0.219338 0.0956535 -0.10197952 -0.0059105894 0.036874004 0.11768967 -0.050577514 0.15734462 -0.03629691 0.17856704 -0.07187018 -0.22190632 -0.090306394 -0.00170737 0.008718434 0.031793144 0.104287945 0.025679521 -0.017677693 0.0067446097 0.013297113 -0.07416023 -0.098996446 -0.06483051 -0.00042832753 -0.0076107313 0.039864656 0.020789541 -0.12347537 -0.014316037 -0.06539667 -0.04529301 -0.16622682 0.30256099 0.108975984 0.09830792 0.07221946 -0.0104976185 0.012432942 0.010720182 0.14182904 -0.07538456 0.005698762 0.08896396 -0.14322956 -0.105508186 0.06635852 -0.036267105 0.12202613 0.20362851 0.06127131 0.11673658 0.14804925 -0.08624813 0.035640325 -0.12859094 0.106647104 -0.05500634 -0.00021648296 -0.090321206 0.109303266 0.26040432 0.34296542 0.023247348 0.25825056 0.10972087 -0.19521333 -0.14643763 0.069099955 0.09465395 0.20812963 0.01135123 0.0042086756 -0.021139808
ÐÇÆÚÌì), -0.06979127 0.053545605 -0.015872063 0.051745597 0.028511852 -0.062449258 -0.0125076985 0.07223907 -0.03795737 0.05195309 0.014433824 -0.027807392 -0.04224373 0.030103842 0.08213875 -0.07297037 -0.035497516 0.049128916 -0.01867516 -0.037611786 0.0045448286 -0.064731 -0.020386368 0.022788446 -0.049147695 0.008013288 -0.010342597 0.025905086 -0.093403995 -0.022779956 0.033598397 0.028030356 0.0529167 -0.009431028 -0.028666195 0.001890733 -0.02245305 0.015002301 -0.09259789 -0.09278469 -0.0758914 -0.0075565954 0.032786816 0.045028575 0.042406946 0.006398885 0.0545875 0.0029317646 -0.0066796243 0.005436481 -0.0017549018 -0.02139921 0.015401761 -0.048601322 -0.013376533 -0.04772796 0.05071048 -0.06167861 -0.056588314 -0.0018418314 0.05014232 0.06415475 -0.041751605 -0.03943716 -0.06173172 0.054924607 -0.080433734 0.11884357 -0.054787148 -0.0013406374 0.0060454225 -0.021388363 0.084373586 -0.027717218 -0.0054401252 0.044538267 0.02689144 -0.10234509 -0.077428505 -0.011930186 -0.035487283 -0.098169215 0.059340205 -0.006320034 -0.009686772 -0.013873295 -0.022941291 0.09823645 0.017763168 -0.06674405 0.04199951 0.017832173 0.06329487 0.032788094 0.09675777 0.1772218 0.0022429868 0.011237053 -0.063763544 0.10015639 -0.06426737 0.027853424 0.0033879834 0.03001739 -0.06241004 -0.020253912 -0.053316753 0.06711137 -0.02381112 -0.06426113 -0.046819422 -0.056295022 -0.025343744 -0.040027317 0.0029621602 -0.030769706 0.043756217 -0.07242059 -0.017688848 0.015577149 0.034357883 0.049389932 0.0031718863 -0.050470773 -0.0019402398 0.07970645 -0.079022035 0.03757742 -0.03235931 0.0047678226 0.0029955942 0.043091234 -0.03379603 0.06361822 -0.0123604145 0.06949674 -0.033228107 -0.0956048 -0.029349014 -0.0054501845 0.008024483 0.020830285 0.049178924 0.01768918 -0.0054986044 -0.0067883846 0.004100967 -0.029836074 -0.03170815 -0.02345464 7.267893e-06 -0.0059769386 0.013263299 0.0048410427 -0.035106067 -0.017921586 -0.040367782 -0.010285904 -0.077494666 0.11996447 0.045942314 0.036158185 0.03179194 -0.014993806 0.0004784038 -0.0027573004 0.05218397 -0.026595078 0.0016898444 0.03429466 -0.049684312 -0.045173295 0.023481114 -0.023049079 0.04207243 0.072714455 0.023139043 0.04547774 0.051384944 -0.030479537 0.013195381 -0.0481635 0.03853553 -0.031330913 0.0044666934 -0.036622986 0.038489763 0.11809519 0.14673376 0.02100423 0.10588544 0.04761932 -0.07351718 -0.06156111 0.031137314 0.040809922 0.08165265 -0.00015179672 0.009233329 -0.019265898
Health -0.17310889 0.14545606 -0.031972907 0.12813823 0.086803496 -0.1398993 -0.029095829 0.2081833 -0.09636678 0.13019562 0.03859156 -0.05700971 -0.09541659 0.04185581 0.21933241 -0.17869738 -0.08914565 0.12550372 -0.063636266 -0.10086851 -0.006664914 -0.15314822 -0.05686183 0.048257023 -0.1466715 0.01989118 -0.01803033 0.049741432 -0.22372958 -0.062408835 0.044992972 0.08777756 0.11399351 -0.01665371 -0.05961856 0.004806031 -0.070558876 0.037034336 -0.19523855 -0.20228136 -0.17298451 0.011789429 0.09122687 0.08348748 0.078607485 0.01285154 0.13901304 -0.02043379 -0.028059611 0.02730583 -0.0073865154 -0.08334787 0.022801569 -0.11042922 -0.01980743 -0.13774572 0.14105095 -0.14776915 -0.12514588 0.0029691285 0.11382602 0.1362359 -0.07860937 -0.12471473 -0.13182017 0.10963681 -0.18048507 0.29743052 -0.16070662 0.004501726 0.020316217 -0.043827448 0.20046876 -0.07568348 0.0035044083 0.10012455 0.08136544 -0.26713666 -0.2127592 -0.025695533 -0.06715722 -0.24382749 0.12459513 -0.0129093295 -0.029262057 -0.031852644 -0.042234536 0.24637055 0.056544863 -0.16490972 0.07095632 0.06964981 0.16360973 0.07035254 0.23622024 0.42652148 0.014804706 0.02715801 -0.17965034 0.27308205 -0.18232238 0.067460105 0.0063662156 0.06374084 -0.15603174 -0.05705305 -0.17699821 0.1531912 -0.053413305 -0.18444856 -0.115995504 -0.16849989 -0.070557304 -0.09130276 0.004518275 -0.058564648 0.088079184 -0.16877225 -0.04773629 0.037224416 0.05052581 0.13733977 -0.0012579614 -0.13468887 -0.028211333 0.20622554 -0.2396274 0.08907942 -0.105913885 -0.006358027 0.03312476 0.11438369 -0.047747813 0.16525517 -0.03221812 0.18802005 -0.07144093 -0.23334333 -0.09382831 -0.012584092 0.012549352 0.041438606 0.11664249 0.031886976 -0.020068096 0.00428949 0.015259547 -0.07200765 -0.094640754 -0.0643741 -0.0015496261 -0.0070201587 0.041754033 0.010606496 -0.111971326 -0.019632302 -0.069358796 -0.031396415 -0.17391597 0.30968127 0.10147679 0.102628104 0.07155495 -0.012987682 0.022033444 0.012921069 0.15254453 -0.072346985 0.004565163 0.09741175 -0.15076096 -0.11640583 0.07300161 -0.03657731 0.120712586 0.20263544 0.069026515 0.12697008 0.15050152 -0.08172155 0.03870965 -0.13822456 0.116293736 -0.060009066 0.00053678575 -0.090162955 0.101756364 0.2750528 0.36420017 0.02721212 0.2645653 0.112838574 -0.20052885 -0.14633933 0.07456699 0.10556855 0.20778729 0.003155633 -0.0053766267 -0.018307094
´ó -0.33203265 0.2683045 -0.05243826 0.2440932 0.13216606 -0.27273154 -0.045293372 0.3622467 -0.22889256 0.26701564 0.07751977 -0.12542121 -0.17789254 0.09786787 0.42867762 -0.32325253 -0.1657959 0.24759392 -0.110121004 -0.17389354 -0.005671363 -0.27753428 -0.105914876 0.10842196 -0.25169504 0.040385906 -0.044996705 0.107513316 -0.39788586 -0.12441368 0.09635035 0.17045003 0.22544976 -0.049299736 -0.0971141 -0.015471459 -0.1214717 0.07358547 -0.38343242 -0.40264848 -0.3293345 0.00064988324 0.16206188 0.1497396 0.15767927 0.020224355 0.261988 -0.008830848 -0.046635184 0.06277459 -0.04169801 -0.14063127 0.035494793 -0.21562013 -0.052112125 -0.25253013 0.25668633 -0.2614794 -0.2278532 -0.0010227201 0.21190642 0.26633075 -0.16344856 -0.21607763 -0.24575731 0.21882848 -0.3500081 0.5520196 -0.27441442 0.04011414 0.047687445 -0.09183918 0.36383864 -0.13834111 0.012654048 0.18488711 0.1609632 -0.47523448 -0.3744201 -0.028238859 -0.12858488 -0.48829895 0.24895743 -0.042980812 -0.052482165 -0.095019825 -0.08077408 0.43537807 0.09557396 -0.29164457 0.118450485 0.093024544 0.2853084 0.11976508 0.44438887 0.7636305 0.019192928 0.063408196 -0.3583706 0.47270662 -0.31717184 0.120269775 0.0121953115 0.111684315 -0.28999308 -0.0793028 -0.32742766 0.28261685 -0.09410335 -0.33941206 -0.20314153 -0.28547645 -0.10850143 -0.1524412 0.014606032 -0.08478074 0.19029109 -0.30851543 -0.09064465 0.08426275 0.097504586 0.21828452 -0.012525735 -0.25562325 -0.058004722 0.40109298 -0.4296791 0.18956567 -0.17244333 0.005621656 0.048922114 0.1995154 -0.1263406 0.29436746 -0.08499314 0.32115415 -0.14141367 -0.43849078 -0.13861915 -0.019051565 0.032681197 0.118820615 0.21702273 0.051921673 -0.009904004 -0.01645462 0.021025734 -0.124434456 -0.17203645 -0.120170675 -0.040681057 -0.012154622 0.06959575 0.01689266 -0.20080133 -0.05923205 -0.170081 -0.07378741 -0.3305191 0.55041957 0.19746515 0.1973178 0.12950821 -0.020943537 0.030067926 0.04017795 0.24600388 -0.14506435 0.0069548152 0.1656371 -0.24903826 -0.18340163 0.12267101 -0.08675097 0.1941104 0.34612963 0.13557507 0.21239568 0.30869037 -0.16330282 0.06587913 -0.2618195 0.20754497 -0.11857808 0.00381947 -0.21967031 0.19572195 0.5369761 0.64758784 0.06464503 0.5032475 0.19298911 -0.38848108 -0.28011227 0.15134741 0.21500719 0.38135424 0.030486979 -0.0049092467 -0.051137593
µØ -0.33863592 0.2709806 -0.05046039 0.2491072 0.13332543 -0.2777507 -0.044730324 0.36626193 -0.23108645 0.2686842 0.07601581 -0.123620965 -0.18472067 0.09816229 0.42316884 -0.32867154 -0.16645633 0.24655466 -0.1115703 -0.17365511 -0.0073140063 -0.28402823 -0.0977592 0.10994526 -0.2521506 0.03546186 -0.049020212 0.10691391 -0.40069923 -0.13009393 0.098561205 0.1709251 0.21892475 -0.04894406 -0.090270855 -0.012770743 -0.124712184 0.073719695 -0.3831163 -0.4007623 -0.3248164 0.0010716383 0.16119052 0.15594593 0.153897 0.018102504 0.26131633 -0.007841952 -0.045288377 0.05841802 -0.04265146 -0.14335288 0.03918424 -0.21417856 -0.058222737 -0.2545952 0.26022184 -0.26425153 -0.23064514 -0.008602071 0.2132701 0.26217616 -0.16059597 -0.21806672 -0.25456515 0.21773475 -0.34518528 0.5644785 -0.27519155 0.03285166 0.048961118 -0.09202641 0.3747145 -0.12972763 0.00809544 0.186618 0.16043577 -0.4804671 -0.3773049 -0.02397561 -0.12866941 -0.49308887 0.25351822 -0.039337058 -0.046098087 -0.092926025 -0.08050842 0.43393415 0.10098838 -0.2847869 0.12262314 0.09695067 0.29454577 0.12361852 0.4412059 0.76858747 0.009391969 0.0661003 -0.36169183 0.47847196 -0.3204213 0.1153837 0.017528342 0.111724444 -0.29365525 -0.08096566 -0.32928264 0.27640766 -0.09794195 -0.34022605 -0.19989681 -0.2847835 -0.10630765 -0.15810119 0.020587029 -0.092509516 0.1971671 -0.30259997 -0.08757819 0.07723311 0.094294384 0.21719317 -0.020009141 -0.26233453 -0.05431996 0.40273595 -0.43682572 0.1922045 -0.16948374 0.006788579 0.04035105 0.20456864 -0.11908058 0.3008798 -0.08339798 0.32179475 -0.13918968 -0.4370726 -0.14477924 -0.01692747 0.035084452 0.11795464 0.2210983 0.058270846 -0.0045145554 -0.013171719 0.012144162 -0.13105339 -0.16973914 -0.11407778 -0.032826733 -0.014514195 0.06558594 0.02404105 -0.19873571 -0.05063473 -0.16532142 -0.070726946 -0.33290866 0.5580482 0.20136148 0.19861141 0.12994187 -0.017965091 0.026593087 0.03355986 0.2459201 -0.15086451 0.0016174802 0.16668059 -0.24969663 -0.18358211 0.12258643 -0.088915996 0.18798965 0.3510225 0.13054134 0.20785694 0.30339724 -0.16215536 0.071974196 -0.25818855 0.201278 -0.11935014 0.004484473 -0.22031501 0.19802585 0.5445274 0.65465695 0.065027736 0.50920093 0.18913613 -0.38817924 -0.2723338 0.15535945 0.21690407 0.3870803 0.035549033 -0.0011671077 -0.056618605
ÐÐ -0.35572988 0.28910103 -0.06132239 0.26937923 0.14044923 -0.2964745 -0.053078827 0.38981375 -0.24646413 0.27911627 0.082090385 -0.1287331 -0.19201607 0.10636238 0.4492201 -0.34616283 -0.1812657 0.26657403 -0.116607085 -0.19018996 -0.00012149516 -0.29489648 -0.112534285 0.11262079 -0.26736662 0.04548965 -0.051835578 0.11781808 -0.42986345 -0.1306889 0.09457098 0.18655148 0.23092765 -0.05122653 -0.09604869 -0.0097918045 -0.1264255 0.0815077 -0.4083248 -0.42597446 -0.3486415 0.0020004686 0.16943981 0.1602815 0.16709977 0.02730788 0.28124565 -0.008803545 -0.043034133 0.063472964 -0.03955013 -0.14769402 0.037677992 -0.23402049 -0.05661231 -0.2642789 0.268622 -0.27117118 -0.25262022 0.0011573981 0.23066446 0.28304413 -0.17259783 -0.23573826 -0.26329234 0.23000486 -0.3698292 0.59985876 -0.29851422 0.042346124 0.044201322 -0.102601014 0.39131385 -0.14287457 0.015491328 0.19556119 0.1679382 -0.51033956 -0.4086251 -0.026561502 -0.14219043 -0.5245956 0.267115 -0.035647538 -0.056619007 -0.104685485 -0.08865647 0.45889714 0.104056716 -0.30559888 0.13140981 0.10393904 0.30889633 0.12942109 0.47375575 0.818331 0.017413884 0.06733292 -0.38974342 0.5159884 -0.338237 0.12864701 0.017748881 0.12298485 -0.3069587 -0.088664025 -0.3423475 0.30179262 -0.1000269 -0.36273623 -0.21455877 -0.30563632 -0.11324477 -0.17103367 0.019847205 -0.099711664 0.20693235 -0.32907522 -0.099971876 0.08985147 0.10032557 0.23930547 -0.017873673 -0.28210005 -0.05840947 0.41760468 -0.46524888 0.20980574 -0.18400617 0.005434046 0.048750374 0.21963122 -0.13190623 0.31710237 -0.08254959 0.34956425 -0.15511383 -0.46351522 -0.15211864 -0.011333489 0.028872576 0.12491295 0.23167546 0.06049316 -0.00992869 -0.01503413 0.019008998 -0.13717377 -0.18609318 -0.1214862 -0.034625147 -0.022430342 0.07943815 0.024024121 -0.21961199 -0.060637236 -0.17340067 -0.0749184 -0.34885603 0.58755493 0.20719405 0.20787908 0.14339644 -0.027508048 0.02534947 0.03807004 0.26368383 -0.16471687 0.0045448667 0.17594443 -0.2752003 -0.20265162 0.13593991 -0.0953239 0.19807112 0.3795734 0.14176747 0.2218047 0.3277038 -0.16908832 0.070103206 -0.27847177 0.21601442 -0.13389404 0.01046453 -0.22416764 0.20611127 0.56770957 0.6845958 0.07103542 0.53755146 0.19999574 -0.41083747 -0.29147878 0.16380334 0.22303973 0.41040048 0.037167247 -0.005285496 -0.059490345
¡££¨Íê£© 0.0015502196 0.00082620146 -0.0012900436 0.0024147523 -9.9042656e-05 -0.0037855208 -0.0019864016 0.002833277 0.0031592988 -0.000157637 0.0017652231 -0.0006296176 -0.0035583985 0.003686533 -0.0049063102 0.0042750468 0.0010895664 -0.0033245569 0.0013625675 0.0022449857 0.0017886806 0.004721324 -0.0003183645 -0.0030395477 -0.004012331 0.0041433703 0.00026330233 0.0032170415 0.0036184276 0.004041847 -0.0020175083 0.0015685331 -0.0019847322 -0.0035178077 -0.003947119 -0.00093513547 -0.003961787 -0.00044881104 -0.00080336095 -5.1843523e-05 0.0044541345 -0.004761029 -0.0029765177 -0.004419282 0.004652162 0.004252893 0.0025590055 -0.004840059 -0.0034106886 -0.0033444744 -0.0016411102 0.003196268 -0.0040202932 0.0028748096 -0.001646595 -0.0007027143 -0.0037375344 -0.0045832116 -0.0046519814 -0.001207233 -0.0032803244 0.00086776196 0.00021935046 -0.0042080516 0.0046638926 0.003032002 0.004957572 0.0011648291 0.0033447272 0.0024714016 0.0026565683 0.004753137 0.00026600182 -0.00092602073 0.0047875065 0.0010433054 -0.00428025 0.002881235 -0.004858005 -0.0036555983 0.0012451964 0.004052141 0.0012438172 0.0014395124 0.000934239 0.0014447939 -5.141616e-05 -0.0017695349 0.0044681663 -0.0039602383 0.0047965236 -0.0015640658 -0.0005894053 0.00047044514 -0.0004631567 0.0032180066 0.00338409 0.0014358247 0.0023211753 -0.0026774823 -0.002244652 -0.003296997 0.00276834 -0.0027216356 -0.0028744848 0.00066884875 0.0009178233 -0.0035054637 0.004597272 -0.00062040804 0.0033854854 0.0032335734 0.0030454195 -0.0032312036 0.00038487435 -0.0007384217 -0.0037385141 -0.0015795636 0.00047677636 0.0031261765 -0.0012091446 -0.00071597873 -0.0011428851 -0.0019423771 -0.00023674071 -0.0034051717 0.0004128492 0.0027382523 -0.00053333817 -1.9262434e-05 0.00028149426 -0.0013783455 0.0025288237 0.0026363004 0.0045921374 0.004231498 -0.00064613996 0.0044155596 -0.00472822 -0.0044131954 0.0012831062 0.003278293 0.002972734 0.0002697307 0.004930681 -0.00043341637 0.0035638064 0.0020572906 -0.004021134 0.002685665 0.0036839931 0.002792021 0.0020402914 0.00019895077 -0.0023304129 -0.00053515675 0.004355219 -0.0038035214 0.0026302785 0.00053203583 0.002413615 -0.0008925641 0.003952284 0.0025739013 0.0029831773 -0.0015134024 0.0024756824 0.0033533764 -0.0015024674 0.0048925984 0.00403678 -0.0008915746 0.000761199 -0.00053204776 0.00406314 -0.00082472444 0.00409747 -0.003666551 0.0043346067 0.003667031 -0.0026956678 -0.0033348822 0.0045640683 -0.0006166512 0.0012420529 -0.0016491109 -0.0007284486 0.0022638405 0.002180503 -0.0005651629 0.00018018723 -0.0029774923 -0.003330201 -0.0024133993 -0.00080614863 -0.0010391749 0.00038834332 -0.0014604926 0.0025926076 -0.0003707701
Environmental -0.10145894 0.07859813 -0.01676795 0.08387398 0.044741027 -0.09267666 -0.017972568 0.115876116 -0.06499721 0.081496984 0.020378707 -0.03780524 -0.06272064 0.03246705 0.12742124 -0.10660317 -0.05302809 0.07753951 -0.03758116 -0.051602766 -0.0032188836 -0.085027225 -0.03210215 0.03314845 -0.07706879 0.016054682 -0.015635882 0.029895967 -0.12516116 -0.03481675 0.03176635 0.050265122 0.07285348 -0.010949695 -0.032027178 0.001227676 -0.03516916 0.02285562 -0.116903156 -0.12419899 -0.100289315 -0.0011258901 0.04832101 0.051977567 0.052297898 0.0003816659 0.076990575 -0.002950017 -0.010561293 0.019232547 -0.0063661607 -0.04403685 0.014129745 -0.07166113 -0.023633594 -0.07966748 0.081483744 -0.084714346 -0.076240435 0.0012412211 0.06090161 0.08101004 -0.052949052 -0.067538835 -0.07982307 0.069053926 -0.11283898 0.17900476 -0.089195296 0.012087705 0.0113728875 -0.030808695 0.1145691 -0.041772995 0.0025334223 0.06261611 0.044007313 -0.14780317 -0.120485544 -0.009400358 -0.04303952 -0.15079951 0.08034548 -0.0056664436 -0.020361895 -0.026917996 -0.023399653 0.13336234 0.024136232 -0.0908368 0.046280794 0.031275198 0.08662751 0.042720027 0.14352758 0.24389686 0.0033484339 0.01988568 -0.11415026 0.15521234 -0.105139375 0.039847676 0.0077729863 0.0345892 -0.08985665 -0.02665836 -0.10444992 0.08667836 -0.032674834 -0.112846844 -0.06278589 -0.087249964 -0.04088632 -0.057073507 0.010453849 -0.02727656 0.062075056 -0.10079754 -0.03311828 0.01841757 0.026964413 0.07330598 0.0010187465 -0.08460103 -0.018005341 0.12539701 -0.1309463 0.05584987 -0.0596619 -0.003929375 0.0090173315 0.06773049 -0.040044792 0.091400474 -0.02738664 0.10187714 -0.043883342 -0.1347696 -0.05320714 -0.0053673685 0.013628656 0.028656073 0.07240547 0.01999193 -0.0079511795 -0.009008713 0.0077343523 -0.041935004 -0.059159253 -0.03616033 -0.0064188894 -0.0089613255 0.02304972 0.0026862142 -0.06831396 -0.016223088 -0.047293983 -0.017931016 -0.09764938 0.1738088 0.058198985 0.059365537 0.037340004 -0.0030370643 0.003614383 0.0040121065 0.081288375 -0.044121373 -0.0025882935 0.052796055 -0.07963923 -0.061685126 0.0373149 -0.022453615 0.06337174 0.11308956 0.046380065 0.06647544 0.08900276 -0.048310272 0.018131899 -0.08125194 0.061470814 -0.038790938 0.00678324 -0.067823164 0.059788007 0.16883554 0.20260791 0.023629326 0.15420033 0.05902644 -0.12580305 -0.09203361 0.046195492 0.069557495 0.12383031 0.005616201 0.0019432749 -0.018068377
ms] -0.07132028 0.06277316 -0.013156867 0.057109978 0.037945464 -0.07145812 -0.008218102 0.07543179 -0.05289993 0.05466848 0.0150249 -0.03346574 -0.028756374 0.021824198 0.08937015 -0.063067295 -0.029973865 0.050893158 -0.02463196 -0.04898642 0.0031601663 -0.06320389 -0.028077507 0.028117647 -0.06594445 0.009413446 -0.018595861 0.016406782 -0.08988702 -0.030407738 0.023455337 0.040388998 0.04311189 0.00053002307 -0.027865527 0.0017914835 -0.029713938 0.015414725 -0.09503572 -0.096910365 -0.07631678 0.002748268 0.025676912 0.035769366 0.03545389 0.005619682 0.04799065 -0.023481827 -0.017986871 0.029554706 -0.0030294722 -0.01870826 0.02247424 -0.06600507 -0.025544433 -0.06415985 0.060128123 -0.05232856 -0.057739172 0.002934519 0.044213105 0.05432134 -0.03897637 -0.05768353 -0.056416027 0.05612005 -0.07532011 0.12130107 -0.05162632 0.008841824 0.0024122323 -0.03231916 0.08098828 -0.022959007 0.0022846672 0.04098385 0.03876169 -0.09430663 -0.09251647 -0.017950734 -0.020674085 -0.09932823 0.05169516 -0.014924824 -0.016048912 -0.018364983 -0.005256738 0.08779034 0.016280942 -0.055405933 0.026700493 0.0200879 0.060707256 0.02592441 0.0993929 0.17070648 0.0013761068 0.009191989 -0.07693712 0.11888002 -0.07389528 0.030304605 0.0050733928 0.029576745 -0.061532445 -0.019120425 -0.08560497 0.050542954 -0.031008426 -0.07979518 -0.040880475 -0.06377404 -0.032423764 -0.04386891 0.0015617381 -0.027924 0.041826256 -0.07521945 -0.02454027 0.009084503 0.016245814 0.056736477 -0.0078013227 -0.05677149 -0.0071755466 0.09868293 -0.091065764 0.052669846 -0.036706194 -0.009935065 0.0018069248 0.051982522 -0.02061664 0.06574328 -0.00918608 0.065411165 -0.024667446 -0.09708323 -0.023831023 -0.0027333684 0.003576307 0.015938759 0.05615658 0.004021635 0.0036916735 0.0022926787 0.002039164 -0.017339034 -0.04624822 -0.019006183 -0.008698923 -0.004595743 0.00031407634 0.021853134 -0.04103884 -0.022780586 -0.03864003 -0.015827205 -0.07606559 0.11742335 0.043595903 0.051776797 0.02062019 -0.0027412688 -0.003052924 0.003676561 0.060108908 -0.017401993 -0.0070640286 0.04695171 -0.04883441 -0.041855734 0.0326684 -0.019867018 0.038639482 0.07431882 0.028896224 0.047686204 0.059362166 -0.028764315 0.0064534605 -0.056501538 0.049135704 -0.022592755 -0.008820773 -0.05060661 0.035386354 0.1202392 0.13249612 0.02562376 0.12309217 0.039241552 -0.09424135 -0.043343324 0.02604042 0.0468169 0.088995166 0.011698151 -0.02605848 -0.002820104
Á¦ -0.29495284 0.23233698 -0.05234003 0.22136435 0.10780677 -0.24549648 -0.04204958 0.31964335 -0.19747745 0.24181403 0.06975827 -0.10702474 -0.15404633 0.08097044 0.3759541 -0.2883178 -0.14742446 0.21517396 -0.09097162 -0.15200514 -0.0077078333 -0.25062594 -0.0967821 0.095698364 -0.22715905 0.03878093 -0.046562813 0.0945516 -0.3481678 -0.11030867 0.086877204 0.15429042 0.18981501 -0.046013135 -0.08374376 -0.0071921316 -0.10574262 0.07037854 -0.3387176 -0.3524132 -0.29182345 -0.0018284635 0.13399519 0.1317079 0.13876511 0.014564072 0.22964436 -0.0019271581 -0.034720115 0.055436783 -0.03784696 -0.11887395 0.03958272 -0.18950537 -0.049796846 -0.21931121 0.22964114 -0.22654557 -0.19666535 -0.0030793424 0.18903968 0.23492128 -0.14360403 -0.18991192 -0.22338447 0.18731397 -0.30488846 0.48962072 -0.24323843 0.03499669 0.044096716 -0.08308739 0.3229562 -0.11600996 0.0053728917 0.1652855 0.13738155 -0.42279053 -0.33201918 -0.02465167 -0.10953385 -0.428236 0.21649083 -0.035330914 -0.044383768 -0.084865786 -0.06478549 0.37682855 0.08591836 -0.25756723 0.10551509 0.08345874 0.25298253 0.1050914 0.3915567 0.67562807 0.008855622 0.049201716 -0.32089683 0.41971484 -0.28083527 0.10131543 0.018977294 0.09905466 -0.2575743 -0.07510682 -0.28973266 0.24549276 -0.08897516 -0.30771244 -0.17863019 -0.25392362 -0.09147022 -0.13516241 0.01967926 -0.07593305 0.17037854 -0.27059254 -0.08093857 0.07582858 0.08749872 0.18679659 -0.01598872 -0.23046887 -0.05497593 0.3541292 -0.3826106 0.17779268 -0.15196949 0.009696204 0.035126884 0.17772406 -0.110628374 0.26477936 -0.07446272 0.28537586 -0.12749916 -0.38040444 -0.13006599 -0.016360747 0.023601072 0.10894045 0.18931112 0.04479425 -0.0005653492 -0.01234722 0.014091824 -0.11577134 -0.14900778 -0.10653245 -0.03308779 -0.018211488 0.06412076 0.015659327 -0.17440082 -0.046031572 -0.14799258 -0.06492807 -0.29114795 0.48036852 0.16616942 0.16594283 0.11880923 -0.01800919 0.019308647 0.034723096 0.21780095 -0.13262029 0.00687199 0.14646271 -0.22297773 -0.16526578 0.11277232 -0.07897308 0.16353095 0.31354514 0.12171545 0.17908655 0.26870483 -0.14244184 0.06188373 -0.23017506 0.1826612 -0.10471397 0.009695738 -0.19142988 0.1703349 0.47571126 0.5699655 0.06031473 0.4448542 0.16723044 -0.3396873 -0.24396634 0.13787773 0.1898632 0.34174934 0.032789074 -0.0025366375 -0.04079105
of -0.18324228 0.14622967 -0.027607705 0.14496216 0.076849826 -0.15121932 -0.024314767 0.20628874 -0.11828461 0.13456613 0.03784607 -0.07222599 -0.09886492 0.054993905 0.22606805 -0.18305987 -0.095929645 0.13601871 -0.057700545 -0.09664949 -0.00468044 -0.1599739 -0.05005083 0.060291156 -0.14352037 0.015714837 -0.030994121 0.063821286 -0.22415145 -0.06776016 0.050386835 0.087884046 0.12452298 -0.02139022 -0.05949097 -0.0040218174 -0.06272414 0.038760122 -0.2166715 -0.22744478 -0.1809453 0.0049503553 0.08396069 0.082925536 0.092572786 0.008105561 0.14392957 -0.010063902 -0.019113973 0.039494384 -0.020758787 -0.07318206 0.028171934 -0.122545086 -0.030343285 -0.14584632 0.15016484 -0.1538329 -0.12904233 -0.0015262539 0.11294022 0.14174607 -0.094411545 -0.1257245 -0.13656633 0.12515977 -0.19044247 0.31523994 -0.16079982 0.017086726 0.02433937 -0.04829595 0.2127353 -0.07295055 0.012211106 0.09814999 0.09168506 -0.27093682 -0.21802826 -0.024202112 -0.07794665 -0.2739024 0.13071342 -0.022953536 -0.031417273 -0.051155634 -0.04019181 0.2331561 0.046216168 -0.16368942 0.07597661 0.053901304 0.15972386 0.07572025 0.25308058 0.4348311 0.0011293358 0.030279487 -0.20290914 0.26592302 -0.18255574 0.06899487 0.0056043803 0.07051337 -0.15683232 -0.053410605 -0.18336678 0.16054915 -0.053852838 -0.1920421 -0.12126211 -0.16439526 -0.06953182 -0.091901936 0.015722595 -0.048956256 0.110681735 -0.17730862 -0.05038816 0.04589028 0.04962875 0.12829642 0.00080399594 -0.1482662 -0.024639918 0.2221608 -0.2402125 0.10671686 -0.09569867 -0.003381943 0.021752434 0.116950296 -0.06335302 0.16464977 -0.040651508 0.18270454 -0.07516267 -0.23798911 -0.08917169 -0.010526271 0.013090545 0.05318 0.121714555 0.028460985 -0.009831352 -0.009757314 0.0039353617 -0.06920218 -0.093127705 -0.06464702 -0.016540619 -0.005839457 0.04358306 0.01573043 -0.11512223 -0.024535341 -0.09306453 -0.03152388 -0.18070768 0.31010997 0.118715644 0.11112145 0.06972562 -0.016959203 0.007739083 0.018435152 0.13817598 -0.07937884 0.0013449526 0.09627477 -0.14867592 -0.10447564 0.07632478 -0.04933046 0.110571906 0.19663654 0.07708393 0.11968078 0.16994426 -0.091834016 0.032224983 -0.14273122 0.109712034 -0.06827441 0.007616325 -0.11391579 0.10215245 0.29680654 0.36889774 0.03613221 0.28670716 0.1059075 -0.2138325 -0.15042938 0.07827821 0.11824547 0.21311411 0.018379169 -0.005174214 -0.025165474
Ñ°ÃÙ¾ÃÔ¶µÄ´«Ææ 0.002500593 -0.0020640607 0.0007261771 0.0009991324 0.0031486256 0.0044736676 -0.0009812015 -0.0029624146 6.651282e-06 -0.0023661912 0.0009100807 0.00066584826 -0.0012480128 -0.0040439735 -0.003180964 -0.004046981 -0.0017420489 -0.003836673 -0.002419808 0.00441531 -0.00076069054 0.0042282934 -0.0030990874 0.004672338 0.004791372 -0.00088990154 0.0034311777 -0.0036146224 -0.0041084485 0.0016916841 0.0023062557 -0.0012567932 -0.003135262 -0.0004972035 -0.0014742189 -0.003681264 0.00084435643 -0.0037135375 -0.0014261735 -0.00338717 -0.0020585859 0.0038040644 0.00208533 0.0023765594 -0.0021437812 0.0017906248 0.0009001458 -0.0004773265 -0.0044111223 0.0027007419 -0.0024252338 -0.001566109 -0.0026766157 -0.0037533743 -0.0011189592 -0.0009941554 0.00161003 0.0019974124 -0.0029176332 0.0018666631 -0.0014472478 0.004851146 0.002330171 0.0011938846 -0.0005827618 -0.0041861613 0.0027737457 -0.00068417075 -0.0010288518 0.0035329366 0.0039138864 0.0037332517 0.0032411604 0.0043332917 0.0014194882 -0.0036598349 0.0025269939 0.0018520069 -0.0013226294 0.0009001136 0.002278983 -0.0022445356 -0.001424973 -0.0033160269 -0.0035853458 -0.003533528 0.0024541002 7.7127814e-05 -0.000116147996 0.0030550314 -0.0010098643 0.0038699985 0.0032221656 0.003941761 0.0028759844 0.0040131058 -0.001654964 -0.0027343745 -0.0015446633 0.0029640961 0.0037981432 0.004980547 -0.004103446 -0.001519996 -0.004173823 -0.00016473532 0.00011016727 -0.002552387 0.004302293 -0.0009557289 0.0024424905 0.0012901431 -0.0005266529 -0.004126417 -0.0013245029 0.0039989175 -0.0013628483 -3.5994053e-05 0.002584778 -0.0048633246 0.0027344364 -0.002794472 0.0046808682 0.0041348725 -0.0025804734 0.0033780485 0.0005604702 0.004390584 -0.0045723943 9.5089075e-05 0.0034620666 0.0021264565 -0.0032313329 -0.002919206 -0.003897829 -0.0015084571 -0.0044308715 0.0011157519 0.0016031634 0.004169869 -0.0020805479 -0.0018349034 0.0008733046 -0.0041118925 -0.0042447136 -0.0021880788 0.0033760942 -0.004090755 0.003679182 0.0019264227 0.0007380128 -0.004388832 -0.0043265945 0.0004456973 5.6533812e-05 -0.00029014648 0.0043952973 0.002769881 -0.0027242284 -0.002061171 -0.0021491367 -0.0007031429 -0.001403271 0.0016393322 0.004058648 0.0032533861 0.0041590063 -0.002558213 0.0026676422 0.004622617 0.0008076078 -0.00030018447 0.00042657077 0.002392077 -0.00368272 -1.6297103e-05 0.0033526176 -0.0018190849 -0.0004659593 0.0006520641 0.00038858832 0.0012616133 -0.0032982547 0.0046480163 0.00039418042 -0.00012632192 -0.0020286555 0.003454824 0.0024820112 0.0049012173 -0.002979786 0.0029099274 -0.0034996248 -0.0017220754 -0.0012167454 -0.0011033356 0.001731233 0.0037944424 -0.004914635 -0.0047511295
õØõé»ÄÁ¹µÄ¸ê±Ú -0.00431925 -0.00045757592 0.001302666 0.0041708285 0.0026452786 -0.004601412 0.00391498 0.0013123304 0.0031144393 -0.00012912333 0.0041153897 -0.0006891835 -0.0035494918 0.0024669732 0.0021568583 0.0030728315 -0.0039711236 0.0016601902 0.0036952752 -0.0041874256 -0.0012264955 0.0033646298 0.004596598 0.0033381009 0.003861363 -4.431009e-06 -0.0020701361 0.0033410436 0.003041268 -0.0030365242 -0.00219638 -0.0005840021 0.004242373 -5.962193e-05 0.004090445 -0.0011977339 0.004616853 0.002168404 -0.000569061 0.0046992167 -0.004594537 -0.00352458 -0.0030845278 -0.000165869 0.00016350627 0.001143499 0.00051066634 -0.0043711453 0.0020292746 0.003391298 0.003381204 -0.003876756 -0.004090565 -0.0037340939 -0.0022500772 -0.0038437021 -0.0023306776 -0.002922768 -0.0047183568 0.0039836634 -0.0031862634 -0.001985632 0.0017098677 -0.0010219103 0.003427019 5.9771537e-05 0.0018821859 0.003417576 -0.0033719242 0.0044745 -0.0045845546 -0.0011768234 -0.0044425745 -0.0020013987 -0.0038920825 -0.0032205712 0.0040711556 -0.0027530037 -0.0011410696 0.0013880957 -0.001266771 -0.0009817326 0.0032828213 0.0033153999 2.759993e-05 -0.000748347 0.0016472882 0.004044857 -0.0043700426 0.0013754863 0.0049522878 0.0016850865 0.0016373128 -0.0014420205 0.0030040664 0.003338118 0.0014736837 0.0032424675 0.0011261732 0.0049278326 -0.0044284053 0.0044654734 -0.0048194267 0.0011857217 0.0040159565 0.0018334055 -0.0005805862 -0.0041429563 -0.0047900723 -0.0028455288 0.004083533 0.003762154 -6.1333776e-05 0.0030205357 0.0033074724 0.0028956514 -0.0019770146 -0.004025295 -0.0039441707 0.00029153167 -0.0041806204 0.004668707 0.00114469 0.0037513357 0.003075608 0.0049641742 -0.0013454241 0.0014262623 0.00045841516 0.002377031 0.0014320177 -0.0037807953 0.004661564 -0.0009237438 -0.004941046 0.0028612525 0.0032413518 -0.0024899053 0.002310942 -0.0007429564 0.0020088053 -0.00415984 0.0021967108 -0.0007040459 0.0015620893 -0.0023987973 0.004510375 0.0017220855 -0.0032751393 0.0042288858 0.0031555372 0.0026857036 0.004389678 0.00010419428 0.0013563687 0.0013556111 0.0021873743 -6.32894e-05 0.0023416453 -0.0005023146 0.0015667761 0.0043480056 -0.00068331003 0.00016011775 -0.00076805055 -0.00063993037 0.0014350963 -0.0045199706 0.0030187196 -0.0026348417 -0.0026164723 0.003442095 -0.0009156066 -0.004344948 -0.0020907933 -0.0029607553 0.0008812433 0.0037406855 0.0027754349 0.0038643796 0.0040938277 -0.00040753244 -0.0041607176 0.001673367 0.0041919453 -0.002835887 -0.0048886966 0.000466187 -0.0013890165 -0.00025476396 -0.00093515276 0.0021208841 0.0005813092 0.00296497 0.00257285 -0.0029133009 -0.0009658277 0.004478416 -0.0012906748 0.0028530676
(»ÄÔ­ºìÀÇ), -0.1615858 0.14582057 -0.008014482 0.12766303 0.09923266 -0.13852239 -0.037760943 0.19925034 -0.080182396 0.101716705 0.042718746 -0.047356624 -0.102917545 0.051656388 0.18731748 -0.16108203 -0.094115205 0.12570809 -0.05790408 -0.10166652 -0.013559707 -0.1464139 -0.045765437 0.038559023 -0.13617545 0.02792387 -0.023874244 0.056480248 -0.20349851 -0.028155616 0.016750267 0.069961354 0.09654579 -0.017501965 -0.051520444 0.007452877 -0.05708663 0.03676274 -0.1706979 -0.18407048 -0.16944775 0.02712011 0.09105274 0.072481535 0.07153097 0.009443554 0.14405023 -0.022660902 -0.023906475 0.027822616 0.021170864 -0.08165488 0.02729073 -0.11739722 -0.017573072 -0.13586007 0.1468119 -0.13453904 -0.115245424 0.0123386355 0.0887354 0.13258982 -0.0692236 -0.1080561 -0.12735294 0.09799366 -0.15906641 0.29705575 -0.15017685 0.012277175 0.016149668 -0.06292224 0.1764647 -0.06436769 0.022145921 0.09364447 0.07049067 -0.24210134 -0.20530085 -0.019402452 -0.067383625 -0.23818837 0.10978476 0.0014069334 -0.031454284 -0.03388836 -0.03666694 0.22086768 0.058679096 -0.15853176 0.09082966 0.064856276 0.14982484 0.066780716 0.23169966 0.38429484 0.036158033 0.020528108 -0.16732617 0.25065258 -0.1674779 0.07459408 0.010954439 0.06308375 -0.16407998 -0.049648706 -0.16930807 0.12095181 -0.045345314 -0.16996202 -0.12224801 -0.14944926 -0.077138506 -0.10063787 -0.004840215 -0.06969556 0.08405749 -0.14271942 -0.043748822 0.030820422 0.02488137 0.1455658 0.013054204 -0.120528094 -0.014921412 0.19038731 -0.21519464 0.07821433 -0.11400852 -0.012719984 0.03215694 0.09761299 -0.039401516 0.14515437 -0.035987508 0.19341187 -0.07733324 -0.22345577 -0.08314052 -0.017926322 0.0025283631 0.020156294 0.11029008 0.039187085 -0.0132123865 -8.51143e-05 0.01007896 -0.08497602 -0.09495954 -0.05693427 -0.014394969 -0.008181958 0.04139831 0.012539002 -0.11983529 -0.015201362 -0.06732631 -0.049900208 -0.16515422 0.30941647 0.08284112 0.09468974 0.072920255 -0.010132988 0.025503315 -0.009180407 0.15407084 -0.07327077 -0.0006440738 0.10587282 -0.14915735 -0.12062583 0.0613561 -0.045523297 0.1258734 0.19784658 0.06108568 0.11085815 0.16228896 -0.09012978 0.026118344 -0.13725875 0.0958744 -0.07233024 -0.012348378 -0.07669457 0.11852501 0.2686133 0.34273058 0.027160486 0.23654069 0.096581146 -0.1952339 -0.15065421 0.061449483 0.108084455 0.19538999 0.005022711 0.0034422365 -0.019977545
quark -0.14684598 0.14767301 -0.006999791 0.11660197 0.08107605 -0.12169493 -0.029556217 0.18680663 -0.07992943 0.094050676 0.04881845 -0.054030295 -0.08750024 0.03471835 0.18001421 -0.16574624 -0.0880246 0.10637626 -0.060299788 -0.08910927 -0.012490927 -0.1367299 -0.05552637 0.038079098 -0.12865892 0.0331002 -0.024741497 0.048666406 -0.1959721 -0.026471712 0.012784669 0.06749393 0.10157147 -0.009539074 -0.048306827 -0.010398722 -0.059411556 0.032487717 -0.16808724 -0.1719606 -0.15189499 0.022182727 0.086645074 0.07885716 0.054649323 0.01395364 0.14282523 -0.028486378 -0.030710973 0.019658914 0.020565927 -0.08441809 0.011303364 -0.09843863 -0.02253781 -0.13260575 0.12384513 -0.11710673 -0.116547324 0.015853966 0.08082753 0.12521943 -0.06865844 -0.11469856 -0.12741682 0.092092544 -0.14203052 0.27942592 -0.1381149 -0.0013391956 0.012994486 -0.05568519 0.16759707 -0.074014634 0.01883202 0.08647023 0.06789717 -0.24306008 -0.1948342 -0.017100463 -0.06664588 -0.20865275 0.10243586 -0.00051453186 -0.023575705 -0.023183532 -0.040226 0.20988187 0.04906273 -0.14296034 0.07689409 0.065379076 0.14016955 0.06126344 0.22155358 0.36877143 0.03472507 0.020714752 -0.15030539 0.23914418 -0.16925798 0.085921004 0.018921502 0.061197415 -0.16029139 -0.05326814 -0.14487639 0.12095845 -0.053241484 -0.17447445 -0.10924923 -0.15436172 -0.06751135 -0.09794275 -0.008652718 -0.06805204 0.07998606 -0.14529534 -0.056040872 0.027455488 0.025897944 0.1341677 0.01060554 -0.122501165 -0.013105596 0.1952851 -0.20551 0.079882115 -0.1083665 -0.007042058 0.02370383 0.10339388 -0.03590365 0.14013286 -0.023887563 0.18046677 -0.060488813 -0.21305434 -0.090521 -0.014462364 0.000167372 0.021987211 0.11270736 0.033022106 -0.012002982 0.010867173 0.0057674986 -0.07524909 -0.07958325 -0.047046058 -0.00027811757 -0.0121214315 0.036923606 0.011547801 -0.120624624 -0.0054176482 -0.055459917 -0.0450665 -0.15766498 0.27954978 0.07582658 0.090607844 0.07579678 -0.01611422 0.03239762 -0.00714644 0.13101524 -0.061863665 0.005493642 0.09157212 -0.1431095 -0.11675325 0.058310974 -0.036161795 0.11579347 0.19593142 0.06738061 0.11584378 0.14784794 -0.07764494 0.019879943 -0.12566102 0.096668296 -0.06595196 -0.013778309 -0.065470815 0.11227049 0.25225347 0.32761776 0.031812225 0.22439574 0.089968346 -0.18160751 -0.1536975 0.061654598 0.09541707 0.20147946 0.006961193 0.0077787726 -0.0038047172
Çø -0.27223894 0.21666867 -0.04247236 0.20126559 0.10243349 -0.22241618 -0.03635141 0.28616276 -0.18295224 0.22409797 0.057621833 -0.09851434 -0.14391227 0.072914496 0.34372538 -0.26190242 -0.13579151 0.20669124 -0.082349345 -0.14674768 -0.007581012 -0.22924955 -0.08836733 0.08785208 -0.21223181 0.036682505 -0.03329755 0.08694954 -0.32421526 -0.10440681 0.078921214 0.14005068 0.17380188 -0.03793454 -0.07899407 -0.013769806 -0.09952205 0.06864641 -0.3040222 -0.33102635 -0.2694071 0.00057523965 0.13092066 0.12285879 0.13024065 0.019595407 0.21009743 -0.0040602284 -0.03085394 0.04861806 -0.035172846 -0.11402272 0.026634235 -0.17412391 -0.040253706 -0.19879524 0.20050555 -0.21046232 -0.190152 -0.009176053 0.17928095 0.21421316 -0.12636168 -0.17340903 -0.2011691 0.1758884 -0.28250208 0.45092818 -0.22058728 0.029790172 0.032676604 -0.08180318 0.2972462 -0.112390175 0.009231432 0.14964221 0.12734477 -0.3845612 -0.30023226 -0.024443338 -0.104595214 -0.39439264 0.2094311 -0.026053572 -0.036891147 -0.08518412 -0.062547885 0.3571715 0.07906146 -0.23271136 0.10116722 0.07446203 0.23249035 0.0970531 0.35165682 0.61456776 0.016525565 0.044697594 -0.29201734 0.38079536 -0.25279596 0.09539798 0.015005862 0.09324467 -0.23619246 -0.058660742 -0.26416612 0.23326191 -0.08003195 -0.27336177 -0.16504636 -0.23191412 -0.08785123 -0.12100234 0.009133921 -0.07432006 0.15420432 -0.24096292 -0.078103825 0.06120745 0.078345746 0.17517744 -0.01333264 -0.20803636 -0.041302416 0.32678127 -0.3543148 0.16265146 -0.14529574 0.0074753393 0.030645844 0.16382183 -0.09734505 0.24484135 -0.07230237 0.2605988 -0.117429495 -0.35854715 -0.10913111 -0.011634447 0.028775364 0.09917929 0.17483832 0.044397905 -0.0043866253 -0.0027801502 0.014580285 -0.11018131 -0.1411356 -0.08722939 -0.035478342 -0.015588593 0.048461843 0.013903429 -0.165524 -0.04224442 -0.13819711 -0.06384527 -0.2684799 0.443537 0.15225312 0.15972424 0.10516463 -0.018903315 0.022935048 0.025912603 0.19511397 -0.12704802 0.0025778755 0.12753013 -0.20565501 -0.14393304 0.10508846 -0.06882037 0.15467383 0.28666824 0.104557775 0.16362688 0.24696693 -0.13097389 0.05592958 -0.20953846 0.1721119 -0.103137776 0.00831886 -0.17161451 0.16027531 0.43354073 0.52162206 0.04389973 0.41352245 0.15155904 -0.30968246 -0.22694008 0.12796007 0.16799197 0.30658194 0.026430568 1.2933234e-05 -0.047238518
ÊÇ -0.3583164 0.28471655 -0.059398353 0.2755664 0.14402422 -0.29580957 -0.051532008 0.39808556 -0.24938914 0.28961062 0.079753496 -0.13500421 -0.19943064 0.105879135 0.45338264 -0.35638404 -0.17970414 0.26441732 -0.11469002 -0.19465035 -0.0065830937 -0.30549702 -0.108391605 0.11790609 -0.27469015 0.039061654 -0.056504946 0.12328863 -0.43254164 -0.13152884 0.1021221 0.18477863 0.2424431 -0.05060999 -0.10212117 -0.009192677 -0.13299793 0.0802888 -0.41926762 -0.43350142 -0.3568201 0.0058311746 0.17404611 0.16699326 0.16839893 0.023411198 0.28500256 -0.012062152 -0.04158697 0.06600459 -0.03860145 -0.147459 0.044832755 -0.2322181 -0.060198348 -0.2711427 0.2748709 -0.2812018 -0.2557296 -0.007117078 0.23615627 0.2877772 -0.17171396 -0.23772587 -0.27021697 0.2321343 -0.37429383 0.6084671 -0.295357 0.035576865 0.045284957 -0.101663485 0.39661896 -0.14822575 0.012370258 0.20453314 0.16730149 -0.5125219 -0.40739447 -0.027884182 -0.1429203 -0.5263 0.2681616 -0.039707486 -0.059976175 -0.104864165 -0.089473635 0.46915683 0.103634976 -0.31478027 0.13853644 0.09914174 0.31943217 0.12739062 0.4831924 0.8276053 0.0130599635 0.069127664 -0.39407843 0.5207149 -0.33745238 0.13168178 0.020066015 0.12979107 -0.3160465 -0.086422235 -0.35698983 0.3046492 -0.10317797 -0.37694457 -0.21821095 -0.31271598 -0.12164696 -0.16474535 0.014679198 -0.096451215 0.20894386 -0.3334764 -0.09911954 0.08512355 0.10133772 0.23900537 -0.019778715 -0.28546333 -0.060364332 0.42416504 -0.46558255 0.20707431 -0.18518685 0.007922019 0.042553075 0.22172926 -0.1365531 0.32203 -0.08912949 0.35634157 -0.14827953 -0.47697014 -0.15312506 -0.020955559 0.03794056 0.12862486 0.23187512 0.05770651 -0.0071225083 -0.015362133 0.015020666 -0.13352798 -0.19302334 -0.12694377 -0.041188 -0.022217466 0.07722863 0.024394931 -0.21836641 -0.055399396 -0.17851084 -0.08055892 -0.35409683 0.5901798 0.21553203 0.21017867 0.14134906 -0.026451426 0.026620654 0.038754866 0.2683261 -0.16532093 -0.000877373 0.18278264 -0.27253807 -0.20395595 0.1369429 -0.08808351 0.21021305 0.37553704 0.14551105 0.22415206 0.32603353 -0.1810386 0.07804826 -0.27663082 0.21644098 -0.13168398 0.0035235682 -0.23357992 0.21421242 0.5791985 0.70107955 0.06695526 0.54645383 0.20910583 -0.4240506 -0.30021822 0.16679838 0.22389947 0.4233237 0.031856038 0.00037998837 -0.06108615
¨v -0.38582042 0.30722198 -0.0654592 0.2934666 0.15821965 -0.32391304 -0.055702418 0.4179183 -0.25092852 0.28504622 0.08540765 -0.13895145 -0.21635929 0.108003855 0.46950537 -0.3717298 -0.18011007 0.28298533 -0.118654214 -0.19917701 -0.006274437 -0.3177538 -0.106767625 0.12361165 -0.29304907 0.051798932 -0.05502508 0.12507205 -0.45827344 -0.155488 0.09318975 0.19968602 0.2583425 -0.04897639 -0.11276008 -0.019231176 -0.13388021 0.07380297 -0.44621795 -0.46198004 -0.3698775 0.0017754603 0.19195779 0.16567124 0.17786238 0.024146391 0.30113932 -0.020152768 -0.055692196 0.07073878 -0.032291193 -0.16210629 0.038261596 -0.24440378 -0.074124716 -0.29605126 0.2944282 -0.30826426 -0.2795456 0.0011492372 0.2473121 0.29882997 -0.18665552 -0.25046432 -0.3029474 0.2556633 -0.40230346 0.6534176 -0.3252409 0.043484375 0.048462402 -0.10209798 0.43727762 -0.14878885 0.0131336665 0.20248486 0.18066528 -0.54331625 -0.44166324 -0.04533791 -0.1566428 -0.55298877 0.2753763 -0.039215475 -0.04891756 -0.09729981 -0.076768816 0.4902727 0.09748494 -0.32764387 0.15907222 0.11787202 0.33963874 0.15547706 0.5120523 0.8824164 0.004220668 0.06556805 -0.41688246 0.56297964 -0.3682444 0.13621369 0.020852452 0.11621079 -0.32423797 -0.10016114 -0.3589495 0.3188205 -0.10739362 -0.40246838 -0.23565367 -0.33935863 -0.122085124 -0.19565828 0.023415485 -0.102441855 0.22253622 -0.34235185 -0.10057624 0.09105184 0.10812254 0.24962556 -0.010996529 -0.2993697 -0.050588265 0.44446927 -0.4852665 0.20681737 -0.19931017 0.0017857138 0.053202067 0.24126679 -0.13873047 0.3254223 -0.08590386 0.38094297 -0.16912308 -0.5053701 -0.17922497 -0.028788522 0.022127349 0.117302485 0.24700974 0.0730503 -0.016315948 -0.018302912 0.015180705 -0.13894051 -0.20805131 -0.123121984 -0.03444977 -0.0061421786 0.06814397 0.02987689 -0.23087431 -0.05649824 -0.1732133 -0.07744371 -0.3712178 0.63321406 0.22889544 0.23116066 0.1505942 -0.025115013 0.017862039 0.046266228 0.28412512 -0.17364211 -0.017965276 0.19538417 -0.27829802 -0.22175054 0.15443796 -0.10409189 0.22491404 0.410199 0.1369021 0.24843775 0.34262276 -0.1753003 0.08330176 -0.28647727 0.22979839 -0.13390335 0.008985997 -0.23155962 0.21961239 0.6182223 0.750777 0.084142156 0.5799935 0.22085583 -0.45206156 -0.32385373 0.16898276 0.25550961 0.44326788 0.036461167 0.00483671 -0.070660114
and -0.127916 0.10400349 -0.026288727 0.10012024 0.059629325 -0.111090235 -0.015235707 0.14176427 -0.08771612 0.09639382 0.031745806 -0.05414726 -0.06876741 0.044332244 0.16066408 -0.1318464 -0.06443071 0.09669135 -0.046680987 -0.06905918 0.003970189 -0.11202926 -0.03263295 0.044106558 -0.099934325 0.015381571 -0.018961841 0.042145383 -0.16081254 -0.047310024 0.033934 0.06359395 0.08536451 -0.014291888 -0.035200067 -0.0052437484 -0.04579714 0.027212221 -0.15876055 -0.1659168 -0.12641402 -0.0017729581 0.06380437 0.064024135 0.062289838 0.0022411058 0.10314992 -0.00033332364 -0.018061973 0.021891473 -0.01699658 -0.054938897 0.019935476 -0.09090249 -0.022372803 -0.106644906 0.10775798 -0.104265995 -0.091107115 0.0017700336 0.08159365 0.099620886 -0.06403797 -0.08913584 -0.10437461 0.092216246 -0.14153756 0.22629595 -0.1167471 0.012263433 0.014681078 -0.040403355 0.15417212 -0.05546089 0.0022523135 0.07821789 0.063846506 -0.19382682 -0.157027 -0.018333988 -0.054314237 -0.19448508 0.09451355 -0.012073038 -0.026170556 -0.033723995 -0.023794627 0.17002475 0.03435075 -0.119178616 0.05771475 0.03733601 0.116611466 0.053481616 0.18034129 0.3082632 0.002204194 0.023474323 -0.13955908 0.19464718 -0.12738079 0.048769597 0.0035338183 0.050598532 -0.11631493 -0.032155637 -0.12982981 0.111072674 -0.036522668 -0.13760772 -0.08745472 -0.11167579 -0.044459704 -0.06771508 0.0077848146 -0.03707699 0.07605508 -0.121931784 -0.04121907 0.026303237 0.035554357 0.09528243 -0.0029845594 -0.10233597 -0.021833457 0.15633497 -0.17412904 0.07564184 -0.07178423 0.0032153476 0.012179888 0.082401425 -0.049360376 0.117974974 -0.031670015 0.12859055 -0.055712417 -0.17308336 -0.06374063 -0.011943454 0.009439809 0.041432705 0.08627199 0.02041046 -0.0041522253 -0.009875255 0.0056890515 -0.045366433 -0.0704837 -0.04996252 -0.007731105 -0.0062173554 0.02661564 0.01087201 -0.07975569 -0.018145889 -0.068348184 -0.028524753 -0.12690361 0.2269319 0.07914692 0.08500834 0.048728973 -0.009961597 0.0061757434 0.012308991 0.09807635 -0.059195034 -0.005754969 0.0665143 -0.09799378 -0.07728731 0.049504828 -0.03732904 0.073798776 0.1415759 0.053383704 0.08553482 0.11955173 -0.066166535 0.030401679 -0.10552468 0.07690081 -0.047477435 0.00035733948 -0.0774356 0.07518244 0.21647593 0.26109985 0.023516122 0.20363995 0.07652293 -0.15975061 -0.111193255 0.063215345 0.086006925 0.1560645 0.010228067 0.0026207117 -0.019782877
ÒÔ -0.3004138 0.23190801 -0.0508974 0.22061586 0.11500686 -0.24230534 -0.037652187 0.3263497 -0.20757201 0.23498641 0.06658958 -0.112500176 -0.15815456 0.08431924 0.37688622 -0.28653467 -0.14718868 0.22264573 -0.09087397 -0.15610644 0.0009383879 -0.24857688 -0.08739718 0.098582506 -0.23142032 0.040251795 -0.041331105 0.100219406 -0.34973612 -0.11085338 0.08330454 0.1506117 0.19573247 -0.03962235 -0.08185273 -0.014935571 -0.10920328 0.067537725 -0.34449905 -0.36263537 -0.29026628 0.0005301587 0.13576938 0.13920133 0.1427773 0.023939515 0.23384738 -0.0050816457 -0.038604915 0.053073436 -0.037161674 -0.122750714 0.03177035 -0.18591133 -0.050615866 -0.21676068 0.22179629 -0.22385588 -0.20644452 -0.007865413 0.18965524 0.23392908 -0.14024729 -0.18933193 -0.21875095 0.19547445 -0.30863163 0.4958236 -0.24312396 0.037436306 0.043260194 -0.07942709 0.32173175 -0.11834805 0.009938372 0.16284014 0.13621196 -0.42385003 -0.3318546 -0.019040214 -0.11626255 -0.43928725 0.22394598 -0.036187027 -0.043178063 -0.09363618 -0.07236043 0.37859923 0.085891634 -0.2568723 0.10829245 0.07963882 0.25931165 0.11047692 0.3946267 0.6756511 0.018593596 0.05187643 -0.31938216 0.42943665 -0.28331548 0.0994483 0.007868799 0.103096 -0.25382087 -0.07252243 -0.2945038 0.24626306 -0.089708425 -0.30212528 -0.18328017 -0.25585932 -0.09852835 -0.13292395 0.016871678 -0.07752279 0.17293532 -0.2738652 -0.0766145 0.06969847 0.08932847 0.19054322 -0.014714472 -0.23199908 -0.05568793 0.350356 -0.38160005 0.17482793 -0.14832594 0.0013560352 0.036721732 0.1788584 -0.11398301 0.26677346 -0.07019388 0.28886765 -0.12901124 -0.39049 -0.12198353 -0.013343515 0.031596955 0.10369243 0.19779804 0.04912113 -0.009192447 -0.016780812 0.009870259 -0.10848622 -0.15673564 -0.105958536 -0.03753746 -0.013049272 0.06329818 0.018817788 -0.1805608 -0.049107693 -0.15264712 -0.06689142 -0.29096568 0.49002957 0.17699848 0.17405199 0.11144932 -0.023158193 0.023008352 0.0358645 0.2197612 -0.13620792 0.0010679576 0.1440448 -0.22510123 -0.16025378 0.10860498 -0.07628306 0.16412944 0.3140209 0.12047151 0.18488193 0.26669413 -0.14436 0.056628603 -0.22888283 0.1810016 -0.107869014 0.0032881838 -0.19837593 0.17490156 0.473708 0.57196224 0.05188018 0.4511512 0.17072 -0.34715194 -0.24013351 0.13582645 0.18532811 0.3403832 0.030714175 -0.0045325328 -0.04901814
Traffic_Info -0.18116903 0.16388994 -0.033477314 0.13004525 0.09144227 -0.16687286 -0.023747576 0.22317426 -0.10785361 0.13558944 0.055539824 -0.058350068 -0.102642804 0.0561735 0.2288804 -0.19789414 -0.09057476 0.14599808 -0.07081234 -0.094644256 0.0018460485 -0.170395 -0.0516219 0.07136028 -0.15737249 0.032690108 -0.027628582 0.074004956 -0.24532467 -0.060361147 0.055442587 0.09602457 0.12358982 -0.032644294 -0.049489893 -0.0028267312 -0.083637565 0.033471204 -0.21904722 -0.2290675 -0.1938635 0.018090554 0.10265594 0.10269 0.09144794 0.004331151 0.15444656 -0.016061384 -0.02730348 0.042865902 -0.005113233 -0.090137854 0.019771498 -0.13954844 -0.03949929 -0.15911634 0.16212952 -0.15137124 -0.14008486 0.0043365587 0.12056292 0.1577416 -0.09842353 -0.1297859 -0.15266277 0.12930149 -0.19640177 0.32394734 -0.17094517 0.007435178 0.01714871 -0.066164196 0.22510062 -0.08839129 0.00014790012 0.11744855 0.09591287 -0.28390333 -0.23710097 -0.024152454 -0.08171331 -0.26960704 0.14514244 -0.016351996 -0.02882549 -0.04338018 -0.045960445 0.27187315 0.047701493 -0.18170106 0.08922457 0.062114574 0.17473611 0.0690431 0.25949448 0.46417123 0.012031864 0.031246375 -0.1975752 0.2917616 -0.18752243 0.07461755 0.017217701 0.081907675 -0.17010231 -0.060965184 -0.18980315 0.15819159 -0.05954018 -0.19581732 -0.13798998 -0.16628887 -0.07394261 -0.11322218 0.016776912 -0.06388566 0.10943912 -0.18102168 -0.051825695 0.055784043 0.051111393 0.1526185 -0.0043185484 -0.152405 -0.03127888 0.22288127 -0.24883823 0.10928063 -0.11471969 -0.0036089157 0.030323187 0.12453175 -0.06088448 0.17319441 -0.044210266 0.20449015 -0.0788484 -0.26482776 -0.09534527 -0.00019574427 0.01147789 0.053631376 0.14044702 0.038765658 -0.016577585 -0.0012943781 0.012854189 -0.092897326 -0.116202205 -0.06427609 -0.009040047 -0.0016086763 0.039851274 0.010577092 -0.12786257 -0.016194014 -0.086925976 -0.039205804 -0.19102569 0.3366526 0.11135248 0.12250647 0.074461006 0.0017408334 0.022269046 0.013635767 0.15070117 -0.08567938 0.006680439 0.11096135 -0.1643584 -0.1286466 0.08052257 -0.040889677 0.12212089 0.22196619 0.08779343 0.1429622 0.16797002 -0.09592216 0.042312775 -0.16425522 0.117752545 -0.07270617 -0.009682805 -0.10403478 0.109365724 0.31316292 0.39958078 0.033280645 0.3010067 0.130862 -0.2239698 -0.15779437 0.08514376 0.12588505 0.23721434 0.019450586 -0.00747477 -0.029238518
2001) -0.21885835 0.15488751 -0.031136014 0.1647826 0.09386662 -0.18403213 -0.025781596 0.21887474 -0.13433127 0.14645843 0.04531675 -0.08309949 -0.1392965 0.07453706 0.25295624 -0.2070796 -0.10933958 0.14466317 -0.075134486 -0.117333114 0.00059590576 -0.19220191 -0.057407875 0.069905214 -0.15588373 0.021942835 -0.034558315 0.07453837 -0.26360497 -0.07352607 0.07467347 0.10105964 0.14052829 -0.031234527 -0.06512491 -0.006282395 -0.07081867 0.03545433 -0.26098156 -0.26240167 -0.21965915 -0.0042950204 0.12067555 0.10530518 0.10737418 0.011717812 0.14504416 0.0053204773 -0.009885552 0.038629897 -0.026163114 -0.07595052 0.03338759 -0.14707024 -0.0513078 -0.149299 0.16567983 -0.19014044 -0.1576392 0.00085456995 0.13459346 0.18156905 -0.10656748 -0.13502666 -0.17460315 0.14901179 -0.21898665 0.37000337 -0.16932486 0.014960929 0.042390086 -0.055270433 0.24616453 -0.06520199 0.008244918 0.11905794 0.0925834 -0.30263203 -0.25303704 -0.033669226 -0.08963665 -0.29910263 0.15517618 -0.019711379 -0.024624187 -0.03246455 -0.052892383 0.26587915 0.035797797 -0.19775367 0.10247575 0.061870564 0.18921225 0.08262218 0.28846395 0.5067171 -0.019745527 0.03863144 -0.2113555 0.296474 -0.1881433 0.06665202 0.017609095 0.0735757 -0.18692544 -0.06250214 -0.18939142 0.1720041 -0.068023086 -0.19833295 -0.14060867 -0.17126949 -0.07249793 -0.115704075 0.019400056 -0.06584844 0.12553541 -0.20163973 -0.047600195 0.040747672 0.08859345 0.15794756 -0.002662637 -0.16531143 -0.02082789 0.23648761 -0.25052708 0.106476314 -0.103346884 0.008124853 0.02033452 0.14018045 -0.091376826 0.18175155 -0.059338428 0.20996447 -0.07844208 -0.2662619 -0.103389494 -0.03491318 0.018691827 0.05711425 0.14305007 0.0427178 -0.0045421566 -0.024292786 0.0044248686 -0.06693876 -0.10573526 -0.08097991 -0.020153083 -0.0051844167 0.050246146 0.01091729 -0.123982064 -0.036847316 -0.11250292 -0.03478934 -0.20647022 0.33797082 0.13434999 0.12848824 0.090491965 -0.030208094 0.019950492 0.005172336 0.17098776 -0.09060568 -0.014983236 0.09485652 -0.16408922 -0.12539963 0.083803795 -0.05843161 0.1129141 0.21888979 0.085939735 0.13532981 0.16800155 -0.099696144 0.051842567 -0.15138763 0.12448166 -0.07649872 0.017656969 -0.12956107 0.108398326 0.33329237 0.41630313 0.049615078 0.32694277 0.13995847 -0.23073114 -0.18375398 0.10054198 0.13240919 0.24891195 -0.0009518299 0.006586638 -0.05458228
½¢´¬ÖªÊ¶ÍøÂç°æ -0.09193602 0.07933018 -0.026644899 0.0779364 0.04638497 -0.09289648 -0.017031102 0.11555878 -0.06588544 0.086399466 0.0128324265 -0.03721608 -0.062453706 0.01800035 0.13069168 -0.10592147 -0.041211 0.07645555 -0.035458162 -0.042260233 0.0083006965 -0.09270973 -0.019625852 0.022180922 -0.076899774 0.011072782 -0.0068192133 0.038530927 -0.12353107 -0.031143742 0.0298493 0.04306532 0.06921743 -0.017733062 -0.024195876 -0.00022016575 -0.028163949 0.011925836 -0.121368974 -0.11451777 -0.10118326 0.0003134882 0.055590544 0.037509147 0.040747844 -0.0018327191 0.076001324 -0.013873447 -0.013003626 0.018557305 -0.0040925923 -0.04465504 0.017937204 -0.07122448 -0.014109463 -0.06896675 0.07763883 -0.090850115 -0.06088482 0.00043604418 0.06141915 0.078633994 -0.053299367 -0.05746391 -0.073127665 0.061785746 -0.09259828 0.163514 -0.08858553 0.012429663 0.024421772 -0.03420654 0.120816685 -0.04916855 0.010815435 0.044722263 0.054300997 -0.1528888 -0.118336394 -0.011361991 -0.030375944 -0.1422522 0.065498434 -0.0027624946 -0.0074462458 -0.018232144 -0.031360064 0.11782499 0.026327303 -0.092751995 0.0478848 0.025779352 0.09088393 0.030072534 0.14674161 0.2396402 0.0041699 0.016168484 -0.116431944 0.13463353 -0.086891085 0.040985063 0.0063804127 0.039540343 -0.07714157 -0.03212041 -0.09949683 0.08747479 -0.032761544 -0.11465203 -0.07495476 -0.09661194 -0.025433112 -0.047800653 0.00641166 -0.038799383 0.06186968 -0.09091176 -0.028278783 0.022420738 0.018910864 0.078462094 -0.0068784975 -0.09115684 -0.0051652472 0.10835372 -0.11760896 0.04838575 -0.050167646 -0.0039722635 0.0045587122 0.07477163 -0.04070606 0.076377325 -0.034034215 0.105277 -0.040385753 -0.13986756 -0.057659905 -0.0136538325 0.017084867 0.020919215 0.06277106 0.015507762 0.007363723 -0.009891056 0.011567407 -0.047187958 -0.045983847 -0.026448058 -0.018392121 0.0044703237 0.022901222 0.0050623068 -0.053616326 -0.02374553 -0.04382786 -0.031549826 -0.10744346 0.15850656 0.06063861 0.065010674 0.029594088 0.0036989406 -0.00031309656 0.0059220158 0.08546796 -0.041805804 0.003947617 0.055851553 -0.073507585 -0.059720643 0.026940936 -0.022222072 0.06850092 0.10564007 0.036475845 0.067131385 0.08528937 -0.057243645 0.026149536 -0.070059545 0.0544774 -0.034741215 0.0010022973 -0.06788542 0.05657271 0.15853885 0.1886503 0.027661135 0.15965454 0.058009345 -0.11373595 -0.08097266 0.036282387 0.055245083 0.122044355 0.0034405943 0.002401034 -0.017080298
Traffic_Info¾«»ªÇøÎÄÕÂÔÄ¶Á -0.03260125 0.024166219 -0.003985399 0.015735999 0.0126328375 -0.027366586 8.447077e-05 0.03521443 -0.022564424 0.020644253 0.0026043798 -0.008282995 -0.015630148 0.0078652445 0.033792295 -0.033972353 -0.017656272 0.017493334 -0.004592723 -0.020979699 -0.0020497204 -0.02595691 -0.013987778 0.0075076814 -0.020562926 0.0066498616 -0.0062243105 0.004276414 -0.039798114 -0.006940104 0.013684914 0.015029456 0.022707043 -0.004622604 -0.011162526 -0.0003845624 -0.011365293 0.004734021 -0.03352168 -0.038010545 -0.033584233 0.0039753574 0.014222034 0.01179682 0.017253172 0.0022444376 0.018787097 0.0029111044 -0.0070073563 0.009414263 0.0021213167 -0.015283519 0.0019695193 -0.018892556 -0.01037584 -0.026482994 0.018085063 -0.020538699 -0.020831203 0.0039988086 0.020346064 0.018904122 -0.014195715 -0.023712978 -0.029141942 0.017667806 -0.026050145 0.052472565 -0.019744098 0.0050746496 -0.0025265622 -0.009301788 0.03131886 -0.010682716 -0.0031557486 0.01915366 0.017827606 -0.03704906 -0.03235672 -0.0077649695 -0.012013024 -0.03932466 0.01645209 -0.0013694823 -0.0016172059 -0.007101916 -0.0013736046 0.038759116 0.009111166 -0.02488039 0.0063787377 0.008818767 0.024158398 0.013360893 0.03777443 0.07366264 0.0052662506 0.0022329171 -0.028344689 0.036060773 -0.035041627 0.006152341 0.0063345106 0.0145834265 -0.02176234 -0.0040126513 -0.021106867 0.029292617 -0.008104327 -0.028648268 -0.020393675 -0.02441891 -0.014677414 -0.014960679 0.001611145 -0.011587273 0.017941687 -0.022799363 -0.007650907 0.0050990134 0.0041113584 0.017852295 0.00020494605 -0.021038575 0.002917829 0.029078761 -0.03851128 0.01778767 -0.018052792 -0.0024956665 0.004975562 0.020253306 -0.011081077 0.025664369 -0.0073949993 0.033538204 -0.01739911 -0.034819737 -0.015382806 0.0023742784 0.0006487523 0.009437286 0.023371693 0.0076378724 -0.0026375593 -0.0008574326 0.0035258648 -0.00838011 -0.015570097 -0.0048148534 -0.00083330524 -0.0025793551 0.011360235 0.0072109597 -0.022602122 5.592267e-05 -0.017834187 -0.000186777 -0.02678523 0.044134688 0.019908665 0.0140881855 0.00971204 -0.005211266 0.0020930467 -0.0007667342 0.023438076 -0.008428386 -0.0020506056 0.0084549505 -0.015796391 -0.012246495 0.016096344 -0.012393246 0.016586052 0.03657251 0.01611778 0.024100155 0.021388955 -0.014414735 0.0030453044 -0.025185436 0.017872667 -0.016238462 -0.0045738257 -0.020317988 0.018582145 0.050740242 0.06190237 0.0068491534 0.04923366 0.021657346 -0.027136315 -0.022567347 0.012312579 0.02335422 0.039887253 0.003607021 -0.0005247466 -0.0077431537
£° -0.44756025 0.3665109 -0.07147026 0.3452966 0.18313833 -0.38525805 -0.06366286 0.50254893 -0.30290347 0.35094056 0.101839244 -0.16046178 -0.2469453 0.1316694 0.56271774 -0.44440857 -0.22575137 0.33655924 -0.15408203 -0.24053158 -0.0042680856 -0.37990022 -0.13126814 0.1457717 -0.3453338 0.053104784 -0.0675613 0.14867 -0.54509705 -0.1654489 0.13941173 0.23866335 0.30104768 -0.055914223 -0.13503158 -0.023387002 -0.16812827 0.097599424 -0.52765787 -0.5487739 -0.4441847 0.0012636504 0.21673174 0.21394731 0.21573322 0.02666902 0.3552129 -0.015211207 -0.05737939 0.07962369 -0.047510844 -0.19326113 0.05562051 -0.30097327 -0.079714686 -0.3390538 0.34623802 -0.35278913 -0.32867792 -0.0030809906 0.29718316 0.35757133 -0.22391118 -0.2949287 -0.34143996 0.3048103 -0.47476593 0.7702978 -0.38386115 0.045561 0.064414494 -0.12957817 0.5024861 -0.18160398 0.017279891 0.25867108 0.21816622 -0.6499372 -0.5218772 -0.037348676 -0.17751232 -0.6586208 0.32886687 -0.05282628 -0.069914475 -0.12938732 -0.10215135 0.5861214 0.13247131 -0.39730123 0.1810661 0.13182077 0.3975157 0.16955914 0.6064325 1.0563407 0.010808442 0.07538659 -0.49233088 0.65452135 -0.43580747 0.15781571 0.020390878 0.16083871 -0.3998955 -0.11236612 -0.43352455 0.38429606 -0.1308109 -0.4679915 -0.2884702 -0.38431308 -0.15317945 -0.2237282 0.024550766 -0.12162302 0.25936443 -0.4154049 -0.1194904 0.1069397 0.1276821 0.30292195 -0.016215323 -0.36654764 -0.06836706 0.5307506 -0.5903917 0.25439227 -0.24161254 0.007582626 0.052186143 0.28264374 -0.16083844 0.3995723 -0.104643136 0.4431228 -0.20039766 -0.5982517 -0.20872378 -0.02160988 0.051095907 0.1473031 0.3044712 0.08383991 -0.0053182826 -0.025083123 0.023694368 -0.16936573 -0.24780935 -0.15643272 -0.05065306 -0.020812098 0.097506806 0.034806237 -0.27605388 -0.067419 -0.22092223 -0.09442605 -0.43945676 0.7444328 0.26897433 0.2698606 0.18348274 -0.036264054 0.02740626 0.03768897 0.3413166 -0.2055331 -0.002654152 0.23065163 -0.3477364 -0.25978172 0.17368422 -0.11942147 0.2599705 0.48442307 0.18002272 0.2896874 0.40884748 -0.22512694 0.094041064 -0.34375373 0.28436428 -0.16080908 0.0051181293 -0.27808192 0.26271605 0.7303986 0.88570315 0.09361599 0.6855186 0.2624903 -0.5338094 -0.37450096 0.2007103 0.29043558 0.52780867 0.046433765 -0.008993543 -0.07992444
ÄÜ -0.31775293 0.25378898 -0.04776673 0.23831819 0.12457624 -0.26435885 -0.042402864 0.34521672 -0.21154845 0.24879242 0.068858676 -0.118026264 -0.17017193 0.092437714 0.40587115 -0.31428164 -0.16212898 0.23760988 -0.09636563 -0.16582848 0.00013591994 -0.26916558 -0.09865798 0.100965284 -0.23799379 0.036487125 -0.04598795 0.108866505 -0.38132146 -0.11850582 0.08859636 0.15753803 0.21326305 -0.04175972 -0.09158755 -0.0067187385 -0.11389909 0.07318184 -0.36615157 -0.38718617 -0.3079668 0.0057828347 0.14737122 0.14565535 0.15474916 0.022316394 0.24098846 -0.011005657 -0.03593641 0.052488834 -0.033036664 -0.13596272 0.030939272 -0.20346501 -0.05166781 -0.23469937 0.24298662 -0.24863707 -0.22400966 -0.0074466895 0.20691475 0.24718185 -0.15655571 -0.20892993 -0.23925512 0.21028157 -0.32920155 0.52705413 -0.26405916 0.03637876 0.040683642 -0.08314713 0.35458001 -0.12856594 0.012635963 0.17394483 0.14838119 -0.45161074 -0.36236736 -0.027979191 -0.11898788 -0.4607101 0.24050571 -0.034156702 -0.047048505 -0.0902735 -0.07943877 0.40633368 0.08673147 -0.27333108 0.11619704 0.09215866 0.2720159 0.112267226 0.41889435 0.72415423 0.009036089 0.060118686 -0.3449946 0.45444804 -0.299941 0.10504858 0.019272733 0.10653559 -0.27768314 -0.08075234 -0.3107407 0.26547998 -0.09018604 -0.32677835 -0.19492021 -0.27023104 -0.10368926 -0.14526308 0.014589172 -0.084219396 0.17960909 -0.29162955 -0.0813953 0.08085888 0.08923164 0.20874932 -0.017338939 -0.24993166 -0.049504314 0.38023078 -0.41189185 0.1849979 -0.16626424 0.009189014 0.04363608 0.19111636 -0.11337727 0.28385812 -0.07853937 0.3075518 -0.13700108 -0.41480255 -0.14066163 -0.013109498 0.028447729 0.110780254 0.20246708 0.052425765 -0.0009964406 -0.01337597 0.01684622 -0.11965824 -0.16342288 -0.11279126 -0.03819523 -0.01190201 0.06729102 0.019611448 -0.19476405 -0.05276437 -0.16408768 -0.063613966 -0.31258935 0.5193781 0.18102856 0.18657449 0.129656 -0.020947667 0.026579892 0.03514805 0.23449257 -0.14401256 0.004629141 0.15727966 -0.24253693 -0.17472567 0.11768042 -0.085075565 0.17652702 0.33272335 0.123010196 0.19999239 0.28455153 -0.15632142 0.06022815 -0.24623066 0.18768741 -0.10901152 0.004357129 -0.20157418 0.18862055 0.51119703 0.6154777 0.0576093 0.47580498 0.18259513 -0.371115 -0.2652805 0.1472012 0.20067318 0.36843297 0.03207275 -0.0009643889 -0.053119443
©¦©¦©¦©¦©¦©¦©¦©¦©¦©¦©¦©¦©¦©¦©¦©¦©¦©¦©¦©¦©¦©¦©¦©¦©¦©¦©¦©¦©¦©¦©¦©¦©¦©¦©¦ 0.0007949221 -0.0029765707 -0.0030292158 0.004240885 -0.00017419398 0.00353096 -0.004441338 -0.0009627116 -0.003382938 -0.0036181991 -0.0031838357 -0.0018317103 0.0049270596 0.00035631657 -0.00064492883 -0.00010597885 0.0011001402 0.0016447789 0.00028316438 -0.003449244 -0.003189181 0.0012323403 0.0011555493 0.0016383863 0.0034379393 0.0010946519 -0.0015063423 -0.0015754331 0.0011186325 0.0044862833 -0.0015248507 -0.0040122285 0.0030984562 0.0025689232 -0.0028440387 -0.0008872163 0.0041400488 0.003862729 0.00026729167 -0.0035593975 0.0031511195 0.0041758544 0.0027632588 -0.004091478 0.004909871 -0.00078436616 0.0047645606 -0.003875758 -0.0019571923 0.0042253607 0.004021583 -0.0019293166 0.0049040196 0.00062785146 -0.002549721 0.004431578 -0.001945197 0.00028610884 -0.00016649425 -0.004829717 0.003965448 0.0028886206 0.0020586627 -0.0046959803 0.004639191 -0.0017372704 0.0041257213 -0.0027897507 0.0024199146 -0.0024148638 0.00093567075 -0.002348969 0.003563183 0.0027750956 0.003897853 -0.00066216587 0.0035793018 -0.0018820954 0.0028231698 -0.002146651 0.0027965368 0.0020522696 -0.0027236335 0.0024317456 0.004066373 0.00010463476 -0.0046695746 0.0023463976 -0.0013228154 0.0036511035 0.004996542 -0.00018019795 0.0022850293 -0.002774608 -0.0034423857 0.003890543 0.0027953505 0.0038007295 -0.0029571694 -0.0002074623 -0.0007274753 -0.0026982075 0.0033921592 -0.0029138082 0.0040812856 -0.0017600381 0.00028203012 0.0004728222 -0.0023871327 0.0049386085 0.0020143355 0.0037679959 -0.0012034893 -0.0023589127 -0.0012472362 -0.0038470484 -0.004331407 -0.00064962386 0.0019649654 0.0010300636 0.0041791773 0.0037467235 0.002435047 -0.0030555427 0.0020576555 -0.0034785282 -0.0018157345 0.00032731355 -0.0040524886 -0.0024912828 -0.00080490054 0.0028218883 0.0040120077 0.0033385188 0.0042109955 0.004510216 0.002243359 0.00084476173 -0.0043325596 0.00043653726 -0.00082730054 -0.003054452 -0.00181485 -0.0028053694 -0.004057428 0.0023138863 0.0043765213 -0.0020881766 -0.0025038505 0.00088872435 0.00068433466 -0.0030619681 -0.0036607778 -0.0010812313 -0.0023751063 0.004940555 0.002168942 -0.00033864737 -0.00020905613 -0.0024469304 -0.003971495 0.004665013 -0.0049129073 0.003931147 -0.0024247968 0.0024712372 -0.003993477 0.0031077827 -0.002629961 -0.004126671 -0.00021655738 -0.0032627243 -0.0006627923 -0.0049095745 0.0002053976 -0.0034888345 0.0043361946 0.0032464557 4.1653515e-05 0.0007414305 -0.003886522 -0.0006553614 -0.0019738032 -0.0014266265 0.004059959 -0.00388579 0.0028604574 -0.0004871756 -0.004153049 -0.0023406774 0.0036918723 0.0033240968 0.002289866 0.0024670535 0.0029741544 0.002647685 -0.0022759663 0.0044800746 -0.0038341915 0.004706378
Äê -0.23413326 0.1886182 -0.038038146 0.17465071 0.093041785 -0.19628294 -0.02691926 0.25377908 -0.15541227 0.1850962 0.055337686 -0.08551197 -0.12734501 0.07047695 0.29771543 -0.22474769 -0.121095754 0.17168684 -0.07830724 -0.1253175 -0.002530549 -0.19966008 -0.07528975 0.07145484 -0.18250066 0.030946588 -0.030170621 0.07395127 -0.2823386 -0.08500181 0.06844528 0.122930415 0.14973128 -0.029013373 -0.06782724 -0.010245349 -0.08197047 0.055305064 -0.271454 -0.28412113 -0.2292304 -0.00038189412 0.11309054 0.108766295 0.11582226 0.01694336 0.17849751 -0.0072367154 -0.029648302 0.04511001 -0.03076377 -0.09515778 0.024899032 -0.1476946 -0.043989234 -0.17789267 0.17700276 -0.17762282 -0.166881 -0.0031371647 0.15704827 0.18517889 -0.11138802 -0.14876743 -0.17718317 0.15213719 -0.24876243 0.39043483 -0.19513908 0.031500213 0.030332418 -0.063448 0.26045167 -0.09086987 0.0069217575 0.1319215 0.11362531 -0.33814183 -0.26284155 -0.024651263 -0.0933545 -0.34384435 0.17609915 -0.027113453 -0.035470203 -0.0662857 -0.0499319 0.30602914 0.06279061 -0.20344166 0.085590556 0.06967583 0.20700756 0.086779065 0.3146125 0.5361016 0.0069516716 0.038926147 -0.2548489 0.3388091 -0.22483043 0.083460376 0.0083465 0.08010425 -0.20639771 -0.05954739 -0.23065662 0.1923138 -0.06468904 -0.24586232 -0.13885885 -0.1974566 -0.08000593 -0.11150869 0.0143321045 -0.06738324 0.13661373 -0.21501282 -0.06368247 0.05354505 0.06594723 0.15606996 -0.011838485 -0.18240544 -0.042386316 0.2729989 -0.30321842 0.13882339 -0.12634541 0.0074255886 0.03159632 0.14618358 -0.08738324 0.20277907 -0.06156624 0.22904374 -0.095697016 -0.3021988 -0.104132 -0.013488178 0.018681174 0.08642054 0.15818955 0.035396222 -0.0009716793 -0.010255745 0.013147903 -0.08603749 -0.12538528 -0.07905744 -0.029586496 -0.011744082 0.04593724 0.015262855 -0.14654222 -0.033897072 -0.113255925 -0.04976104 -0.2250578 0.38115662 0.1364154 0.14140847 0.09625437 -0.017974658 0.019140499 0.023088649 0.17143658 -0.10345985 -0.00035076714 0.11764379 -0.17465189 -0.13184115 0.08847423 -0.057906684 0.13519171 0.2458399 0.09451031 0.14691359 0.20880032 -0.11716701 0.050496917 -0.1792142 0.14787671 -0.08673161 0.0033381863 -0.15301754 0.13264696 0.37736693 0.452244 0.04102719 0.34966707 0.13599865 -0.26845846 -0.19380358 0.106445216 0.15152252 0.2732705 0.022402884 -0.0017262537 -0.033364985
£» -0.21072477 0.1734867 -0.037910555 0.16106406 0.08552686 -0.17765018 -0.02509751 0.23728798 -0.1463398 0.16692987 0.044324953 -0.07585034 -0.122521944 0.060787663 0.27980804 -0.21477546 -0.11041481 0.16231285 -0.06987185 -0.11486161 0.0016487325 -0.17845082 -0.07038515 0.06611501 -0.16329111 0.030920375 -0.03626103 0.0714835 -0.26014835 -0.08362038 0.064991266 0.1093474 0.13908206 -0.032955777 -0.06350313 -0.0031371217 -0.07867785 0.053826004 -0.2532789 -0.25966814 -0.20889412 0.0059905276 0.10228902 0.100451894 0.10066576 0.013419689 0.16944622 -0.0010872377 -0.027351907 0.037855975 -0.021034164 -0.08990641 0.022687515 -0.13644542 -0.0381987 -0.15919493 0.17134753 -0.16764855 -0.15358056 -0.004238406 0.13985768 0.17002143 -0.11023569 -0.13826486 -0.16146128 0.14295226 -0.2311877 0.36724958 -0.17654851 0.01930202 0.027621396 -0.057119373 0.23980172 -0.085969634 0.0033884076 0.1233504 0.10120365 -0.31197712 -0.25141516 -0.016911034 -0.089715846 -0.315441 0.16463806 -0.020180343 -0.029557733 -0.058426082 -0.04783935 0.2801441 0.06531829 -0.18880445 0.081480645 0.06460136 0.18768385 0.08405088 0.29284534 0.5009589 0.011528479 0.043453127 -0.23944251 0.31548068 -0.2065984 0.07671983 0.01448936 0.07674853 -0.18672974 -0.052865315 -0.21137315 0.18441464 -0.06468212 -0.22448738 -0.13081822 -0.19228043 -0.07529773 -0.09767789 0.01360592 -0.05913613 0.12523453 -0.20197682 -0.061006676 0.053461693 0.059283078 0.14162058 -0.006635058 -0.16752464 -0.03233042 0.25381288 -0.28096974 0.12539749 -0.11641377 0.005990172 0.026806707 0.13098507 -0.07524221 0.1893108 -0.05411437 0.21501313 -0.087103784 -0.27973887 -0.0933123 -0.0053556995 0.025097525 0.0813534 0.14546676 0.032585416 -0.005505251 -0.006265974 0.008711854 -0.079002775 -0.10965668 -0.07546206 -0.029374888 -0.016948113 0.048107438 0.010154414 -0.126656 -0.030467063 -0.11109273 -0.05136626 -0.2170909 0.3630818 0.12992364 0.12379906 0.08795421 -0.01914377 0.014015451 0.02186532 0.16299193 -0.10112687 -0.0025009855 0.105676 -0.15951072 -0.123516425 0.088106655 -0.059620168 0.12827471 0.22875601 0.08774112 0.13614951 0.1949026 -0.11048447 0.041921955 -0.164898 0.13660519 -0.08321512 0.005367422 -0.1365365 0.132389 0.34558502 0.42381498 0.044415623 0.330363 0.12743372 -0.25410426 -0.17450629 0.09366031 0.1333554 0.25051853 0.018033544 -0.0020605011 -0.03187765
µ¯ -0.3609203 0.2943898 -0.063311785 0.27169368 0.14296243 -0.31074452 -0.05341515 0.3926542 -0.24542941 0.2875204 0.08271755 -0.13265067 -0.20116752 0.10166378 0.45685634 -0.36494374 -0.18430392 0.2669489 -0.12171848 -0.19292416 0.00035593534 -0.30740604 -0.10633106 0.12197549 -0.27449724 0.040406678 -0.056310765 0.11683983 -0.44349867 -0.1386819 0.10916476 0.1823095 0.23919493 -0.049676683 -0.09842517 -0.014782616 -0.12979202 0.07819419 -0.4174354 -0.44618842 -0.35161734 0.0051595178 0.1708778 0.17282464 0.1712828 0.024298035 0.280059 -0.008239631 -0.045211073 0.0665871 -0.039605137 -0.14890315 0.043718085 -0.23397645 -0.06888282 -0.27003738 0.28698453 -0.27993318 -0.2584294 0.0010849951 0.23980774 0.28704417 -0.17798992 -0.23888426 -0.27488685 0.24424642 -0.3820242 0.606587 -0.30797037 0.030660167 0.045858975 -0.09978251 0.40326333 -0.1472108 0.016458455 0.20483138 0.16779894 -0.51942736 -0.42374846 -0.028675828 -0.15020372 -0.5250899 0.26884308 -0.042844094 -0.057517722 -0.102838054 -0.09126057 0.47108257 0.10341673 -0.3124627 0.14131323 0.10818182 0.31310076 0.1313723 0.48664555 0.84192055 0.009270867 0.06950719 -0.3949006 0.5202967 -0.34773457 0.13133514 0.019042874 0.1288882 -0.31271383 -0.090734735 -0.34909362 0.30948904 -0.11257779 -0.37137744 -0.22787333 -0.31868732 -0.12734786 -0.17212203 0.01857408 -0.094945066 0.21241023 -0.33263808 -0.10022731 0.08740295 0.10046515 0.24969761 -0.010478691 -0.29340288 -0.058378648 0.43399546 -0.47194794 0.20480447 -0.19040434 -0.0006102862 0.05008069 0.22396791 -0.13120209 0.32766208 -0.086386144 0.35153607 -0.15609516 -0.48158976 -0.16412833 -0.01585431 0.03498985 0.1255622 0.23844115 0.0643131 -0.008114635 -0.012431388 0.01783603 -0.14115305 -0.19330272 -0.12040596 -0.032860648 -0.015612495 0.080901824 0.022576738 -0.22236577 -0.052844785 -0.17919359 -0.08029501 -0.35338303 0.60600483 0.21839377 0.21000628 0.1435455 -0.027935944 0.027088251 0.034041416 0.274996 -0.16736642 0.00044325215 0.17974894 -0.28062084 -0.21177006 0.1389582 -0.09443104 0.20778792 0.3904323 0.14615002 0.23542877 0.32787004 -0.1755888 0.07488189 -0.28165302 0.222246 -0.13117671 0.0062647164 -0.2270141 0.21757127 0.5826214 0.7087768 0.07406877 0.55983865 0.21080956 -0.42164442 -0.30827653 0.16892126 0.2311289 0.42817175 0.039448414 -0.008332268 -0.057563163
0 -0.16168368 0.12582764 -0.028934615 0.1116309 0.062389065 -0.13156784 -0.013488355 0.16652632 -0.10940531 0.114058875 0.03478837 -0.053650293 -0.09168161 0.039460514 0.20036048 -0.14882033 -0.082658865 0.11781052 -0.055266324 -0.082868636 -0.0048582964 -0.13556056 -0.042701878 0.048282012 -0.12294769 0.02162002 -0.020044712 0.053967196 -0.19808836 -0.06507877 0.042388797 0.082339995 0.10870432 -0.022396982 -0.045645025 -0.0039717513 -0.053602006 0.040523432 -0.18560562 -0.19691724 -0.15427153 0.008487138 0.06749736 0.06774413 0.0805337 0.014963344 0.11377077 -0.005928552 -0.023738556 0.026376775 -0.0076723285 -0.06567628 0.025349867 -0.108774275 -0.03248915 -0.11548539 0.12402904 -0.120522 -0.114004426 0.005659184 0.102872536 0.12607214 -0.07447398 -0.09585873 -0.12059963 0.110464156 -0.17171404 0.26569113 -0.13326046 0.015712658 0.024692323 -0.04352731 0.17844911 -0.06178581 0.004630328 0.09356034 0.07269427 -0.2298331 -0.18835963 -0.012811825 -0.06334362 -0.23129927 0.111121714 -0.020475695 -0.032872126 -0.045347147 -0.03912868 0.19599746 0.0360841 -0.13615415 0.06848761 0.041305654 0.14327538 0.055024017 0.21598686 0.36161458 0.010755641 0.02793857 -0.16900694 0.23185769 -0.15164767 0.05075252 0.012169603 0.056766752 -0.13446747 -0.04876747 -0.14223993 0.13339715 -0.048919134 -0.16820641 -0.09485688 -0.13372608 -0.05849939 -0.07148186 0.007974354 -0.048495892 0.08269494 -0.14971697 -0.049083274 0.035764176 0.045795724 0.1031021 -0.0080249 -0.12394794 -0.015563555 0.19029972 -0.206155 0.08239752 -0.080453135 0.005616343 0.014454895 0.09986663 -0.058552574 0.1437482 -0.029901208 0.15341932 -0.06042964 -0.20088294 -0.071024306 -0.015913721 0.022264319 0.052888267 0.099466324 0.03394949 -0.006024607 -0.017458148 -0.0003338049 -0.058243014 -0.09013907 -0.058927443 -0.012794214 -0.015132856 0.033012364 0.004355262 -0.09739865 -0.017410325 -0.076741844 -0.034858692 -0.14896733 0.25321022 0.1003601 0.096824706 0.055107366 -0.015376026 0.004642172 0.014603488 0.12072095 -0.06357025 -0.007557212 0.08032295 -0.12422797 -0.095626585 0.06331724 -0.046666022 0.089381814 0.16639319 0.06960253 0.09629413 0.13418917 -0.06703287 0.034990918 -0.11409868 0.0964613 -0.055270754 0.007079431 -0.099435575 0.09025656 0.2489639 0.31096405 0.026298216 0.24232098 0.091373265 -0.18802458 -0.13593695 0.07465807 0.09358268 0.18646953 0.02008279 0.0019818186 -0.033573482
ÍÅ -0.2844563 0.22184801 -0.0418886 0.20754041 0.10751712 -0.23260558 -0.041669097 0.3072579 -0.19303216 0.23103541 0.06623732 -0.09993229 -0.15273367 0.07576108 0.3582043 -0.28330842 -0.1446525 0.21476354 -0.09136151 -0.14998344 -0.0073153055 -0.23235224 -0.083838426 0.09448918 -0.21735856 0.03507773 -0.040592156 0.09630632 -0.34230274 -0.1031978 0.08518927 0.14118478 0.18819274 -0.0453906 -0.08232525 -0.015585984 -0.104062475 0.06411761 -0.32377273 -0.3485391 -0.2723906 0.0003647869 0.1378416 0.13206923 0.13831654 0.020491252 0.22322842 -0.005067373 -0.034824286 0.046613704 -0.035276353 -0.116122425 0.037386753 -0.18336254 -0.045167666 -0.21198115 0.21217763 -0.22177087 -0.19638221 -0.007436952 0.17904292 0.21987553 -0.13535193 -0.18082312 -0.20725857 0.18228932 -0.2940065 0.47131512 -0.24000931 0.03138043 0.031419106 -0.082811415 0.31417042 -0.11132881 0.011052766 0.15687771 0.13498734 -0.405677 -0.3224755 -0.020306515 -0.1137207 -0.41550702 0.20834786 -0.026460394 -0.04622021 -0.08064639 -0.072938554 0.36887774 0.07842866 -0.24379769 0.109501205 0.08006412 0.243881 0.09576504 0.3709657 0.654738 0.0076556737 0.052564293 -0.30084723 0.40326712 -0.26904044 0.09762467 0.017035363 0.09975922 -0.23957774 -0.0651096 -0.2759031 0.23797385 -0.08255173 -0.29175413 -0.16993235 -0.24753462 -0.099813566 -0.13719046 0.011041723 -0.07917962 0.15487121 -0.25783262 -0.08004319 0.06935445 0.08299114 0.18438984 -0.012590551 -0.2192404 -0.03982011 0.3416411 -0.36383638 0.1649614 -0.14698286 0.0030641346 0.03296296 0.17049459 -0.10225386 0.2485969 -0.06788671 0.27212936 -0.11953276 -0.37456068 -0.124710314 -0.015377487 0.029527519 0.0999063 0.18494456 0.04881589 -0.0077804443 -0.009840293 0.010482488 -0.10801307 -0.14255607 -0.09804664 -0.031832904 -0.019404478 0.059030797 0.0132138785 -0.16953956 -0.048064303 -0.14522804 -0.065524384 -0.274404 0.46849006 0.16570722 0.16662244 0.106517866 -0.017718332 0.025502428 0.028766152 0.2130915 -0.12427566 0.0052214763 0.1426865 -0.21225484 -0.15513119 0.10715712 -0.06929219 0.16009909 0.2956383 0.10791347 0.17460655 0.26159105 -0.14356372 0.060147695 -0.2209019 0.1714187 -0.10753419 0.012490051 -0.17953919 0.17054923 0.4541627 0.5505526 0.053320978 0.43393272 0.16429588 -0.33496714 -0.24031353 0.13066088 0.18071572 0.33003366 0.029245768 0.0005403809 -0.048583336
³É -0.23400636 0.18669963 -0.042983316 0.17149006 0.08618057 -0.19654286 -0.03475533 0.24743532 -0.16327654 0.18599312 0.05373847 -0.0839829 -0.121623375 0.06777666 0.29776558 -0.22953884 -0.11707943 0.1741978 -0.07144074 -0.12124146 -0.0041630547 -0.1953438 -0.068009354 0.0770169 -0.18062317 0.030048875 -0.03327187 0.08248875 -0.27328724 -0.08987558 0.06801831 0.12081977 0.1571187 -0.033530265 -0.0683877 -0.011735553 -0.08998901 0.05203837 -0.26625115 -0.276943 -0.23043367 0.005046415 0.11264425 0.10669337 0.108341046 0.011571423 0.17803639 -0.0075803916 -0.025737155 0.042963557 -0.025067328 -0.10009581 0.024696466 -0.1485434 -0.03968787 -0.16835931 0.17569813 -0.17530683 -0.16325755 0.0011151531 0.15620056 0.1801469 -0.11154287 -0.15425251 -0.17706773 0.1504458 -0.24572906 0.38506478 -0.19583182 0.025625994 0.03320472 -0.06003032 0.26124802 -0.09268158 0.011920056 0.124966435 0.11090315 -0.32987785 -0.26731485 -0.015719812 -0.09345312 -0.3432872 0.1740936 -0.030132564 -0.03743556 -0.069349945 -0.057545245 0.30203995 0.071285315 -0.19784138 0.08164509 0.06563398 0.20753875 0.087365575 0.309456 0.5302857 0.0066533783 0.038981248 -0.25455967 0.33038616 -0.22077578 0.07771778 0.014264291 0.0802782 -0.20083146 -0.054039508 -0.22656271 0.1952258 -0.06336949 -0.24503972 -0.14334531 -0.20526642 -0.07230081 -0.11127451 0.010054169 -0.063375965 0.13358365 -0.20992818 -0.06402162 0.05478274 0.06563427 0.15422712 -0.013725938 -0.17692478 -0.036740422 0.27436256 -0.30394185 0.13791245 -0.119713455 0.0013939015 0.03479608 0.13734956 -0.08540545 0.20960654 -0.05488917 0.22052051 -0.10280956 -0.30565268 -0.10395901 -0.009833491 0.023658205 0.08820429 0.15141256 0.039417725 -0.0038459252 -0.006635485 0.008203608 -0.08464885 -0.11841129 -0.07636555 -0.02222012 -0.012590316 0.051784292 0.010921115 -0.13820846 -0.04241835 -0.12008751 -0.051944043 -0.22936451 0.38040856 0.13929366 0.13955586 0.092280105 -0.014355035 0.013722764 0.031481095 0.16896683 -0.10791307 0.0049513974 0.11454223 -0.1767054 -0.12533769 0.09296078 -0.05953967 0.12977594 0.24832924 0.09208059 0.14135228 0.21067333 -0.11265642 0.047891278 -0.17371395 0.13702486 -0.08943986 0.007967245 -0.14952776 0.13918976 0.37207308 0.44776434 0.04861209 0.3506813 0.12849262 -0.2667496 -0.19635323 0.10951948 0.14722334 0.2648792 0.020403838 0.00066281523 -0.036423907
(°¢¶ûÇÕ~~HayekÖ®¼ÌÐø), -0.13070047 0.1358782 -0.00948018 0.09941564 0.083122976 -0.12752979 -0.017921047 0.16525668 -0.08777893 0.10148375 0.03737233 -0.0501431 -0.08633439 0.04053618 0.17608361 -0.14646892 -0.065474935 0.11452492 -0.058958184 -0.085602954 0.002801223 -0.11805384 -0.036086272 0.045232046 -0.11825263 0.021699203 -0.022239516 0.04746376 -0.18945025 -0.04268267 0.032967284 0.063834384 0.09188056 -0.023319898 -0.038422454 0.005176557 -0.061750885 0.0263247 -0.16596824 -0.17310762 -0.14604385 0.018285086 0.07676802 0.07913021 0.06551941 -0.002220359 0.1117324 -0.020979196 -0.016667668 0.03000678 0.0015079366 -0.07019894 0.017170291 -0.09676783 -0.024040813 -0.12108714 0.11057033 -0.11341819 -0.11262836 -0.0018531566 0.08869271 0.11473093 -0.06921446 -0.097988896 -0.100379944 0.089378156 -0.14489478 0.24500887 -0.13390853 0.008194223 0.010494468 -0.03864878 0.17083624 -0.0638092 0.008454923 0.0871914 0.074256405 -0.2247925 -0.17324905 -0.014404803 -0.057160586 -0.20248394 0.09460471 -0.0019318644 -0.022195885 -0.024661487 -0.03824465 0.20285559 0.038731236 -0.13666172 0.057074662 0.045034725 0.13535437 0.045797564 0.20297623 0.33738562 0.018211486 0.022149267 -0.15564828 0.22182107 -0.15448321 0.06671074 0.0006428233 0.047662843 -0.1363026 -0.05122005 -0.14260581 0.116185606 -0.03696031 -0.16342773 -0.101755746 -0.13430582 -0.058200445 -0.07617789 0.011271257 -0.0507938 0.076533325 -0.12571397 -0.039746646 0.032345723 0.033168864 0.11550894 -0.002642202 -0.10662914 -0.014260734 0.16802515 -0.19456583 0.07630343 -0.08575524 -0.008314772 0.032095376 0.10455407 -0.041941006 0.14018583 -0.031382825 0.15469469 -0.07166112 -0.19722636 -0.07959338 -0.0022041448 0.007393914 0.023616837 0.09829762 0.020904845 -0.015480033 -0.00023603199 0.0035372057 -0.05618965 -0.08967594 -0.05483916 0.0038258613 -0.0034439117 0.038223602 0.020647526 -0.1041273 -0.012406949 -0.053357266 -0.038485833 -0.14180036 0.25388548 0.09207177 0.084308095 0.05716289 -0.0041536335 0.0072763837 0.015006266 0.12406669 -0.06377913 0.0026002051 0.07526805 -0.12936021 -0.09500363 0.05443717 -0.03420274 0.09514769 0.17952305 0.057460822 0.10925874 0.12725374 -0.071660876 0.033940464 -0.11896758 0.09485856 -0.04277934 -0.009063442 -0.075134315 0.093213096 0.22417578 0.29456103 0.022077236 0.21412013 0.0923295 -0.17290713 -0.12757954 0.06368389 0.08118901 0.18105628 0.0064038495 0.009876201 -0.017158432
ÏÖ -0.35110116 0.27648073 -0.052840553 0.26307634 0.14316727 -0.2945009 -0.052535888 0.37797242 -0.23734726 0.28006372 0.08166984 -0.13044465 -0.19024189 0.10439952 0.43761778 -0.34858918 -0.17931488 0.25925696 -0.11112679 -0.18146023 -0.0012999774 -0.2969817 -0.105598554 0.11107293 -0.2642671 0.040119793 -0.053358465 0.1125476 -0.41906837 -0.1363064 0.09737657 0.18212931 0.23425432 -0.044250518 -0.1008945 -0.01424941 -0.13142398 0.08370754 -0.40947017 -0.42509028 -0.34680304 0.00793831 0.16778713 0.16050842 0.16623795 0.02140262 0.26993334 -0.010455006 -0.04223343 0.05902565 -0.035858683 -0.14851813 0.038612943 -0.22488561 -0.06160412 -0.26506767 0.27496943 -0.27322108 -0.24550028 -0.00046537438 0.22702496 0.27605894 -0.17359634 -0.22603324 -0.26557463 0.22607641 -0.36908123 0.5912181 -0.2906644 0.031595107 0.04717863 -0.10242777 0.39267743 -0.14052756 0.008571466 0.19302042 0.16337433 -0.49791253 -0.40228146 -0.029524673 -0.13676107 -0.50983375 0.25787494 -0.042057436 -0.055381827 -0.10099655 -0.08583313 0.45617175 0.09980822 -0.30723494 0.13101883 0.10121421 0.30929443 0.12713599 0.46810314 0.8039478 0.008051066 0.066982076 -0.3748598 0.5018587 -0.33631843 0.121083885 0.013687073 0.1262296 -0.30559418 -0.08644587 -0.3388637 0.29736504 -0.10623855 -0.36701736 -0.21589726 -0.306692 -0.113293774 -0.16810703 0.013386335 -0.094484754 0.19468145 -0.3217641 -0.09808158 0.083504245 0.10486547 0.23143226 -0.011506514 -0.27854928 -0.055840366 0.41230276 -0.45595407 0.20667402 -0.18740214 0.002218312 0.044303887 0.21352734 -0.12569125 0.3061269 -0.08213756 0.34356618 -0.15100889 -0.46478972 -0.15875626 -0.013288045 0.039307885 0.12155413 0.23128505 0.055441417 -0.003581969 -0.01915876 0.0223702 -0.13401411 -0.18415058 -0.119243965 -0.0369282 -0.021674914 0.0734544 0.020237265 -0.21289265 -0.05809979 -0.17791125 -0.07535109 -0.34985662 0.5775706 0.20458397 0.20094037 0.1360182 -0.02026511 0.021128146 0.039386284 0.26485407 -0.16304967 -0.0026411917 0.17872705 -0.26958585 -0.19886295 0.13216132 -0.08713355 0.19679384 0.37509817 0.14401282 0.2264868 0.32382002 -0.16913255 0.07053865 -0.27111855 0.21077906 -0.12858196 0.008817979 -0.22057831 0.20649502 0.5664941 0.6799762 0.065550976 0.5300486 0.20240408 -0.4100091 -0.28865397 0.16374312 0.22203782 0.4062386 0.035783835 -0.0036438955 -0.060691513
½ø -0.28952795 0.22471765 -0.047885343 0.21795902 0.11669626 -0.23909521 -0.035356 0.30756456 -0.18927208 0.2214535 0.06064739 -0.1032524 -0.16071595 0.07808924 0.36144423 -0.28247255 -0.14452529 0.2122926 -0.090168305 -0.15389785 -0.0010537326 -0.24298692 -0.091795675 0.09368374 -0.22293955 0.029604135 -0.037389245 0.095957465 -0.3486755 -0.104387276 0.08167896 0.14061038 0.1895735 -0.042267747 -0.07774051 -0.01277041 -0.105015345 0.063324176 -0.32728416 -0.34970546 -0.27936557 -0.00020897106 0.13565059 0.13525136 0.13996094 0.015314016 0.22267713 -0.001945317 -0.033501588 0.054303367 -0.03443911 -0.121427834 0.028097803 -0.18645144 -0.04847669 -0.21111447 0.22500767 -0.2269939 -0.19790535 -0.0030020887 0.18364023 0.22797379 -0.13837674 -0.18303317 -0.21593542 0.19205329 -0.3008556 0.4779813 -0.23320922 0.034306996 0.03878754 -0.07629705 0.32061285 -0.10954556 0.013774457 0.16025877 0.1330631 -0.4071791 -0.3286489 -0.029161803 -0.10853269 -0.41637862 0.20764543 -0.030947967 -0.03932093 -0.07869605 -0.068007566 0.37161148 0.0858347 -0.24440905 0.10276969 0.0814461 0.24894026 0.108611204 0.37898764 0.65926224 0.0076738633 0.05446292 -0.30957407 0.41333297 -0.27349138 0.09941472 0.017493788 0.10115813 -0.2507917 -0.07266847 -0.28154412 0.24198636 -0.08288293 -0.29059643 -0.17628916 -0.24463803 -0.09991127 -0.13564646 0.016802404 -0.07724523 0.16498023 -0.26421854 -0.07638729 0.06954722 0.07968519 0.18861437 -0.017021881 -0.2278385 -0.041433055 0.33413735 -0.3684393 0.16137426 -0.15171778 -0.0010396716 0.034513004 0.17413948 -0.101228245 0.25550687 -0.065057285 0.27827388 -0.11983296 -0.37508708 -0.120909795 -0.014797972 0.028996047 0.10410933 0.18322413 0.048998144 -0.0031190282 -0.010800208 0.017204858 -0.11264835 -0.14788404 -0.10295037 -0.026946427 -0.012886462 0.055219978 0.013289101 -0.1781917 -0.04161577 -0.1449463 -0.06253811 -0.2816967 0.46746528 0.16289993 0.1628172 0.116131015 -0.013180414 0.02519043 0.03163175 0.21446274 -0.124909855 -0.0015477303 0.13844135 -0.21777081 -0.15857433 0.10989541 -0.07284397 0.15886527 0.30235738 0.111409195 0.1763706 0.2574436 -0.13485594 0.060951557 -0.22439496 0.17951265 -0.10719356 0.0096810125 -0.1793598 0.16718794 0.4625107 0.5529197 0.05469351 0.43790865 0.16162041 -0.33481604 -0.24115703 0.1268968 0.18394843 0.33210927 0.024215925 0.0023041377 -0.04693156
×Ô -0.30648908 0.24876662 -0.050281703 0.2293587 0.12622346 -0.26279792 -0.03873221 0.34018186 -0.20917612 0.24360263 0.06381983 -0.11589946 -0.17547737 0.090034544 0.39182663 -0.29921126 -0.15697753 0.22794604 -0.10597275 -0.16078797 -0.0041038557 -0.26256713 -0.09556762 0.09439942 -0.23702176 0.03741116 -0.048760254 0.10548882 -0.37202275 -0.11181992 0.0930144 0.16337937 0.20145662 -0.04493733 -0.0925866 -0.011115512 -0.113046706 0.076045655 -0.3558437 -0.38088822 -0.3063862 0.0014878912 0.14970054 0.14250238 0.14650004 0.015391626 0.2451502 -0.009290566 -0.03747749 0.053684246 -0.033877384 -0.130693 0.040516328 -0.19927177 -0.04939018 -0.22940238 0.2448723 -0.23777695 -0.21313138 0.000820799 0.20523627 0.24823843 -0.15358603 -0.20455857 -0.23339936 0.20755576 -0.32763055 0.5188376 -0.26088187 0.038268153 0.045528136 -0.08418535 0.3479041 -0.12498301 0.0138836615 0.16852656 0.1474233 -0.44628096 -0.352279 -0.024079215 -0.12161969 -0.4491449 0.23176251 -0.04011995 -0.05063589 -0.091843784 -0.06947802 0.39953825 0.09285508 -0.26579446 0.11656437 0.08662452 0.2706763 0.11802932 0.40978068 0.71707636 0.00976021 0.057649463 -0.3375228 0.44812483 -0.29363963 0.10828926 0.010805848 0.11195961 -0.274485 -0.07850031 -0.3082825 0.26239842 -0.09394088 -0.32481113 -0.19479007 -0.26680416 -0.106357895 -0.14122383 0.015088175 -0.08901867 0.18110734 -0.28402212 -0.08340792 0.07242217 0.08820013 0.20749852 -0.014764802 -0.24491288 -0.04699055 0.36673692 -0.40745857 0.18172887 -0.15999722 0.0049035964 0.038168665 0.1852716 -0.11337182 0.2788865 -0.07782379 0.30497208 -0.13533181 -0.4072991 -0.13278459 -0.014651429 0.030493066 0.10993169 0.20788439 0.05023781 0.0005227877 -0.01231268 0.01184349 -0.12139023 -0.16355865 -0.11189985 -0.035150226 -0.013036736 0.06260036 0.01925438 -0.1935285 -0.046458792 -0.15321614 -0.06895918 -0.30805582 0.5136914 0.18199612 0.18426894 0.12048173 -0.02193406 0.024955023 0.038474802 0.22619425 -0.14044918 -0.0019711214 0.15964283 -0.23823811 -0.17101032 0.11521243 -0.0796939 0.17867701 0.32811865 0.121216446 0.19352873 0.28539237 -0.15094014 0.067127034 -0.23805471 0.18559021 -0.11358324 0.012295359 -0.19366145 0.18343136 0.49520358 0.60028976 0.060936917 0.46926254 0.17906785 -0.36246344 -0.2616093 0.13558203 0.1997847 0.3651905 0.02747036 0.00062006054 -0.05565466
¡¹ -0.25474244 0.20496587 -0.049061637 0.19642983 0.09964145 -0.2162661 -0.035679474 0.28791463 -0.17960495 0.20598869 0.053366844 -0.09113341 -0.13751943 0.072758295 0.33382785 -0.24711652 -0.13368437 0.18824637 -0.07556461 -0.13201007 -0.00046119676 -0.21650578 -0.080093764 0.08249835 -0.19477367 0.03171303 -0.04151056 0.08140079 -0.30750415 -0.101648435 0.065039486 0.13174386 0.16867098 -0.042133845 -0.067030765 -0.0045077805 -0.098228894 0.059964735 -0.29569376 -0.31647497 -0.25678462 0.00300236 0.12127716 0.12591285 0.11712004 0.013796246 0.1964527 -0.009546669 -0.029786214 0.050497398 -0.02928325 -0.117654495 0.034575686 -0.16511936 -0.04529859 -0.18954022 0.20301 -0.20025228 -0.17970753 -0.0026725635 0.17405033 0.20645702 -0.12594263 -0.16463885 -0.19355027 0.17260139 -0.2701569 0.42834938 -0.21850158 0.037378255 0.03640615 -0.0682329 0.2818198 -0.108673096 0.013097138 0.14424068 0.12623416 -0.37199193 -0.2952 -0.023717292 -0.0963283 -0.38256463 0.19564429 -0.030307153 -0.04304253 -0.08603826 -0.059701853 0.34091565 0.07913627 -0.21973278 0.09155694 0.066179976 0.22808285 0.091004476 0.34658843 0.5888179 0.009911383 0.047227126 -0.2823449 0.3727278 -0.24572216 0.09388528 0.009947684 0.09141644 -0.22397488 -0.06568474 -0.25672886 0.21974844 -0.07972913 -0.2700891 -0.15538362 -0.22455284 -0.08328001 -0.120886154 0.014859528 -0.067769036 0.15495588 -0.23066077 -0.07565068 0.061200496 0.07599989 0.16853935 -0.02162237 -0.19296414 -0.04978895 0.31509173 -0.3372279 0.15975066 -0.13772123 0.0043425974 0.038757667 0.14870726 -0.09480712 0.23616467 -0.06479248 0.25638208 -0.10279416 -0.33672562 -0.11071696 -0.007514749 0.025818978 0.09022487 0.16833593 0.03638436 -0.0025058757 -0.014606929 0.017106187 -0.097562544 -0.13206428 -0.09173967 -0.032192364 -0.017493559 0.04765428 0.008718026 -0.16339466 -0.04721703 -0.13360508 -0.06029568 -0.25140986 0.42779186 0.15012167 0.1465893 0.10014397 -0.021887548 0.019565314 0.027956262 0.18201959 -0.11527767 -0.0021929862 0.13207477 -0.19851145 -0.13633282 0.10317516 -0.06600883 0.1417346 0.27105665 0.1087707 0.15985528 0.23606326 -0.12702721 0.052880257 -0.19975767 0.15475392 -0.09376407 0.007951019 -0.16732612 0.1589629 0.42333975 0.49680674 0.04453229 0.38563293 0.14804778 -0.30444103 -0.20881523 0.11934149 0.15942894 0.29601708 0.022578314 0.0060763783 -0.04016028
(Sun -0.15627556 0.11089372 -0.022095378 0.1318141 0.07553707 -0.13443841 -0.026141692 0.16170679 -0.095341794 0.11593369 0.037430022 -0.06330504 -0.106383316 0.05269581 0.18519214 -0.15708788 -0.080830865 0.10004259 -0.061894376 -0.08622397 0.0076681683 -0.13910024 -0.03647446 0.04600228 -0.113907546 0.010156128 -0.020773115 0.061282985 -0.19883093 -0.05133038 0.06456072 0.068996176 0.10011841 -0.017488755 -0.0501862 -0.010442231 -0.046016425 0.02403338 -0.19884485 -0.18872274 -0.16248986 -0.00710899 0.09283112 0.0832877 0.08142257 0.006042708 0.10762307 0.011021374 -0.0064503625 0.02893805 -0.010451869 -0.054307673 0.020921169 -0.11049175 -0.039347686 -0.11365525 0.1250311 -0.14276913 -0.1211128 -0.0037201613 0.09970993 0.14452346 -0.07696379 -0.10592311 -0.13294439 0.11722208 -0.17488584 0.28357947 -0.12499855 0.0036874015 0.03302418 -0.044539105 0.18759179 -0.043051578 0.01269801 0.089181975 0.064581975 -0.22267559 -0.18978165 -0.02530779 -0.06554218 -0.22065093 0.1174242 -0.019603902 -0.017793505 -0.017104067 -0.036156554 0.20207502 0.025419207 -0.14930797 0.07983496 0.04811026 0.13714376 0.072835416 0.21387465 0.38958448 -0.0137665 0.021208737 -0.1583903 0.2159553 -0.14209725 0.054152273 0.009347057 0.051038682 -0.13913117 -0.047017902 -0.13190469 0.13452375 -0.04237164 -0.1432597 -0.105595864 -0.1328558 -0.053617842 -0.084137015 0.017805297 -0.04786938 0.0847505 -0.15248044 -0.037505716 0.03318795 0.071324974 0.11623169 0.0009681692 -0.11998384 -0.0101426765 0.18133666 -0.18680844 0.084021606 -0.077820405 0.012930355 0.014258423 0.101289295 -0.06857264 0.13287795 -0.04763628 0.15309808 -0.06898575 -0.19910474 -0.07637525 -0.025076792 0.018773776 0.038888115 0.113218375 0.03527683 -0.0004475376 -0.017793454 0.008226746 -0.044885717 -0.08093692 -0.053053852 -0.011537802 -0.003381156 0.047938287 0.006214062 -0.090394914 -0.037907176 -0.08137716 -0.027076565 -0.15969099 0.2516533 0.09807803 0.09510389 0.07762922 -0.03011566 0.006522849 0.006867596 0.12637314 -0.061283283 -0.0063372515 0.07340635 -0.12463043 -0.094371006 0.06797866 -0.04256664 0.08157565 0.16837682 0.05933733 0.09964469 0.12313107 -0.07977269 0.03734089 -0.1055741 0.09272513 -0.0556534 0.011194905 -0.09857507 0.07606436 0.24932446 0.31937683 0.039949015 0.24917313 0.10326507 -0.16595526 -0.12837172 0.07037519 0.09974125 0.19243795 0.0051641376 0.0071267174 -0.03631383
ÖÆ -0.33972022 0.27407625 -0.054033242 0.26037538 0.14261302 -0.2849259 -0.043092895 0.36972654 -0.22881615 0.26827145 0.08171215 -0.12034475 -0.1936063 0.09855152 0.43082586 -0.33886012 -0.16780004 0.2550793 -0.11486621 -0.18308021 0.0010097453 -0.28651077 -0.10706336 0.10805187 -0.25946936 0.03799082 -0.05233181 0.11345163 -0.4161773 -0.124695726 0.09719989 0.1699747 0.22560467 -0.046021607 -0.10221506 -0.009654173 -0.11939506 0.07655847 -0.3942462 -0.4138842 -0.34159574 0.00084653724 0.16162266 0.16206113 0.16606984 0.015326999 0.26315865 -0.009340294 -0.037901536 0.0656315 -0.037966635 -0.1402706 0.044221424 -0.22239518 -0.05582305 -0.25262108 0.2711261 -0.26847157 -0.2391878 -0.00019536904 0.22747695 0.27301872 -0.16312067 -0.22275354 -0.2611689 0.22331752 -0.35491452 0.5791088 -0.2854837 0.031069173 0.05100735 -0.09698731 0.38754472 -0.13860357 0.009246825 0.19170989 0.16094609 -0.49128008 -0.3945798 -0.03567424 -0.13096637 -0.49409625 0.2499625 -0.03783 -0.04847722 -0.09514971 -0.07812181 0.43877006 0.09580889 -0.3007506 0.13188633 0.093888044 0.29841012 0.123459555 0.45342326 0.7937575 0.007955788 0.05949435 -0.37020507 0.49258816 -0.32270974 0.12212223 0.022564737 0.1209624 -0.30118388 -0.09175296 -0.33088848 0.28535733 -0.10099861 -0.35575455 -0.21276039 -0.30190995 -0.112995334 -0.16744962 0.015141315 -0.094722666 0.19787943 -0.31548595 -0.094486184 0.07663367 0.10349919 0.23272692 -0.018509863 -0.27536806 -0.056162313 0.40618816 -0.4418017 0.19782066 -0.17285895 0.0021879289 0.04058974 0.2141599 -0.12239397 0.30753484 -0.08074865 0.33115953 -0.14973278 -0.45377555 -0.15530297 -0.023456745 0.03510738 0.11969103 0.22232687 0.054230567 -0.0024534832 -0.019265678 0.016911885 -0.13338733 -0.1789064 -0.11563782 -0.033655077 -0.012867613 0.069254115 0.019763466 -0.21249644 -0.060011335 -0.16556583 -0.07034561 -0.33789885 0.5636163 0.20420195 0.20265523 0.13925532 -0.020289313 0.02416158 0.038439974 0.25949603 -0.1530589 -0.0030907963 0.17656608 -0.26001635 -0.19913837 0.12885068 -0.08699337 0.19366385 0.36371237 0.13619938 0.21609691 0.30578715 -0.16747567 0.070567325 -0.25890255 0.20826341 -0.12721767 0.011459358 -0.2157146 0.19786759 0.5465859 0.66488266 0.06757773 0.51831985 0.19619463 -0.40276182 -0.28983483 0.15032987 0.21495472 0.40431938 0.036244653 -0.004413574 -0.052249324
10.64.11.20] -0.12897061 0.115109354 -0.033569284 0.114783525 0.060779285 -0.12057556 -0.024919305 0.15906785 -0.093197905 0.09920457 0.018546311 -0.06371106 -0.07621884 0.047491405 0.1752091 -0.14231084 -0.061540022 0.10799243 -0.041125108 -0.08619447 -0.004494096 -0.11756044 -0.04763611 0.059003275 -0.11122463 0.006598657 -0.016263023 0.052129917 -0.16632867 -0.052830048 0.042810794 0.0769078 0.086294726 -0.013740315 -0.04899929 0.0037214586 -0.04999922 0.035884712 -0.17220381 -0.1782003 -0.13728277 0.004384095 0.06524267 0.07665623 0.06608152 0.02013805 0.11028808 -0.01374889 -0.024321552 0.032053508 -0.010635397 -0.044261854 0.026175715 -0.101952165 -0.024217788 -0.11218019 0.1176291 -0.1104532 -0.104536064 0.0035115967 0.10013915 0.114550225 -0.069347866 -0.10046208 -0.11108966 0.08993871 -0.15097214 0.22809695 -0.12326499 0.007221947 0.025608825 -0.048155613 0.15260392 -0.050101917 0.0071893022 0.08011404 0.06750424 -0.19576989 -0.16938801 -0.019376287 -0.05095484 -0.20861274 0.10670412 -0.02226523 -0.023865737 -0.028580656 -0.026143732 0.18079725 0.040788375 -0.11742689 0.055440623 0.045923185 0.12245974 0.06584297 0.17924894 0.31832135 0.001573953 0.024635432 -0.16003737 0.205868 -0.13476618 0.052816626 -0.00017544425 0.04967397 -0.13009271 -0.034300953 -0.15013424 0.10504978 -0.030974247 -0.15343241 -0.080220506 -0.12920108 -0.054750163 -0.07255818 0.0032352377 -0.04653124 0.08564345 -0.14140153 -0.048808116 0.026422214 0.038183525 0.106831856 -0.0051749335 -0.10161049 -0.012082894 0.17752387 -0.17937197 0.08144217 -0.07102855 -0.008297103 0.015847212 0.09593962 -0.05517313 0.12352619 -0.02498783 0.13810667 -0.061196387 -0.19061784 -0.06258751 -0.0031583353 0.0022077884 0.049008407 0.10506435 0.019969227 -0.0052094054 -0.00691386 0.011065252 -0.05206345 -0.08036765 -0.045847546 -0.012918684 -0.0047928686 0.030496176 0.022595739 -0.08498276 -0.02705512 -0.07584465 -0.031958245 -0.14133659 0.23643991 0.08678471 0.08562675 0.059980918 -0.007266936 0.0052068424 0.009356334 0.12319803 -0.051116362 -0.0050098198 0.0745546 -0.105876975 -0.08611622 0.047734264 -0.029178536 0.07345516 0.14768521 0.052080806 0.095388174 0.1263713 -0.065197736 0.017921222 -0.1018196 0.09215881 -0.053460166 -0.014360834 -0.095738344 0.076441474 0.23455884 0.2739556 0.033032216 0.21542351 0.07525692 -0.16984811 -0.10319382 0.057700597 0.0965052 0.17121406 0.022410894 -0.022374451 -0.007046217
(ÁÁÂí£¿ÁÁÂí£¡), -0.13726205 0.13066158 -0.027720712 0.10418007 0.083551794 -0.118587606 -0.03018809 0.17467321 -0.09160455 0.10817372 0.039834566 -0.04329318 -0.08152739 0.047317173 0.18708605 -0.15647651 -0.08094338 0.10600177 -0.054634545 -0.078532994 0.0067168344 -0.13088976 -0.037524965 0.04833386 -0.12731084 0.026676165 -0.017025 0.0494925 -0.1809846 -0.051017884 0.04188502 0.06238938 0.097574815 -0.025914513 -0.03658882 -0.0038740293 -0.07004185 0.0337866 -0.17804824 -0.17758149 -0.14308758 0.00875553 0.074909866 0.08438456 0.061904985 -0.0034817974 0.120615266 -0.010674976 -0.026421739 0.032799866 -0.007182792 -0.070338 0.02325954 -0.10729175 -0.020744793 -0.12935846 0.12417828 -0.119834125 -0.09905659 0.0017199883 0.09884649 0.12396628 -0.07700724 -0.103492975 -0.11735475 0.108112544 -0.15951505 0.25815436 -0.1391426 0.005697484 0.012651145 -0.050673638 0.16647518 -0.07107095 0.00966865 0.08337964 0.08027534 -0.21542872 -0.189059 -0.012386699 -0.06543712 -0.20767303 0.105080985 -0.014255481 -0.0248902 -0.033048548 -0.033110105 0.21537854 0.048507724 -0.14781576 0.064758204 0.049405154 0.14475206 0.048757844 0.20875527 0.36685073 0.013317183 0.028699353 -0.15030508 0.23441035 -0.15166639 0.057195943 0.010126826 0.06316558 -0.13611747 -0.038081434 -0.14428292 0.111636594 -0.0480273 -0.15710288 -0.10604251 -0.1351107 -0.066083044 -0.090966135 0.00730255 -0.054695096 0.07377695 -0.12936042 -0.0432767 0.048704088 0.042691674 0.11607365 -0.0013274332 -0.12625533 -0.015309609 0.18633632 -0.18614767 0.07955293 -0.08797455 -0.012515908 0.02997622 0.09102842 -0.039965376 0.12985985 -0.028141756 0.1490075 -0.059072856 -0.20468502 -0.074106075 -0.004595956 0.0036333436 0.03591788 0.10574879 0.019905474 -0.018446982 -0.0034453722 0.010571988 -0.07269688 -0.0923446 -0.05436537 -0.014800511 0.0019068541 0.028466657 0.0139033655 -0.10874833 -0.00971299 -0.072540276 -0.026765889 -0.14819618 0.25729313 0.08665797 0.09665755 0.04902827 -0.006504298 0.020127015 -0.0002875162 0.12436721 -0.06931478 0.0046051736 0.09275925 -0.12950589 -0.089058295 0.06667929 -0.033707537 0.09909658 0.17791742 0.07227878 0.106957495 0.12627864 -0.070986986 0.0229756 -0.13287544 0.0932336 -0.05114618 -0.005650802 -0.090434514 0.08310542 0.2416274 0.316135 0.027132262 0.22541411 0.102676526 -0.18137355 -0.12799446 0.05454077 0.092407025 0.18172637 0.021576356 -0.009032642 -0.018499846
RaoRen -0.14565052 0.12811875 -0.024596438 0.108503945 0.08141561 -0.1236058 -0.029673187 0.16369799 -0.08755095 0.10911356 0.039088134 -0.047700938 -0.07697635 0.03630593 0.1855198 -0.15750426 -0.071064375 0.115680866 -0.055551533 -0.07620869 0.0024543733 -0.122337125 -0.04340682 0.05677613 -0.11426207 0.02078662 -0.024064826 0.059597462 -0.18953307 -0.048146214 0.033245362 0.06465816 0.10560874 -0.016112698 -0.046151146 -0.01083076 -0.06862612 0.032575954 -0.17585672 -0.18163963 -0.14893822 0.016361592 0.08194595 0.07451005 0.06558138 -0.0071661593 0.11389889 -0.01150144 -0.01695432 0.027402025 -0.0048643113 -0.0705775 0.01862828 -0.102675244 -0.026413292 -0.12095281 0.11884261 -0.11811899 -0.10969457 0.0063933814 0.085579835 0.11070394 -0.075929925 -0.10246686 -0.118070126 0.09360471 -0.15305448 0.25873202 -0.13564631 0.0041445047 0.013657986 -0.048394654 0.16726819 -0.06900017 0.00181832 0.0874993 0.0668728 -0.22315256 -0.18462862 -0.0112029435 -0.06648974 -0.20896846 0.11619918 -0.006749421 -0.026483377 -0.04056405 -0.034960255 0.21412313 0.03662704 -0.13935922 0.06937127 0.04362102 0.13208349 0.05699342 0.20960285 0.36438504 0.016700143 0.028702347 -0.15413007 0.22242117 -0.15757845 0.063652255 0.009190803 0.0674664 -0.1389578 -0.038608316 -0.14419223 0.117123514 -0.051019236 -0.15132414 -0.10323472 -0.12866811 -0.066989765 -0.08863269 0.0097568035 -0.046472546 0.07839089 -0.13826619 -0.044056937 0.046319455 0.035419147 0.11700614 -0.011226301 -0.12266029 -0.01968272 0.1818928 -0.1835667 0.084434755 -0.08509432 -0.008130412 0.026853802 0.09604681 -0.04671802 0.1389027 -0.030042838 0.15258631 -0.053643767 -0.20122428 -0.07753991 0.00325303 0.0035477884 0.04240712 0.10706897 0.021790678 -0.006359794 -0.005189104 0.014480976 -0.07249984 -0.0827606 -0.058167696 -0.0044632354 0.0047519105 0.02442336 0.013747433 -0.10261027 -0.0075341216 -0.07230877 -0.030732978 -0.1521617 0.25765404 0.087142706 0.08781214 0.055820413 0.00032604137 0.019801738 -0.0012392189 0.12682578 -0.06791577 -0.0022405882 0.08741853 -0.121092446 -0.09821281 0.06499575 -0.031399917 0.10188489 0.1768529 0.07067467 0.113715984 0.12259168 -0.067009054 0.022751508 -0.129885 0.08813665 -0.052013133 -0.011732713 -0.08796829 0.09441531 0.23606668 0.3108111 0.033214834 0.22643548 0.10323451 -0.17888592 -0.13177538 0.062764585 0.09769753 0.18122254 0.012181607 0.00378229 -0.019340876
---- -0.14839013 0.12461864 -0.021532182 0.10786148 0.06744874 -0.128916 -0.012057604 0.16574508 -0.09367157 0.11610801 0.030722134 -0.052512184 -0.083835974 0.038351744 0.18828633 -0.1541388 -0.07294058 0.10515347 -0.050683282 -0.085150726 0.0029574372 -0.12251454 -0.037977144 0.05081421 -0.11052831 0.016422153 -0.013710166 0.052093513 -0.18324684 -0.048329096 0.0438507 0.07635485 0.10189576 -0.026697757 -0.041701127 -0.0013077813 -0.054546703 0.028111141 -0.17742535 -0.18065593 -0.1560686 0.008208726 0.078164086 0.078430854 0.0768888 0.004711514 0.10652045 -0.005099669 -0.022022463 0.033121537 -0.015070819 -0.05898526 0.012154134 -0.10138272 -0.02905158 -0.1185242 0.11270168 -0.116534024 -0.108156845 0.0036426466 0.097076155 0.116267785 -0.07067166 -0.101056 -0.11625294 0.105302945 -0.15563369 0.2541678 -0.13573194 0.009092165 0.025189098 -0.03850752 0.16601755 -0.060264148 0.0038751157 0.07792884 0.07045291 -0.22419421 -0.17762187 -0.013927237 -0.06416184 -0.21496733 0.10694553 -0.01308501 -0.020749573 -0.034954503 -0.03761782 0.19883803 0.045094166 -0.13336025 0.06127308 0.049336627 0.13878354 0.05199756 0.1971253 0.35720137 0.00932051 0.022589562 -0.15724416 0.22152512 -0.15334055 0.05699895 0.0069433767 0.046152774 -0.13395241 -0.043971144 -0.13692355 0.122822985 -0.041593637 -0.16265312 -0.09310935 -0.13850766 -0.050559774 -0.07396479 0.01679936 -0.047717433 0.0826697 -0.13703704 -0.041980278 0.035514936 0.046498347 0.107965834 -0.006103744 -0.12296294 -0.023444152 0.17683956 -0.19939534 0.07927314 -0.079659544 0.0029276465 0.023925567 0.103875265 -0.05779559 0.1381292 -0.037378144 0.14804272 -0.07034412 -0.20232615 -0.07412129 -0.006474027 0.018416502 0.042477325 0.098706394 0.020335047 -0.002339343 -0.0071636206 0.0048670084 -0.0528787 -0.07895659 -0.0564862 -0.007503814 -0.0017686876 0.03213159 0.015166123 -0.10000029 -0.025411459 -0.0627638 -0.036342826 -0.15066642 0.24632968 0.09210585 0.09258102 0.06037101 -0.014218226 0.0022087945 0.0149597 0.121888906 -0.071249776 -0.0010270088 0.08164298 -0.12392688 -0.09408246 0.059605878 -0.039489225 0.09181509 0.16199923 0.060923297 0.093228675 0.13849138 -0.07133975 0.02739383 -0.10917306 0.08611522 -0.054501753 0.0025041716 -0.0967816 0.08475151 0.23420936 0.2919197 0.029051347 0.22856778 0.09425594 -0.17457533 -0.12437055 0.06330642 0.095831916 0.18303242 0.017729346 0.0027372043 -0.019447435
(Fri -0.19151402 0.14108509 -0.029793393 0.14791453 0.088216744 -0.16092558 -0.02458004 0.19521524 -0.1150436 0.12927139 0.041708868 -0.07259109 -0.11986562 0.062009722 0.22012518 -0.19110143 -0.09880006 0.121217065 -0.0708475 -0.099680685 -0.0001360165 -0.16548724 -0.051376007 0.06166142 -0.14197017 0.020610241 -0.022633014 0.07178116 -0.23383227 -0.065223 0.069660135 0.08123997 0.1272681 -0.02837427 -0.05611636 -0.0074347155 -0.057314012 0.03424213 -0.22988677 -0.2297165 -0.18857647 -0.0024145122 0.10685994 0.09627517 0.09098988 0.007748663 0.13082471 -0.0005395774 -0.010275754 0.035593733 -0.016017864 -0.06956844 0.025781218 -0.13317455 -0.048111595 -0.13018829 0.14789246 -0.16634232 -0.14513345 0.00032378096 0.11925288 0.161159 -0.097632855 -0.12644055 -0.15161783 0.13474078 -0.19797675 0.33006623 -0.15121385 0.011338042 0.034025095 -0.047304418 0.22206098 -0.057325147 0.011599197 0.10453696 0.08038513 -0.26527423 -0.2185485 -0.029910916 -0.08137691 -0.2673878 0.13083766 -0.02082511 -0.024614174 -0.023153305 -0.03844235 0.236486 0.037998173 -0.17161362 0.0912251 0.060385086 0.1689891 0.07701856 0.25258046 0.44546875 -0.012485891 0.03780868 -0.18811022 0.26529878 -0.17212494 0.06606299 0.018498957 0.06956416 -0.16118242 -0.055279072 -0.16357554 0.15717372 -0.055329565 -0.17827983 -0.12253398 -0.15127191 -0.06584948 -0.10508627 0.015211509 -0.059854038 0.10617857 -0.17489035 -0.051198095 0.032097347 0.08001436 0.14150694 -0.003855598 -0.14569739 -0.010137993 0.20861325 -0.22547884 0.09314586 -0.09129736 0.0050508752 0.012239173 0.12529726 -0.08079069 0.1551227 -0.046252944 0.18067625 -0.07229767 -0.23706903 -0.094403565 -0.0313089 0.025472853 0.0506309 0.12827164 0.032562993 -0.0037409673 -0.021025563 0.0026590358 -0.059490617 -0.0959333 -0.07071576 -0.013881751 -0.008858503 0.04323435 0.013982148 -0.110329375 -0.032306273 -0.10082004 -0.024612525 -0.17756246 0.30001 0.1242985 0.107948124 0.085280895 -0.029455572 0.010721694 0.0025291077 0.15556265 -0.07964231 -0.01398132 0.08481415 -0.14177161 -0.11013922 0.07365424 -0.05462252 0.098299615 0.19953755 0.07328504 0.12263736 0.148029 -0.089113 0.046989832 -0.12733419 0.11131961 -0.063565515 0.008146006 -0.11482452 0.09695882 0.2958584 0.37269956 0.043817278 0.28652275 0.11738056 -0.2020952 -0.16375801 0.09275572 0.12511866 0.22408238 0.0016203036 0.009393222 -0.044463504
Êô -0.28927833 0.23537403 -0.04441174 0.21135315 0.11931019 -0.24429704 -0.038977575 0.3176871 -0.19870874 0.22786295 0.06347677 -0.10014772 -0.15766089 0.07874779 0.36154094 -0.28976506 -0.14874893 0.21102849 -0.09036285 -0.15791719 -0.00096433447 -0.24558033 -0.08724065 0.09700708 -0.22309627 0.03327267 -0.041366898 0.1017555 -0.35044253 -0.107590474 0.083218224 0.14403038 0.1953466 -0.039607868 -0.085515134 -0.008220101 -0.101777196 0.06908044 -0.32988054 -0.35247013 -0.28294843 0.008129267 0.13952719 0.1341734 0.13934197 0.013999591 0.22453998 -0.0031414267 -0.04052954 0.049651004 -0.031699598 -0.11944815 0.030252567 -0.18412219 -0.04543064 -0.21521409 0.2248671 -0.22490752 -0.20175971 0.0016145707 0.18722637 0.23060681 -0.13733016 -0.18781856 -0.21970679 0.18743195 -0.29768252 0.4821025 -0.23966518 0.033498526 0.03383775 -0.08535391 0.31856066 -0.11327759 0.00890082 0.1558432 0.13263401 -0.41489956 -0.3295917 -0.023248123 -0.11948977 -0.42338106 0.21724653 -0.028626736 -0.047582746 -0.080420636 -0.07288443 0.3793649 0.079002954 -0.24934953 0.10922006 0.077715226 0.255106 0.100523904 0.38858423 0.6666693 0.0051641893 0.049448412 -0.30744597 0.4185953 -0.27453053 0.105148196 0.010260876 0.103752166 -0.249637 -0.07141583 -0.28172213 0.24641843 -0.087279595 -0.2984911 -0.18145393 -0.2539544 -0.09426185 -0.13775487 0.020911137 -0.08476672 0.15800457 -0.26646096 -0.07730044 0.06949162 0.08570159 0.19666314 -0.010487478 -0.22959141 -0.04059878 0.34044603 -0.37316334 0.16469799 -0.1477187 -0.00057364104 0.032896444 0.17824157 -0.108570494 0.25574613 -0.07522595 0.28510657 -0.12454775 -0.38477948 -0.12804669 -0.013472544 0.027813772 0.095709674 0.18853772 0.053697847 -0.0064008264 -0.015615037 0.01637265 -0.10893396 -0.1563272 -0.10390622 -0.034958024 -0.015496966 0.061063807 0.014375412 -0.17422518 -0.04997143 -0.14306055 -0.060016606 -0.27933097 0.47852224 0.16654961 0.17129089 0.115708075 -0.016149113 0.026454387 0.027954182 0.21634065 -0.1303056 0.0004301406 0.14448698 -0.22433856 -0.1609065 0.10515741 -0.07474141 0.17069733 0.30266014 0.113002114 0.18068218 0.26735267 -0.1409887 0.05948109 -0.21837074 0.17655523 -0.10971151 0.008037377 -0.18489088 0.16684566 0.45906228 0.56048274 0.05284788 0.43516034 0.16577789 -0.34105867 -0.23700492 0.12878022 0.18047754 0.34050167 0.02869346 -0.004012578 -0.0494943
·À -0.25607356 0.20933515 -0.042664487 0.18919255 0.097266056 -0.21932824 -0.04014109 0.28124326 -0.18284664 0.21200976 0.059631098 -0.08915109 -0.14522564 0.07754092 0.32961118 -0.2599105 -0.13068847 0.19047071 -0.07919954 -0.14248475 -0.0074916594 -0.22089069 -0.082177736 0.08329346 -0.20041427 0.026510952 -0.038593944 0.08632799 -0.30674747 -0.094995 0.07310204 0.1282406 0.17268516 -0.040248863 -0.07202732 -0.014770437 -0.093773626 0.06426991 -0.29686284 -0.30941936 -0.25564805 0.0022570689 0.12872684 0.12136816 0.12401382 0.01713662 0.20099398 -0.009539937 -0.03072593 0.041667435 -0.02905477 -0.1062181 0.03265419 -0.16518418 -0.045231875 -0.19252099 0.19638413 -0.19734186 -0.1860217 -0.0033685192 0.17192662 0.2007131 -0.12756422 -0.16656688 -0.1913022 0.169312 -0.26448017 0.43338478 -0.2130919 0.026443454 0.034256235 -0.07826484 0.28942075 -0.10739387 0.010385596 0.13956161 0.12331144 -0.37434486 -0.2940199 -0.0169144 -0.099024795 -0.37717053 0.18854551 -0.024819724 -0.037973806 -0.07814522 -0.06522583 0.33579975 0.07323054 -0.22708967 0.097923376 0.07113669 0.2201116 0.09595457 0.34412494 0.5930273 0.008173132 0.040123925 -0.28042275 0.37398162 -0.24571782 0.089523606 0.015173933 0.08677976 -0.22216912 -0.061254658 -0.2472935 0.22082542 -0.08141322 -0.2674054 -0.1562919 -0.22479239 -0.086760886 -0.12524605 0.013900337 -0.0687469 0.14788736 -0.23826988 -0.07072148 0.06090326 0.07191499 0.17330758 -0.010269148 -0.1982498 -0.037729196 0.31141436 -0.3301252 0.14615466 -0.14058469 -0.0019573527 0.030872367 0.15149648 -0.09646819 0.23264754 -0.06443555 0.25105605 -0.11205425 -0.34443352 -0.10699033 -0.014140689 0.023142112 0.093956836 0.16695446 0.047132168 -0.005037679 -0.011032385 0.00816645 -0.103573434 -0.13333815 -0.08791281 -0.030074243 -0.015068666 0.054307066 0.015869323 -0.15290432 -0.03877335 -0.12849812 -0.051142517 -0.25181603 0.43185905 0.14654449 0.14740087 0.097267 -0.012827493 0.025369091 0.028268183 0.19420128 -0.11371123 0.0038587397 0.12777233 -0.19712761 -0.14777607 0.09792297 -0.062328998 0.14472552 0.2786515 0.10644893 0.16857894 0.23895599 -0.12437248 0.050607644 -0.20126715 0.16142966 -0.09334464 0.008479903 -0.16419508 0.15105943 0.42142695 0.5029784 0.045273792 0.39643142 0.15457614 -0.29779497 -0.21664518 0.12237334 0.16643935 0.30182177 0.0217911 -0.0064079557 -0.04673774
¨u -0.24943504 0.20016678 -0.031856935 0.18387645 0.11485629 -0.19959864 -0.03199732 0.2730796 -0.170039 0.18435277 0.047148608 -0.0953456 -0.14230292 0.06545734 0.30643302 -0.23472916 -0.12110231 0.18675792 -0.08309164 -0.13366808 -0.0050145662 -0.21074669 -0.07471211 0.07597361 -0.1835501 0.0321686 -0.031749886 0.08037694 -0.29251918 -0.100482784 0.055791922 0.12800759 0.16953304 -0.036061216 -0.07841368 -0.020986253 -0.07744752 0.04624011 -0.28951794 -0.3025473 -0.23519848 0.010499971 0.11792607 0.105070174 0.11017067 0.010509515 0.20092677 -0.019000487 -0.04184902 0.038653634 -0.021843927 -0.09760764 0.030978926 -0.15789853 -0.04392312 -0.19514075 0.19805636 -0.19165146 -0.18390991 0.0048735715 0.16454159 0.18719275 -0.11415004 -0.16650489 -0.19664639 0.15745942 -0.2661632 0.4235609 -0.20333587 0.02413023 0.0386493 -0.06405169 0.2814658 -0.09958125 0.011032601 0.13166507 0.11458883 -0.35428485 -0.28975892 -0.03373499 -0.105331115 -0.36429158 0.1715286 -0.026336659 -0.027443266 -0.060227886 -0.046236705 0.3207587 0.057940472 -0.2201642 0.10347999 0.076101944 0.21819852 0.102201216 0.32233912 0.5755534 -0.0007177341 0.038766947 -0.27477458 0.3615628 -0.23505959 0.08872308 0.017100735 0.07011908 -0.21561238 -0.0668539 -0.23331703 0.20580089 -0.075989775 -0.26600558 -0.15255958 -0.2156771 -0.073109575 -0.13145725 0.014725054 -0.07266793 0.14583775 -0.213132 -0.07029232 0.06606995 0.07468887 0.15771025 -0.001939621 -0.19684197 -0.04160946 0.28950128 -0.3175747 0.13621321 -0.121155374 -0.0037932945 0.031851664 0.1515568 -0.09028963 0.21572497 -0.06289699 0.24157614 -0.10314809 -0.33172667 -0.1063514 -0.015598693 0.016459089 0.07705565 0.15789707 0.042120386 -0.012796572 -0.006171139 0.016069615 -0.093838945 -0.13857856 -0.07538617 -0.030911544 -0.0026002491 0.049731776 0.012687975 -0.15404862 -0.04315469 -0.115673564 -0.046140067 -0.23941478 0.39859506 0.14773972 0.14335111 0.097490534 -0.022626726 0.014581505 0.029868599 0.18049872 -0.12021149 -0.012716142 0.12161636 -0.17363355 -0.15020329 0.0992843 -0.06779963 0.14774814 0.2685811 0.08439287 0.15719385 0.22640467 -0.11518934 0.054639034 -0.18227561 0.15539546 -0.07852375 0.007105795 -0.14410594 0.13537486 0.3980004 0.47976086 0.048544064 0.3688488 0.1368874 -0.29209545 -0.21185564 0.10154296 0.17114657 0.28096223 0.029767592 0.0030179396 -0.04652651
(×ÏÏþ), -0.13961415 0.13118973 -0.022461535 0.104877196 0.08057708 -0.12950067 -0.013620854 0.17802 -0.089561336 0.11612886 0.037741646 -0.04754337 -0.08704075 0.043115914 0.18151908 -0.1494453 -0.080723874 0.10959602 -0.057377324 -0.085922465 -0.0014250849 -0.12777041 -0.038791765 0.048764337 -0.12268387 0.018067531 -0.011671108 0.04526723 -0.18696143 -0.05581725 0.036747273 0.07652729 0.09609915 -0.020681396 -0.048341338 0.003935868 -0.066559665 0.028256921 -0.16425264 -0.18301268 -0.1433522 0.01571603 0.07493639 0.0665821 0.07247351 0.00664866 0.12793729 -0.008585566 -0.014885296 0.029785777 0.0015960417 -0.07802234 0.019584155 -0.09482214 -0.01991453 -0.11368563 0.12357079 -0.12370532 -0.106845245 0.013150564 0.095052816 0.11567288 -0.076613925 -0.106481545 -0.1145642 0.100630924 -0.14486364 0.25128686 -0.12928458 0.0036108019 0.027649809 -0.040820215 0.17536785 -0.06655679 0.008008461 0.084491596 0.06571434 -0.23355627 -0.17507163 -0.016016684 -0.06620393 -0.20628087 0.11378784 -0.012387852 -0.024128655 -0.030864514 -0.03640176 0.2010758 0.05094005 -0.13706738 0.06530572 0.057352643 0.13285622 0.054401908 0.20153609 0.3670567 0.017638613 0.027253421 -0.1635767 0.23804203 -0.15137324 0.066068545 0.011426347 0.062149376 -0.1322405 -0.043068554 -0.14288495 0.13147901 -0.043990422 -0.15510423 -0.09537718 -0.14076813 -0.06866121 -0.07582677 0.0075505804 -0.045205522 0.075352296 -0.14815962 -0.04690573 0.038610004 0.047519263 0.11531213 0.0035180238 -0.117683716 -0.029112967 0.18059644 -0.21107897 0.083045915 -0.09404599 -0.0016619395 0.020952925 0.095778875 -0.039385557 0.14448816 -0.021711895 0.15230645 -0.06566804 -0.20870835 -0.08207173 -0.005221685 0.01255821 0.031715736 0.099028565 0.029620184 -0.01210795 0.0056567662 0.008653085 -0.06169683 -0.08031297 -0.054217678 -0.005640859 -0.002205009 0.025558509 0.019877085 -0.10701271 -0.017369863 -0.05989363 -0.024021616 -0.15015526 0.2586588 0.0934563 0.090895705 0.055429216 -0.01213173 0.025731036 0.0061687184 0.13113268 -0.057348862 0.007714989 0.09208248 -0.12996355 -0.10508017 0.059750512 -0.030871997 0.09487698 0.16883622 0.05784773 0.10994084 0.12974153 -0.081155255 0.031448547 -0.121641755 0.094014555 -0.060506843 -0.0062518246 -0.073903464 0.096890874 0.24091001 0.3148375 0.01908808 0.23553747 0.09601479 -0.17715897 -0.12649442 0.070737354 0.09769548 0.17977293 0.008373553 -0.0046522017 -0.013939673
helen -0.14791286 0.13722451 -0.025992902 0.10892979 0.07399192 -0.120987825 -0.013546671 0.18774565 -0.09194964 0.11113203 0.03223979 -0.060135774 -0.08445438 0.03635857 0.1952106 -0.157577 -0.0800946 0.120535076 -0.05585422 -0.08464275 0.004785342 -0.12377403 -0.041967142 0.043953486 -0.12704805 0.016351694 -0.012088936 0.043505415 -0.19645134 -0.056447063 0.037427086 0.07399908 0.10363825 -0.01735015 -0.05556236 -0.0031506051 -0.05950935 0.038464013 -0.16673905 -0.17724936 -0.1423098 0.016854461 0.07548701 0.0665539 0.0650455 0.004031803 0.12918316 -0.02041168 -0.02116896 0.033537477 -0.0022994375 -0.06919983 0.023071626 -0.10036497 -0.015666962 -0.11694338 0.119632706 -0.12730095 -0.11635736 0.011153678 0.09211864 0.111690775 -0.06632705 -0.10801149 -0.119543634 0.101109825 -0.15375884 0.26675117 -0.14382982 0.005592691 0.025845753 -0.040363424 0.17168868 -0.067899995 0.0010375049 0.087885246 0.07103868 -0.23492187 -0.17876022 -0.015529383 -0.059891563 -0.22280101 0.11284258 -0.01088608 -0.030386617 -0.03579172 -0.03597076 0.21500711 0.040090773 -0.14324212 0.06598675 0.06088808 0.14402634 0.06426276 0.20588714 0.36608285 0.018142091 0.028401967 -0.16030864 0.23019336 -0.15498814 0.061804645 0.014272314 0.06300849 -0.13715495 -0.041115828 -0.14998627 0.13505052 -0.052632354 -0.16309562 -0.10862836 -0.15148458 -0.06375583 -0.08425752 0.0039493134 -0.044894975 0.08927345 -0.14678493 -0.03694625 0.0413788 0.038777683 0.119166695 -2.8142626e-05 -0.11993256 -0.01964064 0.17938673 -0.21345936 0.088460654 -0.09229119 -0.006558509 0.024513606 0.102541715 -0.04471745 0.14336078 -0.022618523 0.16132297 -0.0625181 -0.20254545 -0.08360438 -0.006665182 0.004331827 0.03302227 0.110816956 0.030111726 -0.017101424 0.0070988047 0.0015506475 -0.061167836 -0.08550791 -0.063211955 -0.0029533594 -0.013595936 0.027994243 0.020973202 -0.10087947 -0.016238393 -0.06323509 -0.025610609 -0.15582304 0.27285948 0.09184227 0.09934956 0.06497001 -0.0034613803 0.023128456 0.012505485 0.13553543 -0.056430046 -0.003477532 0.092336215 -0.13364302 -0.104286455 0.054347236 -0.030687233 0.10248931 0.17081799 0.0655446 0.11286345 0.14006887 -0.072576344 0.030398816 -0.12644008 0.10496733 -0.06063449 0.00040213845 -0.07503674 0.09414019 0.2438664 0.32323113 0.01708916 0.24370073 0.08984792 -0.18549329 -0.12814151 0.06591422 0.09360364 0.1798799 0.003889344 0.0027587765 -0.020141428
£² -0.30144495 0.24947557 -0.049360123 0.23155679 0.12068337 -0.25954944 -0.04148326 0.3373554 -0.20082052 0.2422601 0.06808238 -0.11076093 -0.16697784 0.08261835 0.3874982 -0.29932237 -0.14716157 0.23127416 -0.098167405 -0.15970378 -0.0061075534 -0.25912264 -0.089455254 0.101784825 -0.2342864 0.03676552 -0.03884494 0.10392511 -0.3678624 -0.11637034 0.093212396 0.15692738 0.20536968 -0.041226458 -0.08846996 -0.010045195 -0.108086236 0.06365832 -0.3505911 -0.37058857 -0.29833618 0.007277717 0.14231429 0.14669839 0.14556384 0.01965095 0.2349767 -0.012475856 -0.042991158 0.05795702 -0.029271286 -0.12358207 0.037485823 -0.198214 -0.054248884 -0.23383248 0.23216632 -0.23275408 -0.22213984 0.003393222 0.19336322 0.23913641 -0.14669827 -0.19390029 -0.2287618 0.20264845 -0.31670722 0.50880456 -0.2571039 0.027684892 0.037346255 -0.08618237 0.34201154 -0.117331535 0.007361948 0.17593572 0.1472491 -0.43781477 -0.34658962 -0.029654805 -0.12434607 -0.4428434 0.22006576 -0.034907904 -0.049716648 -0.08576867 -0.073227674 0.39483008 0.087259166 -0.26228184 0.1188426 0.08842477 0.26557273 0.10700454 0.4052369 0.70899 0.0055992687 0.05570005 -0.33213115 0.43444234 -0.29296142 0.10743379 0.008638865 0.10288669 -0.26354507 -0.078401744 -0.28900206 0.25486574 -0.09044311 -0.32053405 -0.19105208 -0.25995728 -0.10489855 -0.15322067 0.020837167 -0.08023393 0.17387518 -0.28083366 -0.08785549 0.07673272 0.08159974 0.20251185 -0.008125383 -0.24700543 -0.039045464 0.3584247 -0.3948076 0.17220339 -0.15965368 -0.0011729586 0.03847248 0.18873441 -0.11161844 0.26828516 -0.07523858 0.30247423 -0.12852824 -0.40646452 -0.13978094 -0.020147536 0.031526003 0.09970909 0.2048455 0.05169111 -0.0022467475 -0.0154436715 0.015997184 -0.11667064 -0.16567151 -0.10700485 -0.030910976 -0.018297588 0.06476765 0.016466914 -0.18751462 -0.052421436 -0.14656925 -0.059543468 -0.2942244 0.5065308 0.18370332 0.18395677 0.116297 -0.024783153 0.015817398 0.02782649 0.22886494 -0.13585865 0.00096106296 0.15571123 -0.2387981 -0.18012846 0.114045225 -0.079047345 0.17795849 0.32347316 0.12796155 0.19689587 0.28075844 -0.1511124 0.06663312 -0.233214 0.19135459 -0.10712105 0.0075924844 -0.1861557 0.18398161 0.4916825 0.59583265 0.05895789 0.46348152 0.17388117 -0.36108416 -0.25704733 0.13867292 0.1946577 0.35345054 0.024773309 -0.005882863 -0.047604647
- -0.24609381 0.15052447 -0.06686077 0.14154102 0.127335 -0.20099679 -0.012928969 0.21872377 -0.13820447 0.15575624 0.05964572 -0.051227298 -0.10467686 0.10236627 0.2741063 -0.2043451 -0.09145884 0.15150923 -0.055731867 -0.10001447 0.004621904 -0.16693921 -0.030576931 0.08967642 -0.16174048 0.021982683 -0.039472062 0.04082693 -0.27696022 -0.04951603 0.085467674 0.0651149 0.17147915 -0.06857102 -0.053100947 -0.010232135 -0.11517942 0.05737546 -0.22019105 -0.29073563 -0.2106673 0.0126790665 0.100390226 0.08844988 0.09775256 -0.00065397576 0.13910249 -0.0037860034 -0.030862499 0.06394483 -0.009366689 -0.1087543 0.0013903494 -0.124384955 -0.07145189 -0.1525461 0.1427967 -0.20875837 -0.12806612 -0.038540855 0.124565184 0.17877433 -0.124114715 -0.1838616 -0.16102956 0.114591226 -0.23492648 0.3427966 -0.16157481 0.008291909 0.0724956 -0.030390335 0.2330928 -0.054493517 -0.019836828 0.11521014 0.12102242 -0.3359533 -0.2767728 -0.053377625 -0.044202503 -0.30225578 0.19256805 -0.048368108 -0.0033374242 -0.09339656 -0.02135168 0.30981717 0.03479012 -0.14588135 0.057551883 0.071188234 0.16778503 0.047599405 0.25271973 0.48850602 0.03444377 0.029892795 -0.18765636 0.33570632 -0.17364715 0.10150624 0.0057623954 0.043565337 -0.16350679 -0.024918843 -0.21411365 0.1560142 -0.09018057 -0.2615303 -0.16913795 -0.20818159 -0.074555814 -0.13938871 0.006633781 -0.06493695 0.097626224 -0.21596405 -0.072840065 0.062739044 0.08920484 0.15545088 -0.0547147 -0.14638259 0.003992433 0.24855372 -0.29641712 0.11850636 -0.121187046 -0.0280714 0.0056102728 0.16878678 -0.08538546 0.19590971 -0.017638016 0.18411013 -0.09097062 -0.25727004 -0.11451237 -0.04655443 0.053359468 0.032327373 0.1306774 0.004096387 0.006622006 -0.052877165 -0.026199767 -0.094116054 -0.11741506 -0.03130597 0.00621124 -0.036209665 0.08441209 0.050959647 -0.13776548 -0.03655214 -0.12007512 -0.015812937 -0.21877952 0.35075206 0.14195937 0.16483721 0.06418876 -0.056716297 0.0158837 -0.0017699188 0.18026555 -0.07023575 -0.0422498 0.075121455 -0.20005086 -0.13511696 0.093746655 -0.07224878 0.097313575 0.212221 0.08288207 0.16968344 0.19817047 -0.09919263 0.059274092 -0.205115 0.08754933 -0.114949755 -0.019005 -0.16062786 0.117781 0.33547455 0.41382357 0.065000094 0.30880144 0.1385743 -0.28892213 -0.18673016 0.05043154 0.10269117 0.23136881 0.032115873 -0.01572191 0.0027685943
²» -0.28481615 0.2267869 -0.041818336 0.21358883 0.111607574 -0.2401099 -0.036627736 0.31509864 -0.19226418 0.23226629 0.062084675 -0.100572035 -0.156862 0.08596517 0.36711273 -0.28036574 -0.14010106 0.20958291 -0.093763396 -0.14944287 0.0028770072 -0.23828395 -0.08760222 0.0926096 -0.21598138 0.036231667 -0.038782652 0.09243105 -0.34757537 -0.11337822 0.080837056 0.14096138 0.19071819 -0.036767267 -0.08492454 -0.0055585746 -0.10814123 0.068451434 -0.33033374 -0.35227254 -0.2861977 0.0022381619 0.13245426 0.13120538 0.13668427 0.013479746 0.21783473 -0.0034263162 -0.034385197 0.0501609 -0.030112557 -0.12224221 0.03835661 -0.18521558 -0.04741929 -0.22104195 0.21855247 -0.2268732 -0.198083 -0.006518999 0.18771276 0.22767974 -0.14217927 -0.18594946 -0.21851349 0.1937901 -0.30450436 0.48430783 -0.24090223 0.026582357 0.040457826 -0.08344766 0.32269388 -0.11874575 0.0067269546 0.1563261 0.13675846 -0.41206864 -0.3316953 -0.022463975 -0.11819817 -0.4176906 0.2101613 -0.03308948 -0.04283315 -0.08467568 -0.06633863 0.37665138 0.08277298 -0.25162667 0.106076054 0.078848 0.2567396 0.10432916 0.38636664 0.6673965 0.014059284 0.048991602 -0.30620438 0.4160626 -0.2749574 0.098815106 0.010317756 0.09868165 -0.24706218 -0.07716824 -0.2853414 0.23705925 -0.08943726 -0.29385793 -0.18182404 -0.2505646 -0.10020132 -0.13768117 0.016742222 -0.07477811 0.16569932 -0.26220766 -0.07443377 0.064212546 0.08396073 0.18800548 -0.009946291 -0.22686045 -0.04587347 0.3440118 -0.37780505 0.1656891 -0.14925118 0.0034334108 0.039376967 0.1765143 -0.10364853 0.25458008 -0.07209543 0.2803646 -0.12730567 -0.38104123 -0.1258888 -0.014247971 0.025508279 0.10473535 0.19173671 0.049394663 -0.0042763883 -0.012856295 0.014518854 -0.11366983 -0.15066671 -0.095409535 -0.030654004 -0.013685459 0.05601567 0.015712924 -0.17079467 -0.045793805 -0.14288878 -0.056168906 -0.28296843 0.48059455 0.16860543 0.1697092 0.113112584 -0.017361943 0.01939917 0.031641204 0.21723415 -0.1292801 0.0028373876 0.14940985 -0.22409922 -0.16340838 0.10832038 -0.06956735 0.16372772 0.30094215 0.11563908 0.18495396 0.26662043 -0.14205743 0.059945107 -0.21742219 0.17680098 -0.101991184 0.0013431521 -0.1794477 0.1699428 0.46134365 0.564376 0.050789077 0.43961766 0.16953358 -0.33606094 -0.24041988 0.13391805 0.18401562 0.33962637 0.024234748 -0.004362238 -0.047242202
¡¸ -0.1919132 0.15520766 -0.03770766 0.14648254 0.075012624 -0.15586057 -0.028138954 0.20778574 -0.1306931 0.15596032 0.03639162 -0.07565658 -0.10642665 0.050436407 0.2494427 -0.18207943 -0.097577155 0.14424273 -0.0597675 -0.09579802 -0.0063305157 -0.159267 -0.06261379 0.059293192 -0.14913106 0.02345616 -0.033992313 0.059104133 -0.23148063 -0.07086886 0.047237903 0.0959145 0.12984948 -0.029842274 -0.056450088 -0.0045511937 -0.07514613 0.04340943 -0.22460602 -0.23558031 -0.18574911 0.007555972 0.093704626 0.0949412 0.087715685 0.011311722 0.14928626 -0.0072966903 -0.030955764 0.03595456 -0.027233835 -0.08535984 0.026182057 -0.11879865 -0.030306365 -0.14854424 0.14782032 -0.14895745 -0.12859899 -0.005390203 0.12771818 0.15135905 -0.098226175 -0.12565348 -0.14674191 0.12781158 -0.20599951 0.32206708 -0.15659763 0.027295224 0.027518366 -0.055638503 0.21532956 -0.076705165 0.0062984433 0.10405341 0.09337029 -0.2804173 -0.21833725 -0.016174037 -0.078877516 -0.29024768 0.14737181 -0.023784742 -0.032241654 -0.06671543 -0.040471826 0.2553696 0.055921104 -0.16428067 0.06678742 0.047489144 0.16726115 0.06588832 0.25249618 0.44091973 0.010447899 0.032593872 -0.20742849 0.2747378 -0.1838452 0.07032062 0.0030444125 0.06210838 -0.17089142 -0.04307228 -0.19401298 0.16524205 -0.056079134 -0.20438793 -0.11099776 -0.17033194 -0.057144053 -0.089169085 0.008432419 -0.048963316 0.11364003 -0.16939506 -0.049646508 0.05252125 0.058143564 0.11862617 -0.013854697 -0.14281671 -0.033025 0.23363033 -0.25132912 0.11287892 -0.09877617 -0.0021145395 0.02402794 0.10783197 -0.07828726 0.17655216 -0.04226923 0.19100428 -0.075582206 -0.24584965 -0.075907774 -0.011196785 0.014464576 0.07575472 0.123396516 0.03014666 0.001526761 -0.012185874 0.012737988 -0.07297457 -0.10195537 -0.07121691 -0.024734246 -0.0061914367 0.038595054 0.009891431 -0.11828172 -0.03452937 -0.095225796 -0.04448477 -0.19433597 0.32428876 0.11434224 0.113290854 0.07778415 -0.017721348 0.016133595 0.023001017 0.13317062 -0.09038757 0.0028313526 0.09523055 -0.14396906 -0.09997159 0.07011544 -0.054803632 0.11006012 0.20722756 0.08333747 0.12328384 0.1733751 -0.097244576 0.040599722 -0.14966951 0.11701487 -0.07108111 0.006919404 -0.13191096 0.11650219 0.31791255 0.36890423 0.03590534 0.29524383 0.113134995 -0.2266696 -0.1508239 0.09281094 0.12014189 0.2213497 0.020490952 0.0067991633 -0.029482117
Îª -0.25044018 0.20282131 -0.04120585 0.18973953 0.095105775 -0.2128034 -0.035626788 0.27882972 -0.1693463 0.19947277 0.057094764 -0.09033718 -0.14052457 0.076905295 0.31303945 -0.2487058 -0.12123519 0.18333961 -0.07730187 -0.13136786 0.0021837822 -0.20556211 -0.08062568 0.076761626 -0.19586751 0.02602303 -0.031685527 0.08566599 -0.29894397 -0.09376295 0.07646537 0.12627773 0.16197748 -0.033437315 -0.07578262 -0.0034566745 -0.09118254 0.05341719 -0.2935566 -0.3035159 -0.2411111 0.0040787174 0.1164561 0.11423192 0.11670574 0.0119642215 0.19738516 -0.010783031 -0.029375372 0.0465915 -0.028869027 -0.106591545 0.033155583 -0.16359481 -0.04296945 -0.18555164 0.1969702 -0.20108357 -0.17131014 -0.00755977 0.1593019 0.19926053 -0.12190232 -0.16637284 -0.18620048 0.16465724 -0.26471505 0.4202738 -0.2074837 0.029221602 0.032106824 -0.06981265 0.27465042 -0.09692829 0.013019261 0.13518457 0.11998198 -0.35890907 -0.2847726 -0.021430433 -0.099887475 -0.3642917 0.1838263 -0.025269574 -0.033090394 -0.07588437 -0.06159845 0.32450286 0.075020276 -0.21199355 0.090003856 0.06915367 0.2202916 0.087530725 0.33401904 0.57657826 0.0066786064 0.04156136 -0.26782042 0.36333066 -0.23597747 0.09355481 0.015630575 0.09064119 -0.21939912 -0.061558057 -0.24419461 0.21605901 -0.07024015 -0.26204666 -0.15261503 -0.21569811 -0.079853214 -0.117179915 0.014413856 -0.06754282 0.14340492 -0.22991835 -0.07113377 0.064558186 0.07048675 0.16253604 -0.0128505975 -0.19456217 -0.039829247 0.29839092 -0.3268597 0.1444474 -0.12641805 0.00043413165 0.033018243 0.15131867 -0.089571364 0.22066976 -0.06341403 0.24931736 -0.108863354 -0.33115724 -0.10527018 -0.012006471 0.020060746 0.092080824 0.1611121 0.04113205 -0.0020206273 -0.009384498 0.016365634 -0.09179509 -0.13564372 -0.082609475 -0.026589004 -0.008265399 0.0527598 0.01795601 -0.15516879 -0.03770816 -0.12615581 -0.050454475 -0.24372286 0.41289985 0.14619406 0.15108605 0.09774603 -0.016699202 0.01522807 0.026877636 0.18536036 -0.110553354 -0.00013941259 0.1284402 -0.19552603 -0.14127113 0.09294586 -0.067084596 0.1489321 0.2694402 0.1014119 0.1570238 0.22940962 -0.12507765 0.05280523 -0.18811195 0.1570977 -0.09109132 0.0023004562 -0.16596594 0.14301799 0.39944905 0.4832601 0.047786333 0.38031074 0.14741634 -0.29062846 -0.20789431 0.117517166 0.15514813 0.29265967 0.025582088 -0.0060138633 -0.043497935
ÐÇÆÚ¶þ), -0.052810706 0.047875106 -0.009984623 0.042562045 0.023214914 -0.04342811 -0.008536038 0.064542644 -0.03310846 0.04332017 0.013880578 -0.02210281 -0.03615016 0.017707724 0.07168638 -0.059718907 -0.03430106 0.041691173 -0.018072618 -0.030414313 0.0050337533 -0.054290675 -0.013785038 0.015556211 -0.047759324 0.012235084 -0.013179279 0.02378283 -0.0739518 -0.014738017 0.02551699 0.021541951 0.042854227 -0.010954607 -0.020234827 -0.0027144754 -0.017677013 0.015321307 -0.067210265 -0.0683954 -0.06262761 -0.004505747 0.031233078 0.035027176 0.033569757 0.0012625897 0.04233083 0.0056997836 -0.008151436 0.005467244 -0.008223485 -0.019135699 0.0035925491 -0.040534925 -0.012064102 -0.0379384 0.040577374 -0.047598347 -0.03792151 -0.0032409066 0.03690787 0.05088566 -0.033326495 -0.03499499 -0.052069336 0.039163016 -0.059466325 0.09248475 -0.044658005 -0.00031032797 0.0073267072 -0.010454788 0.0650134 -0.018988146 0.00145662 0.028828906 0.02691317 -0.08193026 -0.06442231 -0.012704236 -0.021584954 -0.08396634 0.04658457 -0.004569191 -0.007620613 -0.010874439 -0.018419057 0.079395525 0.016303487 -0.055395212 0.03192021 0.019410096 0.05125672 0.02529621 0.0803999 0.14206707 0.002136242 0.008876623 -0.051016074 0.08058788 -0.050581083 0.018896583 0.005370428 0.023744794 -0.048848167 -0.009828484 -0.043013472 0.050439857 -0.019611444 -0.0598178 -0.03214929 -0.044800695 -0.016069368 -0.02520356 0.008333357 -0.021040935 0.038258065 -0.05898989 -0.011146331 0.014398986 0.023029845 0.045216724 -0.0011285121 -0.03816155 -0.004396606 0.06454232 -0.06658569 0.027807424 -0.026313672 0.0055683944 0.002124761 0.0372668 -0.024273429 0.047460802 -0.011642423 0.05523122 -0.024873598 -0.07620462 -0.023784809 -0.009334502 0.008996152 0.0103705935 0.037780542 0.008390713 -0.0029251287 -0.009751518 0.007596034 -0.017372973 -0.027853452 -0.020234767 -0.0048838467 -0.0035949156 0.011433964 0.007989448 -0.029734371 -0.011806232 -0.035349417 -0.012158571 -0.061380103 0.097771145 0.039095864 0.032471836 0.030667614 -0.011420903 0.0039293445 -0.0034977323 0.044074547 -0.022960616 0.0023106784 0.021314146 -0.04081541 -0.033086054 0.022215988 -0.011074636 0.031202352 0.05722908 0.025192916 0.040343318 0.0421488 -0.030838287 0.0146939065 -0.0378395 0.036692355 -0.019605208 0.002482274 -0.028504333 0.033751227 0.094404995 0.11502955 0.015168339 0.08464125 0.03242478 -0.060248066 -0.051865354 0.0212076 0.03564721 0.062081672 0.0018016316 0.006966561 -0.013740235
20 -0.15730624 0.11808946 -0.03237467 0.12983997 0.06999414 -0.1359208 -0.024978371 0.1732302 -0.09842192 0.11413619 0.03569483 -0.057288952 -0.09915822 0.058830265 0.18950507 -0.15258935 -0.07835464 0.10823545 -0.059737112 -0.08941001 0.0034030161 -0.14544992 -0.040934626 0.049147032 -0.11554785 0.015756942 -0.02009593 0.058525812 -0.19928525 -0.05648257 0.056294344 0.07060532 0.10605596 -0.021516262 -0.045683037 -0.006417523 -0.04803071 0.034285 -0.19547455 -0.19793649 -0.16098416 -0.00043994686 0.08969909 0.08820036 0.07652309 0.0069453074 0.11021378 0.0031873027 -0.0100481 0.029358948 -0.010917469 -0.055078086 0.019256467 -0.10979345 -0.036084045 -0.11296066 0.1316559 -0.14280283 -0.12017467 0.00664444 0.10414237 0.1380926 -0.07779598 -0.10582607 -0.12616414 0.11316512 -0.17484012 0.28245896 -0.13452251 0.0051785703 0.029842399 -0.044289544 0.18408024 -0.04893844 0.009216277 0.08593335 0.07319761 -0.22624409 -0.19136034 -0.024833893 -0.069542766 -0.2244328 0.11464295 -0.018546356 -0.024717398 -0.028110078 -0.037052102 0.20368317 0.027662825 -0.14467987 0.0776984 0.054109037 0.14308113 0.071169816 0.21148668 0.37972882 -0.0108202025 0.022066368 -0.161464 0.22798076 -0.14844216 0.059318308 0.0142969545 0.056706656 -0.14402987 -0.041689232 -0.14142576 0.13837758 -0.044922028 -0.1557709 -0.110241495 -0.13932759 -0.046343315 -0.09207624 0.013858942 -0.053118244 0.0901545 -0.14721157 -0.03726703 0.034809355 0.062034585 0.11317414 -0.0030671533 -0.12819669 -0.0169519 0.18616784 -0.19749793 0.07747342 -0.079105094 0.014055368 0.01947609 0.106982164 -0.05952406 0.12758772 -0.043296304 0.15561 -0.067227066 -0.19962907 -0.07511676 -0.024638353 0.021349687 0.04955535 0.11147611 0.03563406 -0.0035034404 -0.022194587 0.003855922 -0.052963752 -0.076180086 -0.05980767 -0.011234488 -0.010354198 0.04029633 0.013907662 -0.091199234 -0.026001066 -0.08396313 -0.02493285 -0.1612787 0.2560577 0.09795418 0.09920879 0.06766928 -0.021070983 0.005142908 0.0072577014 0.12264114 -0.06610662 -0.012627703 0.07027674 -0.12845199 -0.09883891 0.06126378 -0.043798517 0.08091425 0.1679321 0.061554976 0.106969155 0.12353352 -0.07423435 0.03879635 -0.117455445 0.08777535 -0.05319843 0.01000106 -0.100406766 0.08861625 0.25413385 0.319527 0.043514382 0.24930713 0.09736633 -0.17869903 -0.1324807 0.07377061 0.106303275 0.1840758 -0.00066914846 -0.0008342323 -0.032926142
Ò» -0.27681974 0.21642959 -0.044220805 0.20666538 0.110286966 -0.23081596 -0.041611023 0.29808453 -0.18665306 0.21263613 0.06120645 -0.10119381 -0.15210266 0.07932815 0.34543332 -0.26778403 -0.13675751 0.20691614 -0.09264622 -0.14570643 -0.0020668583 -0.22826809 -0.082102455 0.084698744 -0.21343146 0.03721431 -0.037439387 0.09600034 -0.33618385 -0.1082491 0.08210713 0.14064078 0.17959347 -0.035661113 -0.072737455 -0.012588614 -0.09687957 0.061187137 -0.32032892 -0.3275588 -0.26599914 0.0053134365 0.13409343 0.13025752 0.1338813 0.020641599 0.21742666 -0.01161394 -0.030717291 0.045698408 -0.026674235 -0.11101505 0.031111786 -0.17416824 -0.04785335 -0.20595014 0.20972198 -0.21074384 -0.19354592 -0.005096128 0.17848565 0.21375069 -0.13241816 -0.18259211 -0.20541295 0.17683437 -0.28494626 0.46099678 -0.22819851 0.02995678 0.034053292 -0.077786796 0.30965182 -0.1099329 0.0137473885 0.15215293 0.12511168 -0.38858473 -0.31293505 -0.02088323 -0.10546136 -0.40019506 0.20183617 -0.03348773 -0.045042112 -0.07831911 -0.06451594 0.34956086 0.07648524 -0.24359529 0.10937642 0.07710852 0.2385351 0.1020315 0.36443305 0.6315474 0.0054541947 0.050891798 -0.29689914 0.39932862 -0.2626184 0.094515234 0.0124615375 0.090908796 -0.24237102 -0.06920388 -0.27123147 0.22733039 -0.079774514 -0.2794116 -0.17506245 -0.24068561 -0.09061838 -0.1296425 0.017978908 -0.07277633 0.1552931 -0.25086075 -0.07724668 0.063702025 0.07906432 0.18042724 -0.0131009305 -0.21607882 -0.041990496 0.32321754 -0.3612861 0.1578094 -0.14016126 0.005192044 0.036117435 0.17176968 -0.09723271 0.24158691 -0.066184364 0.2678353 -0.112022445 -0.36265314 -0.116804935 -0.017547661 0.02211385 0.09049077 0.17964213 0.046678424 -0.010312832 -0.012784983 0.014563342 -0.10439916 -0.14646654 -0.09674389 -0.025498524 -0.017911475 0.062008273 0.016756723 -0.16250375 -0.038623422 -0.13106751 -0.06028831 -0.27231726 0.4513245 0.15807286 0.1643292 0.10694052 -0.013401273 0.01610355 0.031686455 0.20985946 -0.12633996 0.0006951727 0.14169931 -0.21139678 -0.15538236 0.10314378 -0.06997865 0.1551023 0.29517108 0.10711195 0.1783256 0.2537717 -0.13748612 0.0525117 -0.21382679 0.16879688 -0.09582155 0.0070921294 -0.17372546 0.15662767 0.4383585 0.5336787 0.04988296 0.4184292 0.16414325 -0.31561047 -0.23076124 0.12845904 0.17116709 0.3237007 0.023570098 -0.00043139345 -0.044320364
Ã× -0.3181105 0.2561051 -0.0484127 0.2403552 0.12853748 -0.2687517 -0.040717714 0.35228172 -0.20801005 0.24520062 0.07077639 -0.11581348 -0.17010868 0.09755026 0.3986128 -0.3129927 -0.15343003 0.23634914 -0.101107 -0.17038953 -0.0037252633 -0.2718081 -0.09616117 0.09922604 -0.24696249 0.040706076 -0.051499363 0.108054064 -0.38886613 -0.114717886 0.0971996 0.16599968 0.21617036 -0.04255664 -0.09199811 -0.0131343575 -0.116550975 0.068003096 -0.3664766 -0.38193265 -0.31458664 0.002174223 0.15184568 0.1513595 0.1500427 0.024051394 0.24733654 -0.008629972 -0.03677544 0.059385523 -0.036158353 -0.1307945 0.040390417 -0.20850794 -0.060911268 -0.24232973 0.24668533 -0.24426116 -0.23107618 0.002127449 0.20405436 0.24859425 -0.15486422 -0.20290728 -0.23742616 0.20757294 -0.32766414 0.53703475 -0.26794872 0.031891745 0.04618381 -0.09473281 0.35738745 -0.13058338 0.010651533 0.18193667 0.15124375 -0.45906538 -0.36244792 -0.026609037 -0.12653749 -0.45729402 0.23547797 -0.038192987 -0.053175997 -0.092282996 -0.07272496 0.40962428 0.08903393 -0.2781589 0.12706926 0.08907338 0.27790087 0.11210537 0.42776743 0.7411508 0.011101731 0.05220713 -0.34046638 0.45405766 -0.30232725 0.109601274 0.019171277 0.1152102 -0.27816674 -0.0818538 -0.30212727 0.26525006 -0.09776602 -0.32543418 -0.20383601 -0.26948994 -0.111991026 -0.1591324 0.013603442 -0.08518863 0.17624336 -0.29300156 -0.08773335 0.07744019 0.091878906 0.21877395 -0.010861546 -0.26022404 -0.048619773 0.37930137 -0.4100501 0.17530255 -0.17022587 0.005625212 0.04244914 0.19929047 -0.11679076 0.27765983 -0.07650536 0.307765 -0.14211722 -0.41716352 -0.14438623 -0.02069444 0.034596276 0.104128845 0.2135149 0.05992819 -0.005403876 -0.01615916 0.015773475 -0.117962 -0.16918662 -0.11292786 -0.031504523 -0.019261248 0.07324272 0.016844304 -0.19087921 -0.054631922 -0.15994535 -0.068521045 -0.314018 0.52006435 0.18620285 0.18734817 0.1280058 -0.023353668 0.018298686 0.030144963 0.2434305 -0.13905492 -0.0008891185 0.16230041 -0.24603996 -0.17890371 0.12512073 -0.07763426 0.1836217 0.33743373 0.12767202 0.19921347 0.2872767 -0.15203828 0.06446277 -0.23921172 0.19280805 -0.11224184 0.0052723074 -0.1968519 0.18940794 0.50519264 0.6247027 0.06001969 0.4812658 0.18127263 -0.36905012 -0.27065262 0.14479549 0.20381486 0.37491468 0.032824326 -0.002916069 -0.059548277
Ê¦ -0.2950394 0.23928693 -0.046542462 0.2219001 0.11867149 -0.24622594 -0.03782753 0.3253997 -0.2024766 0.23069115 0.069943905 -0.107864454 -0.16377257 0.08658393 0.37832588 -0.29755375 -0.14661126 0.22629629 -0.09868535 -0.15799394 -0.0004954554 -0.2486605 -0.0867153 0.096816085 -0.23343645 0.03985819 -0.04150624 0.09631117 -0.35739842 -0.10907529 0.0867596 0.15044418 0.19901827 -0.040917974 -0.08972913 -0.00648823 -0.11107686 0.06546886 -0.34917876 -0.36861083 -0.2973611 0.0017671548 0.14054565 0.14239368 0.13797778 0.02040836 0.23473637 -0.011465702 -0.03372928 0.049904644 -0.0297756 -0.12347932 0.032326538 -0.19632065 -0.057785224 -0.2233384 0.23071176 -0.23656628 -0.21596277 0.0013982484 0.19363132 0.24196856 -0.14471845 -0.19880249 -0.22153395 0.2034076 -0.3158702 0.50352633 -0.2540475 0.030568114 0.0443083 -0.08529832 0.33820546 -0.117449634 0.013055767 0.16302942 0.14002866 -0.43245974 -0.3451279 -0.029330345 -0.1168753 -0.43474275 0.21906002 -0.03580412 -0.04257552 -0.077638105 -0.071716174 0.38875327 0.0892311 -0.25575146 0.113056585 0.08915739 0.26297453 0.11172976 0.3951655 0.6900536 0.009045973 0.0541314 -0.32603574 0.4350472 -0.28285518 0.10795072 0.013988744 0.10503267 -0.26520458 -0.077236705 -0.28378296 0.2519824 -0.09291676 -0.307908 -0.19079146 -0.26069763 -0.10572765 -0.14471987 0.019774208 -0.0794215 0.16312073 -0.2755224 -0.078690335 0.06658806 0.090113886 0.20277502 -0.009698615 -0.2356428 -0.04027531 0.35230413 -0.3833603 0.16673245 -0.16201659 0.0067825825 0.03822328 0.18207127 -0.11328337 0.26123136 -0.0779696 0.29216614 -0.13179353 -0.39357987 -0.12979044 -0.015173121 0.034939896 0.10673127 0.19658607 0.04878644 -0.008056531 -0.012068962 0.010988778 -0.115316495 -0.15874967 -0.104824714 -0.032063566 -0.017490378 0.060919262 0.017099788 -0.18108238 -0.052624334 -0.1446149 -0.06208502 -0.2893799 0.49162632 0.17485787 0.1807036 0.11471866 -0.015150432 0.022445753 0.024923356 0.22488183 -0.13714787 -0.0025780268 0.15167448 -0.2322536 -0.17328459 0.11232961 -0.07809463 0.17227891 0.3191343 0.11593879 0.18632613 0.2692013 -0.14790985 0.06435355 -0.23080298 0.1803928 -0.11241854 0.012845937 -0.1906672 0.17326699 0.4753436 0.5801291 0.053971913 0.45700097 0.1712183 -0.3500849 -0.2503061 0.13309689 0.18775678 0.34862903 0.029016886 0.00056992855 -0.05395192
Óë -0.20974898 0.16823852 -0.035078052 0.15047406 0.08349134 -0.17022249 -0.028410608 0.2251112 -0.14190164 0.1705448 0.046541285 -0.070947275 -0.11141283 0.0639035 0.26471373 -0.20381431 -0.10270952 0.1583252 -0.06078562 -0.1104175 -0.0044799824 -0.17423224 -0.06515621 0.06298608 -0.15609194 0.030850861 -0.031080347 0.06477818 -0.24431136 -0.07726107 0.0575506 0.0998517 0.13932663 -0.033680107 -0.05730458 -0.0047036516 -0.07119945 0.053904846 -0.23570085 -0.24926712 -0.20529428 0.004117764 0.10088941 0.09176012 0.10136261 0.018300274 0.15739664 -0.008127593 -0.026238587 0.033776127 -0.02171847 -0.08875698 0.021879321 -0.13342556 -0.03248556 -0.15354164 0.15550494 -0.16422391 -0.14564283 -0.007760599 0.13174373 0.16636434 -0.09565439 -0.13138586 -0.14900774 0.13435277 -0.21587035 0.3393114 -0.16859196 0.02665178 0.031059925 -0.053461522 0.22417502 -0.08733038 0.005796257 0.11775877 0.09649341 -0.2898907 -0.23781952 -0.011123757 -0.0819922 -0.3054438 0.15145937 -0.023670651 -0.030295677 -0.05809899 -0.04717584 0.26468444 0.064587474 -0.18239653 0.0747074 0.053019512 0.17966734 0.078340806 0.2740519 0.47152597 0.0050648022 0.037013225 -0.22721945 0.29367045 -0.20025446 0.07218372 0.012490305 0.07564737 -0.17984764 -0.055185463 -0.19711986 0.17306444 -0.061476666 -0.21033983 -0.12912655 -0.18093835 -0.068656586 -0.09476536 0.0063540097 -0.055611208 0.121072076 -0.18723206 -0.060852602 0.048682544 0.061405048 0.13316536 -0.0069752154 -0.15777107 -0.039361745 0.24631356 -0.2647418 0.120583214 -0.10689102 0.0013681296 0.024953216 0.121610925 -0.07713226 0.1831428 -0.046978164 0.19857828 -0.08482364 -0.27404833 -0.090965636 -0.013179012 0.015759232 0.076823875 0.13977665 0.028677816 -0.00048676625 -0.004172144 0.014064761 -0.077684246 -0.106988534 -0.06876494 -0.02135185 -0.013194815 0.04533715 0.013367504 -0.12837406 -0.03740809 -0.104881816 -0.04091695 -0.1991969 0.3444191 0.11760476 0.118440405 0.08395516 -0.011695955 0.018499805 0.027147114 0.15539663 -0.092635036 0.004512843 0.099048145 -0.16060688 -0.11311521 0.07410919 -0.056980744 0.12085908 0.22015299 0.08345478 0.13258183 0.18704864 -0.1031274 0.044802036 -0.15754849 0.12875375 -0.07980345 0.0076204385 -0.1395996 0.1274697 0.33245915 0.399171 0.0431511 0.31595173 0.12310288 -0.2423529 -0.17445016 0.089127 0.1270198 0.24069959 0.020419495 0.0024504955 -0.029308118
Æä -0.20408998 0.16728222 -0.031016491 0.15601873 0.0834402 -0.17315938 -0.028973963 0.22151665 -0.14176758 0.16720419 0.048331846 -0.077892534 -0.11105699 0.058032714 0.25823703 -0.20033588 -0.10072841 0.1561751 -0.07011434 -0.10272525 0.0017426854 -0.17233148 -0.0633619 0.06176633 -0.1568682 0.024981687 -0.034959186 0.069935866 -0.24811918 -0.07315463 0.06052849 0.10798546 0.1395544 -0.027210176 -0.060054664 -0.008985432 -0.07780203 0.0459009 -0.23285432 -0.2444791 -0.19726172 0.002631995 0.09461406 0.09367101 0.09187511 0.0180229 0.1572379 -0.0023173045 -0.026253669 0.041192748 -0.020455861 -0.091575086 0.023230828 -0.12846297 -0.038147964 -0.15026434 0.15896156 -0.15629172 -0.14505935 -0.0030032045 0.13605551 0.16310534 -0.09645518 -0.13765545 -0.15319392 0.1312694 -0.20989874 0.3415581 -0.17393017 0.021624915 0.02757569 -0.062054604 0.22338517 -0.084182315 0.0035617684 0.10871796 0.092939295 -0.2919943 -0.22792332 -0.0178204 -0.08120917 -0.29514426 0.15313591 -0.023074346 -0.032215748 -0.06185286 -0.053493015 0.2670048 0.05862586 -0.17723496 0.07731733 0.054482255 0.17881119 0.07037374 0.27247682 0.46953696 0.011814698 0.04281339 -0.22638056 0.29486516 -0.18969004 0.06747105 0.012954248 0.06764848 -0.17454886 -0.05307433 -0.19782254 0.17463207 -0.06273422 -0.20623082 -0.12285432 -0.17795321 -0.06597262 -0.093383074 0.012087261 -0.05892811 0.1192731 -0.18618506 -0.054636367 0.050285615 0.057475 0.13278595 -0.009792041 -0.15578723 -0.030543545 0.24011238 -0.27017444 0.11880821 -0.10557029 0.005872577 0.023616407 0.11919419 -0.07508329 0.17797415 -0.052942254 0.20137225 -0.08979454 -0.2632238 -0.08596794 -0.009727794 0.021788765 0.076407865 0.13048492 0.03039074 -0.007531314 -0.010236096 0.0060293255 -0.081330396 -0.11132345 -0.06857708 -0.020958733 -0.011133267 0.039208863 0.0071538338 -0.12041788 -0.031850122 -0.10270232 -0.045035172 -0.20299873 0.3395445 0.12060433 0.12279667 0.0766954 -0.017347753 0.01182585 0.02736124 0.15132101 -0.092498325 0.001204886 0.10426072 -0.1599937 -0.11610736 0.077993095 -0.05290739 0.116546236 0.21985103 0.083380364 0.13074537 0.1841217 -0.09865207 0.037424717 -0.15956889 0.12895215 -0.07524026 0.0023719585 -0.13101013 0.116395995 0.3338688 0.39781073 0.034950733 0.31174627 0.11673163 -0.24375845 -0.17218974 0.087719604 0.13379171 0.23278081 0.024699248 0.00396186 -0.035030622
±¸ -0.28201315 0.22676377 -0.04211802 0.20669766 0.113046244 -0.238193 -0.038331237 0.30348015 -0.18850945 0.22281778 0.058403432 -0.10798729 -0.15616043 0.08504893 0.3560636 -0.27689844 -0.13658665 0.20416193 -0.09467219 -0.1438032 0.0035433103 -0.23387168 -0.087445326 0.08581819 -0.21054013 0.029305615 -0.04271723 0.09675642 -0.33832094 -0.1016507 0.08051592 0.14545903 0.18243904 -0.043774433 -0.08302881 -0.01352681 -0.10305117 0.059746582 -0.3186361 -0.34195203 -0.27812585 0.0055516916 0.13770624 0.12745444 0.1342693 0.012770203 0.21207094 -0.004432129 -0.032771856 0.051341187 -0.036731534 -0.11364566 0.03143802 -0.1796968 -0.045775965 -0.21548861 0.21381804 -0.21517245 -0.19287546 -0.0014863478 0.17939611 0.2258502 -0.14106107 -0.18560903 -0.2054264 0.18101445 -0.28901902 0.47325626 -0.23297976 0.023898952 0.03824242 -0.080815405 0.30633953 -0.112719186 0.0138382 0.15292569 0.1284358 -0.3969257 -0.32022366 -0.023098184 -0.1146222 -0.41179007 0.21166013 -0.027445555 -0.047226783 -0.07636524 -0.069401555 0.3580672 0.07471885 -0.24491009 0.106157266 0.07931822 0.24320067 0.10550338 0.3692312 0.64359224 0.008723538 0.054283444 -0.30090708 0.40206277 -0.26758987 0.10391939 0.009952859 0.09326708 -0.24643584 -0.06864176 -0.27383146 0.23273602 -0.077256516 -0.2908195 -0.17778815 -0.24104536 -0.09656341 -0.13377121 0.012496247 -0.076348536 0.16422299 -0.25626943 -0.07676443 0.06333141 0.08294286 0.19176735 -0.015355273 -0.217575 -0.0477837 0.336577 -0.3672754 0.15741952 -0.14488694 0.0037312224 0.030901883 0.17184018 -0.10474651 0.24815924 -0.07036798 0.27397916 -0.12355542 -0.3651245 -0.12822594 -0.0119956825 0.027227934 0.094454974 0.18747114 0.04216906 -0.005726457 -0.014483152 0.008467516 -0.11208204 -0.15120614 -0.09989398 -0.032923583 -0.01786205 0.060891144 0.021366224 -0.16618165 -0.043065276 -0.13894947 -0.062780224 -0.2805661 0.45988682 0.16976543 0.16028999 0.11528214 -0.017977986 0.01610917 0.032200396 0.20735113 -0.13004746 0.0009055823 0.13740253 -0.21416217 -0.15571216 0.10439952 -0.07655846 0.16218881 0.30078778 0.11553768 0.1796003 0.25198188 -0.13863547 0.053783897 -0.2197538 0.16770506 -0.100434534 0.010709229 -0.18082257 0.16031298 0.44892165 0.5425915 0.057564333 0.4284299 0.16240111 -0.3236669 -0.2273687 0.13103686 0.18275031 0.33014643 0.032655176 -0.00031802082 -0.05050051
ÉÏ -0.22566853 0.17728773 -0.031685084 0.16843228 0.08934486 -0.18602076 -0.03181028 0.23943745 -0.1469221 0.1785614 0.045243163 -0.085346706 -0.12298838 0.06207639 0.28384346 -0.21957359 -0.11513926 0.163515 -0.071317 -0.112631954 -0.0014289592 -0.18726283 -0.06620592 0.07172151 -0.17422819 0.022314277 -0.034134567 0.0782886 -0.27081078 -0.07863265 0.06517878 0.112913966 0.14535664 -0.032020114 -0.06657659 -0.009673563 -0.082022145 0.052945428 -0.25970507 -0.27368408 -0.21392302 0.0029249676 0.10497317 0.104924425 0.10221084 0.014705659 0.17542776 -0.010338003 -0.02515493 0.042245373 -0.028817171 -0.095719524 0.02447006 -0.14545049 -0.03671901 -0.1695863 0.17602004 -0.16974708 -0.15842214 -0.005404486 0.14452569 0.17308077 -0.10390583 -0.14193758 -0.16586334 0.14467278 -0.23647052 0.3754253 -0.18775944 0.024650564 0.027193993 -0.059965268 0.24380642 -0.08884946 0.0042034043 0.12244845 0.10801493 -0.31833157 -0.2515593 -0.022752853 -0.08831736 -0.3295142 0.16879186 -0.02499962 -0.029915376 -0.060954656 -0.05628683 0.29279697 0.06362392 -0.19053511 0.08478425 0.06299937 0.19004092 0.07791064 0.29325557 0.51055896 0.01210784 0.045078166 -0.24379279 0.32447556 -0.20832893 0.07866542 0.009476122 0.07193939 -0.19144236 -0.051150568 -0.21772258 0.18978553 -0.06638131 -0.22656235 -0.13762945 -0.1889033 -0.074663304 -0.10488494 0.016716447 -0.06272806 0.12738264 -0.20149826 -0.058437157 0.04840198 0.06926416 0.14467469 -0.013634235 -0.17740807 -0.030697385 0.26690271 -0.2918403 0.13046598 -0.11560143 -0.0012152098 0.030639693 0.13843273 -0.08428756 0.19963805 -0.056236487 0.21617155 -0.09224071 -0.29392537 -0.09720983 -0.013115142 0.026075162 0.07342226 0.14695582 0.03710468 0.00074267684 -0.0053645875 0.015548024 -0.08797823 -0.11164306 -0.08089584 -0.019971937 -0.0076688156 0.04248106 0.018477568 -0.13988785 -0.038074814 -0.10868071 -0.048772223 -0.2243446 0.36294848 0.13172692 0.13120094 0.08643241 -0.014783449 0.012536235 0.025979718 0.16831008 -0.10479909 0.005639231 0.10982371 -0.16945186 -0.12011141 0.08168488 -0.061281584 0.1306024 0.23729762 0.09392759 0.13736777 0.20378296 -0.10897942 0.048130292 -0.17562005 0.13432111 -0.08563027 0.009234107 -0.14317645 0.12921195 0.35861558 0.43028975 0.0396844 0.34175748 0.13165218 -0.25634608 -0.18774575 0.1033829 0.14274311 0.26104894 0.018538406 -0.005632249 -0.03182178
¡¿2 -0.051886883 0.042748615 -0.011860806 0.03808082 0.01621717 -0.04953971 -0.0016203038 0.06024576 -0.031208977 0.03688615 0.00974598 -0.018525576 -0.024396224 0.0084552625 0.06363237 -0.049077574 -0.025096389 0.039241694 -0.012674051 -0.032566596 -0.0010302213 -0.049173772 -0.0117468685 0.019692667 -0.04001656 -0.0032556385 -0.0066835377 0.01360579 -0.068040095 -0.027720168 0.015830738 0.03312785 0.03679359 -0.008838413 -0.010805183 -0.007850861 -0.022133393 0.0065356568 -0.06682858 -0.06829428 -0.052458268 -0.00023765228 0.021118911 0.02874243 0.024805093 0.006693628 0.04184749 -0.003010785 -0.0075671976 0.010810661 -0.0070927436 -0.029489128 0.0026216817 -0.036967054 -0.0129846595 -0.035482004 0.046370175 -0.042494904 -0.040344853 -0.0040721567 0.030273968 0.04129297 -0.024088396 -0.04088362 -0.04391665 0.04228537 -0.05883917 0.087926336 -0.052371655 -0.0017868571 0.00677099 -0.014356168 0.061066277 -0.019216873 0.009871453 0.023606895 0.019761927 -0.08543327 -0.07145764 -0.007862824 -0.025372477 -0.07942149 0.0407056 -0.008079379 -0.008119245 -0.014681086 -0.015105469 0.06593067 0.014423908 -0.044942264 0.02528249 0.021000985 0.046384 0.024315573 0.07519075 0.12565838 0.0015938727 0.014541671 -0.06287933 0.07712099 -0.04873752 0.018575877 0.005600541 0.01715144 -0.052322026 -0.014302041 -0.05174397 0.044327416 -0.012379409 -0.06445798 -0.037013415 -0.044162244 -0.01744671 -0.024781553 0.004470865 -0.010005531 0.027159227 -0.04920925 -0.008225991 0.011064701 0.019934308 0.03228721 0.009372215 -0.04943762 -0.013077122 0.058724895 -0.07681828 0.032867532 -0.027917368 0.00048354449 0.0063287173 0.03141263 -0.02173181 0.049890153 -0.012922356 0.04479137 -0.026131812 -0.06744627 -0.019448375 -0.0017015403 0.005325154 0.014231275 0.04175478 0.008823223 -0.00088017597 0.0007975225 -0.00292965 -0.027907472 -0.027080646 -0.020202154 -0.007673668 -0.009477139 0.008448337 -0.00035314407 -0.026130278 -0.01677865 -0.022982027 -0.0034683098 -0.052332923 0.09842291 0.03313449 0.03212779 0.027750036 -0.008741792 -0.0033939863 0.0066285925 0.040224962 -0.022235207 0.0023299349 0.033577424 -0.04473295 -0.028111381 0.027771406 -0.017465185 0.030576149 0.05631846 0.021510914 0.03179527 0.04504492 -0.025543401 0.018221315 -0.041218217 0.03393245 -0.022315087 0.005772748 -0.038328018 0.030961426 0.09186348 0.111069225 0.01672679 0.07775621 0.026228828 -0.0624271 -0.04491672 0.027169654 0.03143435 0.06732949 0.005344686 0.0053467904 -0.010456102
(Sat -0.14595032 0.1017866 -0.0266108 0.111192554 0.06275282 -0.12359614 -0.016199866 0.15657507 -0.08575559 0.10574639 0.035211187 -0.054754756 -0.0841895 0.04553027 0.17095052 -0.14308535 -0.07652173 0.09790705 -0.049648475 -0.07874274 0.0013602645 -0.12583016 -0.03624046 0.04841676 -0.10092742 0.011950809 -0.025271567 0.048954826 -0.18077408 -0.051880233 0.053854473 0.06954469 0.09755195 -0.023674425 -0.04940023 -0.0017465996 -0.050540183 0.025796235 -0.17949705 -0.17474127 -0.14694582 -0.0076463087 0.08193171 0.07277065 0.06987256 0.0026796113 0.09593646 -0.00075518613 -0.014480409 0.023933463 -0.013314631 -0.053100772 0.015271753 -0.10346358 -0.028443595 -0.10680899 0.11987502 -0.1205278 -0.10680391 0.0023226526 0.08612308 0.12339868 -0.07304256 -0.096382536 -0.11627776 0.10740588 -0.14987935 0.24813543 -0.112785846 0.006514549 0.019238533 -0.03360736 0.168138 -0.044011455 0.0066524693 0.07723237 0.065073214 -0.20751822 -0.16495256 -0.026962645 -0.060776614 -0.19988264 0.10084453 -0.014993437 -0.017215874 -0.024122538 -0.03213022 0.17478631 0.03310762 -0.13355641 0.07046744 0.043244477 0.119930096 0.060440417 0.18706337 0.3456177 -0.008594147 0.029743832 -0.14446321 0.19980231 -0.12991582 0.051662937 0.008317888 0.048422188 -0.12849273 -0.04081798 -0.12339783 0.11244585 -0.04025155 -0.13991082 -0.09323405 -0.11403041 -0.042276718 -0.07753182 0.0127527695 -0.04731644 0.07640988 -0.13141833 -0.03873095 0.025791334 0.060966413 0.1108751 0.0009410036 -0.11695513 -0.016530622 0.15869899 -0.17766713 0.077808514 -0.071741425 0.0047336034 0.008459846 0.089570045 -0.060882095 0.11777377 -0.037381146 0.13986923 -0.059122816 -0.18388347 -0.06750212 -0.016972901 0.019601962 0.04090933 0.095032446 0.026631799 0.004273647 -0.020170735 0.0010292184 -0.04911498 -0.07381511 -0.055392377 -0.008442364 6.755849e-05 0.040753625 0.0069348426 -0.08221213 -0.03213675 -0.072556905 -0.021195147 -0.13822164 0.23399659 0.08815148 0.08131734 0.06301864 -0.020424133 0.006892569 0.0057011647 0.11111428 -0.057436667 -0.0068455013 0.065816976 -0.11382378 -0.08829903 0.059849013 -0.036207814 0.07652785 0.14579983 0.058218334 0.093070775 0.110047825 -0.068349116 0.03436706 -0.10337138 0.07723312 -0.051969107 0.0057880767 -0.082699575 0.07141923 0.22187412 0.28324848 0.040736444 0.22246926 0.09009209 -0.1520219 -0.119764954 0.064856164 0.09544273 0.17462625 -0.001551601 0.004101077 -0.0341202
Éä -0.32276574 0.25829405 -0.057311207 0.24786346 0.12519093 -0.26677546 -0.04934413 0.35318854 -0.2183778 0.25707898 0.07763978 -0.11637478 -0.1806673 0.0892843 0.40712202 -0.31637242 -0.16545662 0.24054305 -0.10511379 -0.16885962 0.00040093838 -0.27530524 -0.10074408 0.100091286 -0.2526243 0.038738273 -0.044599183 0.11002344 -0.39633512 -0.12351418 0.09543361 0.16668418 0.21860492 -0.04591821 -0.093950026 -0.017268961 -0.114226334 0.0762299 -0.36830646 -0.3892297 -0.31774294 0.0016289696 0.15887985 0.14563906 0.15563409 0.019835552 0.24843264 -0.0067952336 -0.037882894 0.06369708 -0.038441204 -0.13328777 0.03743697 -0.21349606 -0.05598649 -0.24135074 0.250194 -0.24957179 -0.22484116 -4.9730046e-05 0.20335084 0.25489753 -0.15844674 -0.21058196 -0.2390499 0.2133289 -0.34084395 0.5432772 -0.26577768 0.027548907 0.045412384 -0.08714034 0.3648163 -0.12701698 0.007202235 0.18165822 0.15180801 -0.45951384 -0.37101212 -0.031108813 -0.12593862 -0.47423306 0.23672152 -0.0408561 -0.04419419 -0.09488212 -0.078764066 0.4215372 0.09568191 -0.27650696 0.12784897 0.095861755 0.2801823 0.117707975 0.42868602 0.7468361 0.015135053 0.059212945 -0.35265097 0.46068776 -0.31028464 0.1143231 0.019932775 0.11693471 -0.28114542 -0.08586001 -0.30776104 0.27126947 -0.09831144 -0.33540004 -0.20157662 -0.2805884 -0.10664042 -0.1567022 0.022565601 -0.08816673 0.18504974 -0.30377448 -0.08957827 0.078520976 0.09573624 0.21508238 -0.0068633766 -0.25747085 -0.050007883 0.38053665 -0.42186683 0.17929862 -0.17419517 0.0076949005 0.042744096 0.19573608 -0.11351309 0.28372753 -0.07595991 0.32151535 -0.13444188 -0.43098465 -0.14953546 -0.013645275 0.028684821 0.11002485 0.20978315 0.057069227 -0.010384552 -0.016969368 0.013249809 -0.12537202 -0.167651 -0.11155899 -0.032095227 -0.015366767 0.07472767 0.024069691 -0.19903868 -0.04699929 -0.16570014 -0.07117449 -0.32218564 0.53046113 0.19504698 0.19078676 0.1258293 -0.022136128 0.02565845 0.031015119 0.2420215 -0.14047262 -0.003810542 0.16534007 -0.25313854 -0.18261404 0.12817812 -0.085411794 0.18940131 0.34339145 0.12842095 0.20868477 0.29415748 -0.1540294 0.06874137 -0.25001085 0.19435555 -0.11404224 0.006222997 -0.19941422 0.1871225 0.5202004 0.631794 0.06556332 0.4956125 0.19017285 -0.3823832 -0.27219322 0.14796828 0.20876679 0.3826799 0.028257584 -0.007841965 -0.058313474
·¢ -0.27087924 0.21663897 -0.049385313 0.19973208 0.10454635 -0.22776788 -0.033363074 0.29076594 -0.17733437 0.21123178 0.056899562 -0.0949139 -0.14484943 0.07496879 0.3358905 -0.26675028 -0.13925637 0.20334977 -0.09008713 -0.14560464 -0.00040971453 -0.22868559 -0.07667582 0.09058584 -0.20569041 0.030999579 -0.04245195 0.085937 -0.3270106 -0.105048575 0.07511663 0.13846269 0.17722613 -0.033899046 -0.07412476 -0.012632572 -0.094631 0.05788064 -0.31468558 -0.3312726 -0.2616229 0.0031849016 0.13097218 0.12196843 0.13045885 0.017080849 0.20394926 -0.010006867 -0.029112024 0.04490483 -0.034723308 -0.1138231 0.03293266 -0.17644513 -0.05128373 -0.20486876 0.2079584 -0.21040232 -0.18806659 -0.0053759883 0.17461832 0.21117546 -0.1310921 -0.17187797 -0.19865638 0.17836092 -0.284111 0.44960344 -0.22111739 0.025780207 0.03510825 -0.075269125 0.2972943 -0.10365358 0.012136967 0.1455521 0.13121207 -0.3824019 -0.31084278 -0.023402466 -0.11227829 -0.39556468 0.20127735 -0.029692924 -0.037276354 -0.07469535 -0.067042306 0.34844536 0.075936906 -0.23821974 0.09717591 0.07584394 0.23395999 0.09730531 0.3630782 0.62648493 0.008318362 0.05328478 -0.2869368 0.3918955 -0.25300923 0.096270055 0.013646242 0.09035609 -0.23823203 -0.067048095 -0.26148888 0.2257618 -0.07510082 -0.2789241 -0.17036754 -0.2334138 -0.090908885 -0.12706779 0.014003263 -0.07812366 0.15942724 -0.24761292 -0.07334189 0.063603684 0.08069784 0.17712544 -0.011878967 -0.21034844 -0.04236798 0.31938285 -0.3509835 0.15045752 -0.14400394 0.0069037713 0.03282318 0.16588318 -0.09464155 0.23445287 -0.066056706 0.25932047 -0.11512539 -0.35307008 -0.119863704 -0.016207704 0.02158057 0.095522605 0.18239722 0.050736103 -0.0017414839 -0.009890023 0.0141679775 -0.10696665 -0.14687066 -0.09519145 -0.026787838 -0.009126157 0.061004307 0.016560202 -0.16660851 -0.03859579 -0.1338265 -0.052905552 -0.26679188 0.45006034 0.1603908 0.15283757 0.103898354 -0.02212618 0.019680936 0.029239362 0.2041392 -0.12137609 0.003518235 0.13900122 -0.20254393 -0.15274498 0.1011542 -0.06627963 0.15661052 0.28653982 0.112466365 0.17315763 0.24607019 -0.1333427 0.051158022 -0.21064417 0.1583587 -0.09725467 0.0072310343 -0.16939074 0.15853934 0.43342248 0.52558625 0.051815845 0.40894967 0.15366374 -0.31264597 -0.22839312 0.12159115 0.17024569 0.31556043 0.025849925 -0.004207593 -0.043763965
ºÍ -0.2822667 0.21868299 -0.04609654 0.20993747 0.11114063 -0.23239098 -0.03643047 0.3023047 -0.18561816 0.22246495 0.065402955 -0.099645905 -0.15673819 0.078922726 0.3535102 -0.2769209 -0.14119078 0.20294513 -0.09469235 -0.15245263 0.00047913258 -0.23634525 -0.08618025 0.089616194 -0.21722181 0.033355817 -0.038733162 0.09433688 -0.3373281 -0.10718256 0.078261234 0.13717031 0.18102162 -0.034762006 -0.07580984 -0.0064338935 -0.096434444 0.06266317 -0.3244292 -0.34156817 -0.27272367 0.0063618314 0.13724744 0.12891272 0.13690895 0.017543612 0.21862492 -0.004529966 -0.033625305 0.05400823 -0.029928599 -0.119725965 0.033613198 -0.17702468 -0.044786975 -0.20761834 0.21302389 -0.2238343 -0.20079233 -0.00074640225 0.18255794 0.21765693 -0.13494496 -0.18156007 -0.21425584 0.18272305 -0.28804493 0.4673523 -0.22760633 0.030190112 0.041409988 -0.07551163 0.3158761 -0.11415777 0.005502075 0.15864727 0.13546787 -0.39840576 -0.32200494 -0.023355316 -0.1156619 -0.40547323 0.20619284 -0.03220238 -0.043476198 -0.07281436 -0.0665769 0.36189952 0.081827454 -0.24403526 0.10411467 0.08369497 0.24421102 0.10478133 0.37371558 0.64253575 0.005330153 0.046499886 -0.2997262 0.4005908 -0.26203698 0.09750466 0.017828599 0.10054073 -0.2447408 -0.07645036 -0.26656964 0.23091991 -0.07744015 -0.28788394 -0.1750089 -0.24527472 -0.09103299 -0.13638386 0.01573437 -0.079433136 0.16153821 -0.2581867 -0.07601571 0.061407596 0.07650445 0.18807638 -0.005815685 -0.21929239 -0.042966265 0.33159766 -0.35687384 0.15517528 -0.1479415 0.0075032976 0.041160166 0.17270558 -0.1017087 0.2503206 -0.0697062 0.27207807 -0.12121335 -0.37137952 -0.1232987 -0.014873944 0.030885046 0.09941559 0.18705629 0.048497178 -0.0012825378 -0.0146619165 0.012812878 -0.109418966 -0.15080996 -0.096410945 -0.026119977 -0.016733052 0.05384618 0.021556206 -0.17135465 -0.04206699 -0.14005625 -0.05690694 -0.27566826 0.46363723 0.16844876 0.16738914 0.107546955 -0.018669996 0.016273815 0.028688729 0.2118635 -0.1259139 -0.0036695849 0.14228852 -0.21497169 -0.15690036 0.10925885 -0.068755016 0.16508907 0.29609433 0.10813231 0.1745606 0.254377 -0.13259636 0.05186686 -0.21719873 0.1748076 -0.10198825 0.009563109 -0.17175879 0.16501762 0.44507214 0.54685706 0.054449033 0.4241267 0.15761991 -0.32429713 -0.23016445 0.12921402 0.1733093 0.32341176 0.023159878 -0.00042250153 -0.040592846
ÁË -0.20155199 0.16239655 -0.035700057 0.15502673 0.075336896 -0.16934323 -0.02907439 0.22130868 -0.14228292 0.16172273 0.041538656 -0.07737649 -0.11117663 0.061208528 0.2507639 -0.19839145 -0.101972915 0.15536447 -0.06606445 -0.100130625 -0.004148999 -0.17175184 -0.061792895 0.06583052 -0.15731819 0.02793434 -0.02561871 0.06630714 -0.244025 -0.080667116 0.05360175 0.09859421 0.13086961 -0.02717662 -0.053282276 -0.0055132206 -0.07502826 0.04737253 -0.2298455 -0.24138303 -0.19734766 0.0017965916 0.09883748 0.08964736 0.09397584 0.011345326 0.15854476 -0.0019176436 -0.027734311 0.04004096 -0.026925515 -0.086364836 0.019298812 -0.13402557 -0.03426889 -0.15415782 0.14991431 -0.15245728 -0.14415877 0.0006568307 0.12998585 0.1547542 -0.09428906 -0.13162832 -0.14895497 0.13401078 -0.21156059 0.33514798 -0.17292206 0.026529316 0.0313341 -0.056079406 0.22207902 -0.078655384 0.007758006 0.10743464 0.09443682 -0.2884515 -0.232369 -0.013719476 -0.07654674 -0.29267922 0.15330413 -0.026180489 -0.035935234 -0.058879998 -0.042139843 0.26653183 0.05297942 -0.17002864 0.079619385 0.056019798 0.1724085 0.07217316 0.27207258 0.46148652 0.009508764 0.040346436 -0.21762837 0.29008877 -0.19525017 0.07485608 0.0120678255 0.071676284 -0.17487329 -0.04929425 -0.19800198 0.17368189 -0.055150315 -0.20877703 -0.11862849 -0.17751214 -0.06706823 -0.08970004 0.008848322 -0.058809463 0.118181095 -0.18569031 -0.050024405 0.047156632 0.057360183 0.13432033 -0.007954037 -0.15518378 -0.03128608 0.2391078 -0.2575052 0.11537175 -0.1079201 0.0063542225 0.0300952 0.116295815 -0.07532942 0.1780757 -0.046956856 0.1973436 -0.08492591 -0.26149005 -0.08990247 -0.004081361 0.02189009 0.07088828 0.12807028 0.035255592 0.00037371548 -0.0065244604 0.0063823434 -0.07847719 -0.103805825 -0.073049754 -0.020416055 -0.011108744 0.042301588 0.011494872 -0.1274323 -0.035431027 -0.09610488 -0.04253805 -0.2007583 0.33036542 0.11836404 0.11284752 0.07576546 -0.008196785 0.0117400605 0.027383104 0.15412024 -0.095004335 0.0010682393 0.10241005 -0.15725091 -0.11580807 0.072888225 -0.052358396 0.11938476 0.21535003 0.08165065 0.12870862 0.18614681 -0.09322913 0.040790625 -0.15248156 0.118861824 -0.07504587 0.009239694 -0.12522517 0.12125109 0.3258918 0.39040893 0.04277969 0.30395824 0.1118767 -0.23356213 -0.1710935 0.09144812 0.13143662 0.23232771 0.016721928 -0.003927765 -0.03012925
Ç° -0.23461613 0.18463165 -0.03420582 0.17342618 0.0959462 -0.19799839 -0.027043665 0.26130205 -0.16227673 0.1907844 0.052843634 -0.09002153 -0.13021891 0.070034444 0.2959613 -0.22848487 -0.12193199 0.1769134 -0.071695626 -0.12825736 -0.0008713014 -0.1972278 -0.07359672 0.07897302 -0.1802802 0.023938868 -0.034781054 0.08275995 -0.28496706 -0.09178274 0.06906964 0.11877428 0.15364896 -0.034417793 -0.06511295 -0.008032307 -0.0806328 0.04858221 -0.27631518 -0.2833481 -0.22814481 -0.00057600695 0.10846662 0.10435024 0.11606089 0.013706395 0.18254662 -0.0068597496 -0.027906269 0.048309274 -0.029699907 -0.09548639 0.026376728 -0.15060656 -0.039364237 -0.17369534 0.18075465 -0.18849957 -0.16282049 -0.0026219038 0.15172112 0.19185333 -0.11840936 -0.1574411 -0.18103588 0.15652457 -0.24507472 0.3956422 -0.19756562 0.022829631 0.033219464 -0.05980412 0.2654271 -0.09364787 0.005605698 0.13028389 0.10990816 -0.34022346 -0.2701776 -0.015954385 -0.09062071 -0.3495201 0.173623 -0.030703574 -0.032794073 -0.06415944 -0.058190938 0.3017644 0.071532235 -0.20154414 0.08734376 0.06487504 0.20302865 0.08404341 0.3150061 0.5427058 0.012662771 0.039098185 -0.2530236 0.34358287 -0.21876366 0.080980465 0.015212403 0.084922716 -0.20322582 -0.06125669 -0.23299047 0.19663246 -0.071056604 -0.24204533 -0.14451057 -0.20548221 -0.08077565 -0.10599895 0.009759881 -0.06073039 0.13138627 -0.21132118 -0.067295335 0.054274347 0.06705394 0.15185454 -0.00976672 -0.18833959 -0.041450154 0.2841323 -0.30689105 0.13856782 -0.12566513 0.002271085 0.031540245 0.13997729 -0.08781042 0.21416931 -0.05472356 0.22670612 -0.09480743 -0.306261 -0.104387015 -0.006606275 0.01848942 0.08357946 0.15051062 0.038622927 -0.00091318815 -0.01175314 0.015619257 -0.09193706 -0.12231674 -0.07963141 -0.024350239 -0.013836597 0.044449896 0.013885747 -0.1383039 -0.042186633 -0.121318944 -0.048190955 -0.23298052 0.3928828 0.14197193 0.14266513 0.09649356 -0.0138278045 0.017157996 0.024490409 0.17544714 -0.110508114 0.0016148334 0.123419076 -0.1798821 -0.13272858 0.086661294 -0.058790985 0.13470343 0.24461722 0.09665531 0.15247782 0.21522161 -0.115823306 0.04485883 -0.18540636 0.14557149 -0.084841825 0.004429457 -0.15508568 0.14038433 0.3837541 0.45977423 0.044198066 0.3562951 0.13838509 -0.2747504 -0.19348314 0.10242498 0.15082304 0.27197 0.028047834 0.0033960904 -0.032583397
the -0.11890981 0.09265516 -0.020465564 0.09265522 0.050618786 -0.10059411 -0.019138282 0.13806011 -0.075653315 0.091565095 0.02112354 -0.049465366 -0.071291514 0.034712903 0.14944214 -0.119356066 -0.06268933 0.08788918 -0.041205693 -0.059525464 0.0020202096 -0.1076593 -0.03095704 0.04025019 -0.090262935 0.013725139 -0.018790942 0.04188231 -0.14373782 -0.048783652 0.03272072 0.059437443 0.07522743 -0.018215243 -0.039463863 0.0013997629 -0.045271087 0.022984108 -0.14193298 -0.14732827 -0.11445641 -0.0027929402 0.05267864 0.059719812 0.05744465 0.00946865 0.094841905 -0.0060493215 -0.009960561 0.026423786 -0.01648408 -0.049044937 0.011918803 -0.08282439 -0.025167994 -0.09382579 0.09385403 -0.09896376 -0.08635504 -0.0043952004 0.0808174 0.090202734 -0.05920398 -0.078201324 -0.094376825 0.0823249 -0.12107456 0.20136508 -0.10396492 0.009994105 0.020961197 -0.030615274 0.13988082 -0.04221676 0.0038450747 0.06753656 0.061033733 -0.17776406 -0.13839142 -0.011820325 -0.04328993 -0.17857783 0.0886308 -0.013324483 -0.018770237 -0.027503284 -0.02550608 0.15298858 0.02736875 -0.11064123 0.046447683 0.03427119 0.10100361 0.04455302 0.15852198 0.2798606 -0.0009014226 0.021755334 -0.124892935 0.1766489 -0.11831954 0.04468419 0.0038298885 0.042660248 -0.101762846 -0.03560051 -0.11714457 0.10495652 -0.030521212 -0.12100913 -0.072124936 -0.10409481 -0.038881976 -0.061989218 0.007935436 -0.032424502 0.07318084 -0.11160139 -0.032232564 0.024340881 0.03841409 0.08754008 -0.0021777516 -0.09764802 -0.012268953 0.14676343 -0.15222594 0.06495529 -0.05806817 -0.003475687 0.013223914 0.07752515 -0.046273023 0.10334873 -0.02828758 0.122087434 -0.052235197 -0.15567236 -0.05570779 -0.008587761 0.012164278 0.04015552 0.077229515 0.022962322 0.0005121143 -0.002946379 0.008626912 -0.04782737 -0.06835378 -0.044224285 -0.013330196 -0.009977322 0.025333434 0.013482707 -0.0776192 -0.023082098 -0.05686557 -0.019593537 -0.121439755 0.20504004 0.07362769 0.075867705 0.05215754 -0.010791892 0.009590967 0.008490572 0.09298289 -0.054785833 -0.005363765 0.060126983 -0.09848714 -0.071460605 0.050374195 -0.032655876 0.067237794 0.12457946 0.045848418 0.074234754 0.10503476 -0.057003543 0.0200377 -0.09167813 0.07234608 -0.04281744 -0.0004503313 -0.07673407 0.06423316 0.19474427 0.24261238 0.027062362 0.18877135 0.07073916 -0.1430971 -0.10053662 0.053034887 0.0765057 0.13690874 0.005116971 -0.003229245 -0.021075606
Sep -0.15320113 0.11288475 -0.027904684 0.12012471 0.07412057 -0.1309768 -0.019910509 0.16498554 -0.10020434 0.11473441 0.032093685 -0.06045154 -0.09613567 0.055723645 0.18216026 -0.15806924 -0.07460751 0.10909553 -0.05923257 -0.08479189 -0.0020375645 -0.13679749 -0.043927625 0.053299826 -0.11839288 0.013017371 -0.024515502 0.05050401 -0.1951032 -0.05367711 0.05415867 0.075469926 0.10268716 -0.017330995 -0.046419784 -0.0051045544 -0.046335895 0.026620446 -0.19133736 -0.18437639 -0.15728557 -0.0024297338 0.08065817 0.08020448 0.081438385 0.0050427564 0.10932554 -0.001313432 -0.007916237 0.025190635 -0.011698625 -0.05619426 0.021726578 -0.11241953 -0.040164012 -0.111439005 0.1261091 -0.13646382 -0.121883504 0.0015705709 0.095841646 0.13391766 -0.07491616 -0.09810344 -0.1297282 0.11568973 -0.1662749 0.26794884 -0.12697849 0.00548287 0.030865502 -0.04421233 0.17960249 -0.045979444 0.012098888 0.087614015 0.07041948 -0.2193194 -0.17972666 -0.026339203 -0.05791323 -0.21824723 0.112678364 -0.020515079 -0.016740028 -0.023676772 -0.032713715 0.19598949 0.03312047 -0.13897628 0.0719134 0.04738879 0.13706884 0.06195719 0.20419483 0.37103903 -0.014086297 0.021467062 -0.15633132 0.21354845 -0.1409182 0.054473013 0.009771044 0.049702164 -0.13807404 -0.040611655 -0.13155481 0.122558504 -0.040551502 -0.1440541 -0.100210585 -0.12588055 -0.05159956 -0.08628517 0.016269594 -0.041869015 0.083222315 -0.14940299 -0.043146055 0.035496436 0.0622822 0.11674281 -0.0074738967 -0.12157738 -0.0079318965 0.17314191 -0.1925129 0.0737147 -0.0797461 0.005852228 0.017470198 0.102175064 -0.06005951 0.13174927 -0.043656323 0.1476229 -0.06559501 -0.19816428 -0.078302845 -0.027454771 0.016222212 0.047911834 0.106349394 0.026117338 0.00010301051 -0.02269332 0.002530033 -0.049383152 -0.08120212 -0.05896328 -0.012548809 -0.0064930688 0.038205907 0.013033846 -0.088550776 -0.024915133 -0.07826053 -0.025405057 -0.15073425 0.24557813 0.10272847 0.090127096 0.071516484 -0.017106626 0.015368389 0.0035831872 0.12390602 -0.06649682 -0.012302123 0.07575171 -0.12554954 -0.08744 0.06587965 -0.044949125 0.07701226 0.15697077 0.06205194 0.09698865 0.12628122 -0.08140128 0.036181424 -0.106017426 0.09294998 -0.052963834 0.0068933773 -0.08926048 0.07757055 0.24181774 0.30760378 0.038113397 0.23349048 0.09785508 -0.16402408 -0.12640867 0.07638619 0.10335981 0.18066265 0.0010392872 0.00012057014 -0.03667236
»ð -0.26789498 0.21956716 -0.044632208 0.20196933 0.106553935 -0.22326975 -0.031234175 0.2944454 -0.18371886 0.2061661 0.06118368 -0.0934419 -0.14332777 0.08081161 0.3389148 -0.2669704 -0.13503005 0.20421539 -0.08720916 -0.14291519 0.0039818925 -0.23032139 -0.08588135 0.08221769 -0.20775339 0.029468955 -0.038108096 0.08855511 -0.3217508 -0.10051989 0.07441059 0.13183078 0.17746638 -0.03637462 -0.073065735 -0.009115789 -0.099708304 0.06171971 -0.31159016 -0.32998845 -0.2639581 0.0032135455 0.13384895 0.1238529 0.12403495 0.017026015 0.20383105 -0.004146245 -0.037837066 0.046223067 -0.03326623 -0.11531123 0.03546191 -0.17682016 -0.042698886 -0.2032404 0.20363583 -0.20600158 -0.19298649 -0.0036627115 0.1703507 0.2093513 -0.12752423 -0.179273 -0.19695751 0.18325217 -0.28215832 0.4555362 -0.22342412 0.022912515 0.039754964 -0.07068865 0.2978035 -0.10536273 0.0063234363 0.15197434 0.12763444 -0.38264084 -0.3088298 -0.021575557 -0.10620006 -0.3887107 0.20070054 -0.029833434 -0.04496941 -0.07652979 -0.06133233 0.34697983 0.07205494 -0.23316453 0.09992927 0.07516079 0.23584731 0.09431952 0.3558803 0.61757606 0.0041902624 0.047673345 -0.2855857 0.39003026 -0.25070754 0.09468 0.0093936045 0.097460404 -0.23301893 -0.06534899 -0.26171476 0.22177176 -0.08169316 -0.27660242 -0.16811614 -0.22865129 -0.08779591 -0.13040146 0.017757298 -0.074987575 0.1496811 -0.24781628 -0.07898114 0.063233644 0.07935001 0.18401532 -0.012654746 -0.208439 -0.040998872 0.32107294 -0.3519877 0.1494883 -0.13893321 0.0068278993 0.035699215 0.16643745 -0.1024693 0.24197927 -0.065254636 0.2626127 -0.11965689 -0.3551318 -0.118541986 -0.015780022 0.0255122 0.09037052 0.17711176 0.050128542 -0.0008285297 -0.012049132 0.008580191 -0.10516785 -0.13959889 -0.08939878 -0.030896993 -0.017721498 0.055790976 0.015995443 -0.16287217 -0.039296076 -0.13357724 -0.055168282 -0.26784262 0.44278112 0.16249448 0.15617196 0.11032273 -0.021387292 0.020900095 0.022745023 0.19899553 -0.12316786 -0.0011435866 0.13601889 -0.20282046 -0.15458122 0.0989122 -0.06901674 0.15121315 0.28020248 0.11251607 0.17049639 0.24840277 -0.1285772 0.053614013 -0.2040156 0.16331466 -0.09696227 0.0010394093 -0.16730545 0.15462469 0.4262162 0.52377784 0.051502056 0.41306597 0.1568697 -0.31415996 -0.220068 0.126386 0.16789722 0.31417796 0.022774229 -0.0028805963 -0.044882998
·É -0.20688759 0.16754632 -0.03337758 0.153418 0.079853855 -0.16874889 -0.024623867 0.2224799 -0.14109336 0.16745104 0.041825186 -0.070592456 -0.114319414 0.059146486 0.2648255 -0.20287856 -0.102466926 0.15720212 -0.06582463 -0.1055153 -0.0056138593 -0.16775937 -0.061309837 0.06498237 -0.15617613 0.027202869 -0.028417526 0.06354589 -0.25013626 -0.082042806 0.052209545 0.1019975 0.13885495 -0.026610253 -0.055822592 -0.0057587856 -0.07462847 0.04449003 -0.2359429 -0.2480554 -0.19553778 0.002223686 0.1021072 0.09778567 0.10257439 0.01152226 0.15613669 -0.0062309285 -0.02934411 0.03312105 -0.028092435 -0.08316518 0.02648101 -0.13287666 -0.038643777 -0.15750188 0.162061 -0.16182545 -0.14869261 -0.0022439712 0.13072366 0.1659047 -0.099775404 -0.1369702 -0.15795185 0.12996422 -0.21507479 0.34143513 -0.16648984 0.018006094 0.02233867 -0.062105086 0.23060264 -0.08517953 0.009406283 0.1161482 0.0977679 -0.29106766 -0.23897767 -0.0119231455 -0.08648749 -0.29770526 0.15248652 -0.020212622 -0.0260346 -0.064307556 -0.050525244 0.26272696 0.06102762 -0.18317635 0.07380411 0.055099953 0.17859918 0.07518277 0.2740259 0.4679303 0.012970396 0.04451147 -0.21950245 0.29476276 -0.19521052 0.07176761 0.008660573 0.068908975 -0.1762015 -0.056891043 -0.1972895 0.17407419 -0.0645316 -0.21682568 -0.12549794 -0.17530483 -0.06480569 -0.095428124 0.006972652 -0.055584118 0.11968063 -0.18985216 -0.05351849 0.047922626 0.06540324 0.13968743 -0.005299705 -0.16565 -0.038604636 0.24109176 -0.2710876 0.11877325 -0.108280815 -0.000953764 0.023451729 0.11854252 -0.0808816 0.18452035 -0.045429103 0.19664337 -0.09149512 -0.26710135 -0.09322609 -0.012615609 0.016688999 0.07520655 0.13538657 0.03544091 -0.006277795 -0.0038157133 0.013868083 -0.08028822 -0.11035223 -0.06724356 -0.02405078 -0.01113042 0.048359536 0.0068470337 -0.12655933 -0.03338575 -0.10370168 -0.0490158 -0.19949436 0.34151503 0.11701093 0.12212269 0.08294553 -0.015250211 0.020083938 0.022559326 0.15148392 -0.09351195 0.00045202006 0.103320695 -0.15833996 -0.118947685 0.08411922 -0.05746415 0.11427359 0.22155817 0.080177136 0.12876734 0.19005568 -0.10167006 0.04185635 -0.16370869 0.12020894 -0.078387566 0.000754514 -0.13172643 0.120679185 0.3279217 0.39826334 0.044258855 0.3079416 0.12189125 -0.24435648 -0.17350918 0.09525675 0.13048537 0.24117798 0.019002797 0.0031155816 -0.034690697
»÷ -0.20207843 0.1640329 -0.03483822 0.15113631 0.07548464 -0.16482422 -0.02672367 0.21901955 -0.1366493 0.16754317 0.044968646 -0.07322983 -0.11066244 0.06289526 0.2541456 -0.20186244 -0.10462664 0.1548469 -0.06635729 -0.10465528 -0.0059087905 -0.17064664 -0.062271282 0.06685339 -0.16078335 0.024152683 -0.03423281 0.06497637 -0.25079423 -0.08090834 0.051936023 0.098625384 0.13885675 -0.03133455 -0.06136809 -0.0024085443 -0.07662168 0.052831143 -0.23243578 -0.25001374 -0.1992129 -0.0009486789 0.09895717 0.09269308 0.10178757 0.009835716 0.15903085 -0.0065215784 -0.028026262 0.03638691 -0.022030434 -0.08776266 0.020180833 -0.13581586 -0.03128388 -0.14890026 0.16166866 -0.16173524 -0.14013171 -0.0024196536 0.1316236 0.16190141 -0.10217499 -0.1331521 -0.14741817 0.13289362 -0.21332502 0.33669087 -0.16543879 0.023560481 0.027305707 -0.05170985 0.22404754 -0.08071344 0.0024642728 0.11174157 0.09786204 -0.29213706 -0.23310228 -0.015220044 -0.076932654 -0.2970048 0.14774638 -0.025116092 -0.03527707 -0.063335985 -0.053072084 0.2631105 0.06003942 -0.17992088 0.07827139 0.05322469 0.17781998 0.080466025 0.26710686 0.4629439 0.0046085473 0.042035 -0.22125646 0.29398993 -0.19663782 0.068565816 0.010521138 0.07011148 -0.17430787 -0.050246667 -0.19921356 0.17584585 -0.055068117 -0.21044637 -0.12467825 -0.17881863 -0.06855609 -0.089845866 0.01582128 -0.05710647 0.12146167 -0.18662938 -0.05786936 0.051825404 0.06383198 0.13538454 -0.014243283 -0.15614821 -0.037376806 0.23907384 -0.2694687 0.114955895 -0.11063507 0.0008494973 0.02936051 0.12667352 -0.07332758 0.17978142 -0.04712508 0.19678438 -0.09158577 -0.26539114 -0.08885677 -0.014506948 0.017030457 0.07844417 0.13354318 0.029187702 -0.00741837 -0.008928834 0.008551467 -0.081252106 -0.104223825 -0.065806694 -0.019057833 -0.008273147 0.041212432 0.010453922 -0.12837097 -0.03441837 -0.10131472 -0.040064428 -0.20385918 0.3382829 0.118236706 0.11486821 0.07887171 -0.010361167 0.018541781 0.020755583 0.1483506 -0.09293227 -0.001638256 0.102271356 -0.15271258 -0.112018935 0.075067885 -0.058393773 0.11597871 0.21522787 0.0823 0.12758316 0.18362962 -0.10230927 0.042824797 -0.1622736 0.12767917 -0.071461484 0.0067853737 -0.12895021 0.1189664 0.329321 0.39816985 0.041522045 0.31089294 0.1176691 -0.23947908 -0.16571291 0.09434166 0.13072444 0.23995315 0.017805541 -0.0048137866 -0.035068944
µ¼ -0.255507 0.20858489 -0.041289136 0.19481461 0.09804158 -0.21874209 -0.036828425 0.28110078 -0.17270839 0.20098004 0.055989813 -0.087662935 -0.14185801 0.06995496 0.31854343 -0.25268465 -0.12160532 0.19303024 -0.08712222 -0.13969809 -0.0029737966 -0.21784535 -0.07479459 0.08535494 -0.19380206 0.027579304 -0.03811681 0.08558816 -0.31148887 -0.09514046 0.07424215 0.12519437 0.16491623 -0.033223126 -0.07518997 -0.013378117 -0.092087895 0.058054112 -0.29594055 -0.31327692 -0.2519328 -0.0004252498 0.12246229 0.114497684 0.121859446 0.011225665 0.20140709 -0.0021643983 -0.03424518 0.04329334 -0.03133865 -0.107840225 0.035825085 -0.16343796 -0.044992104 -0.18593428 0.19523369 -0.1965405 -0.18428642 0.00064547395 0.15982264 0.19931526 -0.12141615 -0.16726851 -0.18855676 0.16972256 -0.2639569 0.4281027 -0.21592225 0.02410825 0.03092709 -0.0771792 0.28238562 -0.09806001 0.0039704577 0.13966082 0.11652263 -0.3605477 -0.29354602 -0.021332938 -0.0996626 -0.37380597 0.1845201 -0.027510354 -0.03410872 -0.07526467 -0.06546141 0.33353758 0.06943201 -0.22224991 0.09713589 0.07748686 0.21707086 0.09584603 0.34007052 0.5914802 0.010068987 0.041250773 -0.27169827 0.36379004 -0.24405263 0.0850541 0.015278401 0.09061665 -0.22111095 -0.067074075 -0.24308285 0.21675341 -0.071684405 -0.2590014 -0.15638767 -0.21749364 -0.090420626 -0.12670505 0.014168875 -0.068211384 0.14330621 -0.23863581 -0.075466916 0.057407312 0.07309961 0.17445187 -0.011338907 -0.20287408 -0.03501552 0.29643464 -0.3257636 0.14721227 -0.13759513 -0.001872337 0.029368237 0.1571964 -0.09064057 0.23009884 -0.057289395 0.25034505 -0.112103105 -0.3372208 -0.11182593 -0.012193472 0.025289796 0.09123089 0.16391909 0.039260905 0.00063732924 -0.0076994826 0.0076852427 -0.098656565 -0.1387827 -0.087785356 -0.028129783 -0.011275098 0.05621013 0.015577463 -0.15458699 -0.045821268 -0.12859417 -0.056440387 -0.24561708 0.4266889 0.1495937 0.14596194 0.10335591 -0.013012357 0.020518668 0.02589715 0.18590519 -0.11444809 0.0010139063 0.13206612 -0.19241795 -0.1448151 0.098142445 -0.059953574 0.1423642 0.26551536 0.09932171 0.16188072 0.23284645 -0.1292941 0.057755426 -0.19649298 0.15119214 -0.090872884 0.010429409 -0.1563036 0.15226834 0.41021565 0.4909731 0.050159402 0.389284 0.1485318 -0.29346436 -0.21558556 0.11735371 0.15957166 0.30009034 0.018959189 0.00039864265 -0.041338876
(Thu -0.12263803 0.08974424 -0.020261057 0.09742892 0.059637208 -0.1040363 -0.017713526 0.13025117 -0.08149127 0.09053387 0.032778833 -0.04863629 -0.08291414 0.038376365 0.15420862 -0.12184382 -0.059942864 0.08323683 -0.045644563 -0.06483654 0.00078978116 -0.10726057 -0.034878157 0.03783782 -0.09067912 0.014406747 -0.020722428 0.046296705 -0.15063165 -0.047934294 0.05064163 0.05987968 0.08184388 -0.014895945 -0.03849262 0.0005162805 -0.039439 0.022208657 -0.15463291 -0.1533202 -0.12865247 -0.008845476 0.06998755 0.062175307 0.060071588 -0.00093136734 0.083301544 0.0060551474 -0.012848497 0.025392694 -0.0072031207 -0.043685157 0.019578658 -0.08363496 -0.032949727 -0.089670345 0.105326414 -0.113866605 -0.09597612 0.0029702103 0.07533036 0.11270958 -0.06302859 -0.07824649 -0.09911012 0.08878148 -0.13177824 0.21976195 -0.104253545 0.0045686057 0.024198513 -0.034688354 0.14011973 -0.0417582 0.0051124203 0.06808622 0.05202545 -0.17311302 -0.1517334 -0.023372082 -0.046954412 -0.17609292 0.08634698 -0.016820874 -0.017527234 -0.014450985 -0.03173985 0.15468194 0.024867605 -0.111091144 0.057578024 0.037442632 0.10488705 0.050312746 0.16780761 0.29616517 -0.010983027 0.01960879 -0.11918472 0.1722172 -0.11164832 0.039941594 0.0072228992 0.038155906 -0.11493544 -0.031268205 -0.111485235 0.106131256 -0.034838688 -0.11858056 -0.084757805 -0.10802421 -0.038993467 -0.070589565 0.014321866 -0.037605565 0.06675967 -0.12227097 -0.033570267 0.022762835 0.05621507 0.0948978 0.0026235925 -0.10020053 -0.013092738 0.14262418 -0.15492836 0.06476037 -0.06343373 0.00812722 0.015458064 0.08352087 -0.054170046 0.10553375 -0.030023813 0.123243436 -0.053207483 -0.16141176 -0.06282911 -0.020069566 0.015360674 0.037462 0.089836955 0.020465221 0.00043056355 -0.019272987 0.0027187425 -0.039855015 -0.06745987 -0.041251987 -0.0055925883 -0.0068386416 0.03266701 0.0102132205 -0.07325259 -0.022962661 -0.06330439 -0.021399712 -0.12617125 0.19713388 0.077897675 0.070138626 0.0554153 -0.023027094 0.0028389578 0.008828951 0.093386844 -0.050196778 -0.002050584 0.05273631 -0.095870234 -0.07273005 0.05147555 -0.035314362 0.06966202 0.13281146 0.04579985 0.081388235 0.09763932 -0.061294183 0.0368596 -0.0857591 0.06991051 -0.04161013 0.0077957935 -0.072847456 0.06521926 0.19444694 0.2510413 0.034574155 0.18961121 0.08011267 -0.13463482 -0.10913216 0.05699631 0.08435895 0.14567484 0.0016046413 0.007931676 -0.03297007
¡± -0.082514025 0.064021096 -0.012449672 0.059072893 0.028624643 -0.06924966 -0.015564825 0.08324542 -0.05093666 0.06634333 0.014463028 -0.02628613 -0.04140733 0.022714302 0.10542963 -0.07973437 -0.039364435 0.063700825 -0.029175373 -0.04684252 0.0023387955 -0.06671029 -0.022141868 0.027616693 -0.061047986 0.011636785 -0.012793977 0.03074848 -0.10033232 -0.032310776 0.026919385 0.044847164 0.054264877 -0.015159539 -0.027242064 -0.0042199045 -0.029294781 0.020293968 -0.09267454 -0.10142882 -0.08377104 -0.0017728291 0.040447246 0.036254168 0.043087054 0.008137533 0.06265882 -0.006256684 -0.011988069 0.01746883 -0.007644136 -0.038739398 0.0044603837 -0.053609643 -0.014437296 -0.056107223 0.058061223 -0.0629754 -0.06107924 0.0023804842 0.053782266 0.0678569 -0.03633581 -0.054589484 -0.05988542 0.054282438 -0.081616595 0.13605353 -0.06985151 0.011258288 0.012986186 -0.023803465 0.089729264 -0.034573033 -0.0020976143 0.04742672 0.03778723 -0.119173296 -0.08863159 -0.01238344 -0.029926695 -0.117474504 0.06252414 -0.004013639 -0.009612984 -0.019407757 -0.017391361 0.10466009 0.01871864 -0.067085 0.030188091 0.019655786 0.065959536 0.03486318 0.1089381 0.19003679 0.0021822231 0.011620126 -0.08233912 0.1153361 -0.07990039 0.02524594 -3.7127455e-05 0.032988347 -0.06921212 -0.021832714 -0.07470354 0.06447705 -0.022152465 -0.08063563 -0.046563547 -0.06573988 -0.028429855 -0.04094824 0.004425471 -0.021485329 0.042574104 -0.07134444 -0.018902771 0.02273962 0.023849899 0.05631936 -0.00015789858 -0.06121871 -0.013321462 0.099085115 -0.10115705 0.048254576 -0.04605304 -5.1047286e-05 0.01185904 0.052188437 -0.031356353 0.06762021 -0.014488436 0.075539865 -0.03874164 -0.10990478 -0.03685681 -0.0024356234 0.009978124 0.031917237 0.051057108 0.008680522 0.0014901988 -0.006703755 0.00058764993 -0.028214373 -0.03925326 -0.030722316 -0.0044929595 -0.007321285 0.01913836 0.006239264 -0.05398326 -0.013820032 -0.04467901 -0.02014514 -0.07606161 0.13029867 0.04495065 0.04289471 0.028332481 -0.0011825105 0.0011733146 0.005456852 0.060352474 -0.03119321 -0.0039930358 0.04334744 -0.063312545 -0.043871947 0.03021101 -0.025829429 0.045253303 0.084828325 0.033383664 0.052366264 0.07250132 -0.041071557 0.015046708 -0.06367068 0.051173706 -0.030887082 0.004732186 -0.054817628 0.04904482 0.12724818 0.15294372 0.020949235 0.121210426 0.05140952 -0.08874663 -0.069140844 0.035189666 0.052871443 0.09004275 0.009968866 -0.0034890336 -0.016844312
[FROM: -0.14687419 0.11871841 -0.038386162 0.120543614 0.06456003 -0.12865035 -0.028468564 0.16002646 -0.1013387 0.10519857 0.029841552 -0.06363143 -0.08532507 0.053801317 0.18793884 -0.14293677 -0.070554 0.10975528 -0.042477302 -0.08198874 0.00047548444 -0.121653676 -0.044887815 0.057633244 -0.12137528 0.012189591 -0.018564763 0.054994076 -0.18240032 -0.05939968 0.04425707 0.07155819 0.09144737 -0.020509843 -0.047173668 0.003986115 -0.05909664 0.03830638 -0.17768347 -0.17457125 -0.14221084 0.0060325796 0.06184839 0.069025315 0.06455564 0.011673365 0.10453245 -0.021689827 -0.02244053 0.026456298 -0.012619923 -0.048016086 0.019739231 -0.1121093 -0.024107473 -0.1158378 0.12143556 -0.12099491 -0.11303244 0.00313865 0.10467183 0.116238005 -0.06640011 -0.10996623 -0.11064795 0.10485439 -0.16193551 0.2467444 -0.12855542 0.0108108185 0.025317032 -0.045791443 0.16271396 -0.051576294 0.012397278 0.08208178 0.06130256 -0.21088153 -0.17344633 -0.015149921 -0.0533811 -0.21585599 0.11298315 -0.023367701 -0.01911308 -0.036998425 -0.020015936 0.1830284 0.039332554 -0.12827142 0.05257062 0.047252327 0.12685661 0.06292379 0.19016102 0.3428054 -0.0013553526 0.018374387 -0.16365105 0.22036508 -0.14522234 0.045109026 0.0006120386 0.05497292 -0.12670259 -0.03712105 -0.15143155 0.120552555 -0.032463778 -0.15608189 -0.092878856 -0.13297608 -0.05014608 -0.08151011 0.006989912 -0.04886746 0.08057139 -0.14824007 -0.04074252 0.026405305 0.03768899 0.10990095 -0.006113297 -0.1104388 -0.013971846 0.17961723 -0.1940704 0.08610236 -0.07313394 0.0008599873 0.023620056 0.096906334 -0.06229669 0.1317483 -0.02294588 0.1353542 -0.0617262 -0.19411337 -0.07100627 -0.004480646 0.009856524 0.047292292 0.10683732 0.023700653 -0.0021082035 -0.003919028 0.0067949314 -0.046385318 -0.079992354 -0.040266555 -0.005229178 -0.010617352 0.026953302 0.011143808 -0.08357805 -0.02690278 -0.07694291 -0.026136244 -0.14697331 0.2418233 0.0962717 0.09080137 0.066742055 -0.004408554 -0.0017584134 0.005160815 0.12823819 -0.052546013 -0.010938722 0.07993476 -0.11411702 -0.0937485 0.054225318 -0.037045572 0.079606295 0.15721539 0.06362042 0.09820214 0.13791409 -0.0679112 0.02490192 -0.11176544 0.09121866 -0.0556952 -0.0071272585 -0.10057092 0.07684268 0.24535988 0.28912196 0.033659644 0.22563668 0.08652216 -0.17207968 -0.11207247 0.056612495 0.10399647 0.1709257 0.020415973 -0.022748312 -0.008360473
bbs.fudan.edu.cn¡¤HTTP -0.14404735 0.11449605 -0.0384558 0.11254855 0.058180444 -0.1303108 -0.025163794 0.1657908 -0.10302348 0.108351246 0.024499455 -0.05770737 -0.08367838 0.05215999 0.1826695 -0.1437948 -0.061820094 0.112126954 -0.050020825 -0.08495449 0.0065150773 -0.11934976 -0.041601185 0.051220898 -0.119542494 0.010553734 -0.018514028 0.055505294 -0.18084808 -0.04927159 0.042786624 0.07768111 0.09254439 -0.011175299 -0.048974417 0.004137414 -0.053477537 0.035209768 -0.18012907 -0.18046117 -0.14712094 -0.0003267791 0.0632323 0.0767253 0.06512169 0.019549003 0.110638514 -0.023017613 -0.015918154 0.031569917 -0.017935311 -0.051199734 0.024531957 -0.09876729 -0.025344603 -0.119267344 0.114098035 -0.11905501 -0.10632149 0.007641325 0.10240967 0.10899078 -0.06397421 -0.10587048 -0.112001054 0.10481491 -0.16312993 0.24648581 -0.12393888 0.009705447 0.023639496 -0.049829923 0.15447004 -0.050528523 0.0034355845 0.07698951 0.067109235 -0.20368615 -0.16550192 -0.016605664 -0.053592347 -0.2176176 0.10093324 -0.021977214 -0.021910429 -0.03448221 -0.025170567 0.18499693 0.040657796 -0.11992099 0.054095227 0.04646605 0.12605065 0.06767915 0.19313674 0.33697343 -0.0030454204 0.019699113 -0.160621 0.22006314 -0.1367593 0.048479486 0.00040761684 0.059458956 -0.13499884 -0.036830634 -0.14199871 0.10951742 -0.031463478 -0.1457818 -0.09052021 -0.1318012 -0.057508286 -0.076433696 0.007375538 -0.04951466 0.08113169 -0.14642042 -0.047998544 0.0345136 0.034907956 0.107153766 -0.0073291287 -0.11381775 -0.008284695 0.17629011 -0.19398713 0.088773474 -0.07243998 0.0020432554 0.018548366 0.09598926 -0.0588267 0.12847371 -0.029928643 0.14262705 -0.057038743 -0.19171184 -0.06181449 -0.014771632 0.0061494377 0.04810569 0.10798643 0.016360551 -0.0021987641 -0.0002780864 0.007381843 -0.05463099 -0.07822311 -0.039574992 -0.007905921 -0.011175992 0.025152568 0.018375175 -0.08537092 -0.032134064 -0.07642283 -0.028600955 -0.13964242 0.2421099 0.09556095 0.09243984 0.06426771 -0.0019515797 -0.0012187103 0.0116661005 0.12638344 -0.0520712 0.00016419237 0.07465744 -0.11437169 -0.09274439 0.053708248 -0.028974386 0.08034207 0.15253974 0.0569639 0.10075661 0.13750394 -0.06968816 0.018479059 -0.11165949 0.09314906 -0.04543938 -0.012352131 -0.09029766 0.08419654 0.24286951 0.28099206 0.02697032 0.22469687 0.08631961 -0.17070149 -0.11674374 0.054594453 0.09971182 0.1721679 0.02496316 -0.024245337 -0.0073945452
ÈÍ¡ª¡ª¼áÈÍ²»°Î -0.0005690402 0.0033754278 -0.001443308 0.0045487555 0.0021420491 0.0024873894 -0.0024581559 -0.0022189838 0.0010412985 -0.0024510939 0.00022650242 0.0019027406 -0.0026050329 4.892409e-05 -0.0036746752 -0.00031505822 -0.0013154214 0.00023433327 0.002403837 0.0020222561 0.0013315051 -0.0046603633 0.0035372193 0.0017865038 -0.0044540567 -0.0026657952 0.0031405997 0.004300963 0.0035508 0.0032825512 -0.0047870553 -0.00035862983 0.00048666418 0.0019575101 -0.004530811 -0.003810526 -0.00078213395 -0.0006330526 -0.0038115168 -0.0015241886 -0.0011553353 0.0031740738 -0.0021108072 0.0042471117 0.0024250268 0.0034700197 -0.0034693743 -0.004681094 -0.0037951183 -0.004500813 0.00230654 0.0022774725 -0.0029102385 0.0045597404 0.0038134581 0.0027345484 0.0031071305 0.0013400727 0.004045156 0.003308702 -0.0014479453 -0.0039909207 -0.0009988928 0.0016822129 0.0033153438 -0.002825784 -0.0019654178 0.0018524497 -0.0001341629 0.00016079724 0.00246392 -0.0006607944 -0.0045492984 0.0021169907 -0.003464871 0.0030967044 -0.0030966245 -0.00056388555 -0.0018167889 -0.004322831 -0.0034943586 -0.003211959 0.0016768164 -0.0031096512 -0.004823542 0.0020531279 0.0042621233 -0.0020709909 -0.004551264 -0.0025225997 0.0016774184 0.0012364531 -0.00328103 -0.00097643974 -0.0028344542 -0.00397492 -0.0032705076 0.0015170652 -0.0034168893 -0.002938745 0.0037228595 -0.0031026327 0.0049805846 -0.0037472355 0.0031660206 0.004566927 -0.0017978532 -0.004745583 0.001179117 0.000615716 -0.0040129507 -0.0035660535 -0.0022917218 -0.00040421783 -0.004039864 -0.0019380265 -0.0011254507 -0.00035150765 0.0033540756 0.0028905945 0.0044283574 0.00095580873 0.002719651 0.0018346948 -0.0020362926 0.0028479695 -0.0038399093 -0.0025506902 -0.0006667477 0.0030478186 0.001919927 0.000102154016 0.00058698596 0.004222462 0.0007495278 0.00020201325 -0.0038547618 -0.0030667044 0.0007392383 -0.001278643 0.0006041491 0.0042919493 -0.002651421 8.9221e-05 -0.0023861378 -0.0032886832 0.0036380142 0.0049725855 0.0037434078 -0.0030319225 0.004705067 -0.004812309 -7.848322e-05 -0.0014862109 0.0011885869 0.0031493986 0.0032692093 -0.0025277657 0.0018684125 -0.0036014288 -0.0029412026 0.0012450707 0.0031381964 -0.0041737263 0.0039847735 0.00037317813 -0.002792204 -0.0014444959 0.0019379973 -0.0044703786 0.0031170272 -0.0019722343 0.000891785 0.0016794741 0.0037884724 -0.00022969306 -0.0041111624 0.0040921993 -0.000506829 -0.004285029 0.00056712807 0.0019984574 0.0017391497 0.004374763 -0.00027021588 -0.0014335901 0.0023018832 0.00047859192 0.001380502 0.004398654 0.00091179134 -0.0046975017 -0.0005266714 0.0007038611 1.0051727e-05 0.0016693431 -0.0027727764 0.0016490311 -0.0015878236 -0.0018949681
ÈÌ¡ª¡ªÐ¡²»ÈÌÔòÂÒ´óÄ± -0.0047761835 -0.004640302 0.00253865 0.0022564745 0.0005171961 0.0027770526 -0.004997943 0.00095878483 0.001126241 0.0007398456 0.0038203949 0.0020446598 -0.004455831 -0.004973399 0.0039958893 -0.004722832 0.0034663845 -0.0013116264 0.0036339134 0.0020582557 0.00092067063 -0.0037954121 -0.003179028 0.0013342672 -0.002183243 0.0015222764 -0.00044113694 -0.003922633 -0.0049795415 0.004686154 -0.00062237086 -0.003502208 -0.0049639745 0.00046112956 0.00096541224 0.004973518 -0.0014822208 -0.0022453398 -0.0024169867 -0.0015303892 0.0020132798 0.0025640577 0.0049695494 0.0027507967 -0.0025698834 -0.0025326575 -0.00368109 0.0024636597 -0.0030937875 -0.0011042953 -0.0010956234 0.002238443 0.0008293843 0.0010905665 0.0001428628 0.0012004412 -0.00071181596 0.0022317462 -0.00062506617 -0.0036714834 -0.0026915406 0.0016133296 5.7111978e-05 2.1951199e-05 0.0012130917 -0.0002473706 0.0036575485 0.003173486 0.0026225257 -0.0023456926 0.0037714613 -0.0020148105 -0.00015017808 0.0045646513 -0.0048844093 -0.003611371 0.0034929113 -0.0038113492 0.0042092665 0.0007559526 0.0032488245 -0.00078227045 -0.002719993 0.003019951 0.0047911284 0.0003357619 2.4583936e-05 -0.004702221 0.004666264 0.0015854514 0.0020936185 0.0046178997 0.0016618377 -0.0001336503 -0.0020015186 -0.0029430152 -0.0033541066 0.0009049284 0.00088491855 -0.004612661 -0.0012553728 -0.0018895495 0.004517837 -0.0012289733 -0.0019327807 0.0030931146 0.0029643017 0.001096509 -0.00039961934 -0.002971437 0.0029271448 -0.0040628845 0.0040958733 0.0026532954 0.0049020387 0.00067530276 -0.0048325853 -0.0012110388 0.0026446194 0.0029034168 -0.0012547654 0.0027100772 0.0024882925 -0.0020340127 -0.0024903542 0.004836841 0.0015592002 -0.0033624577 0.0045519276 -0.0016933238 0.0047325743 -0.004184184 0.0038240165 0.0009117371 0.0006231302 -0.0034983868 0.0027731687 0.004490714 0.0018433332 -0.0035167015 0.0016894913 -0.00035454155 -0.0007768756 -0.0026821934 -0.0029617762 0.0032225274 -0.00053151546 0.002697978 0.0044084825 -0.0049439236 -0.003837276 0.0021559417 -0.0034885341 0.0036859137 4.7522783e-05 -0.0028387308 -0.0039693536 -0.00373936 -0.0011418074 -0.003204505 0.0047402326 0.0008209485 -0.003938219 -0.00036561192 -0.0014532149 0.0046873633 -0.003310257 -0.00047467827 -0.0017194742 -0.0014434844 -0.004850553 -0.0027838289 -5.589545e-05 0.0041062105 -7.454872e-05 0.0005990064 -0.002851274 -0.0034888207 -0.0027621645 -0.0011816449 0.0002609986 -0.004075713 -0.0010873306 0.0025180585 -0.0026010172 -0.003677103 -0.0026130409 0.0009304005 0.002401967 -0.0010088134 0.0017127699 -0.0038419878 0.0027892643 0.0024549644 0.0035920697 -0.0029297238 -0.0027320825 -0.001543023 0.00056296407 0.0041051554
ÈÊ¡ª¡ªÒªÓÐÒ»¿ÅÈÊ´ÈµÄÐÄ 0.0026868505 0.0040094657 0.003005944 -0.00071559905 0.0038757718 0.0039655594 -0.0013989705 0.0032619815 -0.002232924 0.0044963253 0.003122844 -0.0031415075 -0.003725726 0.0034854424 -0.002757762 -0.0016292924 0.0031741774 0.0046879686 0.004764266 -0.004807353 0.0028042304 -0.004754327 -0.00337879 -0.0019234073 0.0035479008 0.0013693976 0.0049829753 0.0007825005 0.0046766996 0.0038293826 -0.004418323 -0.0036966645 -0.0031537742 -0.0018678927 0.0009532267 -0.0031064171 0.0040493635 0.003360855 0.00027225137 -0.0031439967 7.2476265e-05 0.004762536 0.0033804614 -0.002555409 -0.0019640028 0.0020349533 0.0025556637 -0.0040889955 0.0018969125 -0.003833388 0.003227024 -0.0007245386 -0.0010646665 -0.0023235888 0.0011558116 0.0043475665 0.002375911 0.004511825 8.1603524e-05 0.0016257816 -0.0021960742 0.00058095215 0.0017464113 -0.0039417977 0.0042272024 0.0011876601 -0.0027751154 -0.0027307635 0.0017270213 0.001418314 -0.0015624589 -0.0005188942 -0.0031908865 -0.0014287501 0.004064126 -0.0029571152 -0.0014842349 0.0012548434 -0.0007761264 -0.003588711 -0.0047101593 0.0010644234 0.0021189218 0.004516157 0.0009500456 -6.3551066e-05 -0.0047542946 0.0009925824 0.0014546817 0.0008221227 0.00037339926 0.00050679204 -0.003309356 -8.151531e-05 -0.0009408665 0.003776146 -0.0015090918 -0.00039695977 -0.0015599399 0.0012045837 -0.004643413 -0.0020966171 -5.6658984e-05 0.0024127758 0.0039937054 0.00094858586 0.0034742486 0.002084996 -0.00031718612 -0.00080341933 -0.001454779 0.0033220977 -0.003775664 -0.0032530767 -0.0046747355 -0.0006270552 -0.0007432115 -0.004969495 -0.0035297389 0.0039295834 0.0049357954 -0.0012582183 -0.0019863634 0.0013543171 0.0045361747 -0.0043168664 0.0025040759 0.0018896383 0.0044654645 0.0031794424 -0.0049255975 0.0026652997 0.0033379858 -0.00494491 -0.0040505202 -0.0031708013 0.00014058947 0.0025397378 -0.0044647306 0.0009938746 -0.0022993267 0.0035754396 0.002132861 -0.003815717 -0.002074119 -0.0004976201 0.0020999098 0.00030556202 -0.004627615 0.0027460693 -0.0024296665 -0.00048116027 -0.0045840754 0.0001464361 0.002455659 0.0021381264 -0.0036233026 0.0018897676 -0.0024376898 0.0018663472 0.0016023046 0.0015235954 -0.0013225847 -0.0012114936 -0.0024965245 -0.0027808666 0.0026535415 -0.0037371337 -0.0034126574 0.0005849022 0.00025329948 -9.606004e-05 0.00044349075 -0.0045625363 0.0021345527 0.0005383718 -0.0016624551 -0.004774037 0.0039623105 -0.0024829018 -0.0012112707 0.002187562 0.0020876087 0.0016824991 -0.0016024393 -0.0026559562 -0.004548483 0.004435097 0.0006115252 -0.0024560916 0.0025729602 -0.00480509 0.0010643625 0.004245724 0.00324328 -0.0031018758 0.0014861095 0.004412012 -0.0017179662 0.0039410912
ÐÇÆÚ¶þ) -0.030920057 0.031298403 -0.0014356014 0.023418844 0.012449419 -0.03243857 -0.0077332985 0.03517983 -0.022403108 0.029514713 0.0071614273 -0.01688733 -0.02147245 0.013336078 0.047608133 -0.039822742 -0.01862392 0.022285847 -0.012104481 -0.021153456 0.0004227664 -0.03142871 -0.0132752005 0.015987199 -0.029661136 0.002718886 -0.0024310607 0.015073748 -0.047464933 -0.007499043 0.009429551 0.012135744 0.02269996 -0.002884886 -0.011233825 0.0026124069 -0.010177969 0.0049028713 -0.044497535 -0.046887707 -0.032861654 0.004096801 0.018534776 0.022581525 0.017353952 0.002882854 0.023583924 0.0015860146 0.00069579674 0.008528544 -0.0067415847 -0.01497754 0.004454154 -0.02687276 -0.006943037 -0.021302696 0.031268697 -0.031664424 -0.02742807 -0.002926016 0.025953818 0.033975128 -0.021162564 -0.027191771 -0.033057358 0.021930922 -0.03496225 0.05937997 -0.026835682 0.001599925 -0.0006138439 -0.011506412 0.04254585 -0.016323406 -0.00423106 0.023069076 0.016503327 -0.046873454 -0.03598512 -0.0075516775 -0.01826215 -0.048626676 0.027555991 -0.006337835 -0.008584937 -0.006459442 -0.008665417 0.0423576 0.012052963 -0.03156368 0.01403747 0.011294551 0.031662352 0.014039236 0.04397245 0.08686142 -0.0036655874 0.00197398 -0.035554998 0.049192585 -0.032101426 0.0077329013 0.0001456573 0.0072547435 -0.02904981 -0.009623998 -0.03537217 0.027591988 -0.013669871 -0.03930768 -0.026362758 -0.026514888 -0.010589362 -0.013049042 0.0073404233 -0.0068436917 0.024449794 -0.031872865 -0.0097206095 0.00653494 0.016563822 0.025707202 -0.0007288757 -0.03122807 -0.004285322 0.035979524 -0.04084041 0.020644646 -0.017422426 0.0035511511 0.0037459005 0.017823912 -0.009581391 0.033187486 -0.004820531 0.03810909 -0.0138081955 -0.043513395 -0.020306723 -0.0015236608 -0.00086225575 0.012136586 0.02022801 0.00275944 -0.004151428 -0.0049897865 -0.003286144 -0.011506023 -0.01751763 -0.013161733 0.00048907154 0.0008030756 0.0059436434 -1.1085351e-05 -0.017617814 -0.007133667 -0.019857166 -0.0059008864 -0.039462995 0.060288377 0.025648156 0.0147092175 0.02017842 -0.009809968 0.0037132069 -0.0019338708 0.028810922 -0.013324679 0.0014376193 0.015086299 -0.023385895 -0.017472425 0.016508818 -0.012684294 0.022188257 0.037824966 0.010416772 0.025352372 0.023936108 -0.021831485 0.0056616976 -0.026931083 0.02297887 -0.018726138 -0.0028708132 -0.016719332 0.022283517 0.051190615 0.07118298 0.012231159 0.054216847 0.017435338 -0.034916516 -0.032504983 0.0189702 0.017701708 0.039091934 0.0015807644 0.002556677 -0.0061308905
in -0.12280496 0.097099684 -0.016635055 0.094765924 0.057475388 -0.10725756 -0.022369483 0.13919806 -0.08435806 0.088649064 0.030777087 -0.044218447 -0.06906854 0.033036985 0.1534367 -0.124282315 -0.05898318 0.08976383 -0.03972725 -0.06133567 -0.0040767062 -0.10717883 -0.031816844 0.0415455 -0.09095754 0.016916098 -0.01830843 0.038213138 -0.15366967 -0.043153677 0.029930465 0.056567486 0.08616577 -0.021663567 -0.031489294 -0.003903155 -0.04484043 0.020971755 -0.1462987 -0.14697833 -0.12328825 0.0009038809 0.057363387 0.05978219 0.061612714 0.0026779303 0.09518626 -0.0050911335 -0.01050041 0.01879105 -0.016862888 -0.051125962 0.011161594 -0.08760791 -0.024993885 -0.099123165 0.09592463 -0.10550046 -0.08579726 -0.00010070744 0.084784366 0.0951366 -0.057819474 -0.08193585 -0.090294145 0.084176876 -0.13143386 0.2131807 -0.109703034 0.015392202 0.012145576 -0.039076522 0.14712329 -0.045966942 0.004062277 0.07233359 0.059332415 -0.18488868 -0.14722362 -0.01870003 -0.045013476 -0.18661682 0.08708365 -0.008742837 -0.01850208 -0.028306121 -0.03206905 0.15573739 0.03413656 -0.111782044 0.054891367 0.03331879 0.105224356 0.04657892 0.16443945 0.29017803 0.0053928588 0.017165814 -0.13381742 0.18024541 -0.11737107 0.048452836 0.009316326 0.043300852 -0.10440987 -0.038600508 -0.120161064 0.10920482 -0.036989927 -0.1243522 -0.08046297 -0.10993632 -0.045952428 -0.06628395 0.01033513 -0.034022667 0.0690171 -0.12017755 -0.029767575 0.031560883 0.03614164 0.08688735 -0.0030726448 -0.09723179 -0.013912085 0.150392 -0.15703958 0.06580173 -0.06203086 0.0039954763 0.010827362 0.07797467 -0.047092974 0.105593435 -0.030422522 0.1226418 -0.0530238 -0.16495453 -0.054653898 -0.01341293 0.009745101 0.034187194 0.08477986 0.026654825 -0.008283809 -0.008470739 0.007990231 -0.04774066 -0.065791726 -0.045677528 -0.00665558 -0.0063644093 0.029619906 0.005092407 -0.074910596 -0.021028245 -0.057366714 -0.026277253 -0.11849755 0.21368456 0.078072265 0.07984301 0.050184663 -0.01348402 0.0027889223 0.00956632 0.09538182 -0.052374117 -0.0048223925 0.06667769 -0.10032854 -0.073162064 0.047480285 -0.037255462 0.068059094 0.13157703 0.045010105 0.07873335 0.111597866 -0.062158763 0.026261857 -0.094995216 0.07807518 -0.05065456 0.0046049613 -0.082059704 0.073973976 0.20435181 0.2461692 0.028999807 0.1901756 0.07820776 -0.14628592 -0.103273936 0.05163586 0.07876805 0.14973228 0.010520665 -0.00072450464 -0.023122566
Á¿ -0.2255211 0.17439674 -0.035769526 0.16871071 0.08976036 -0.18657327 -0.03475993 0.24700126 -0.1550416 0.18220015 0.04930577 -0.08467199 -0.120915115 0.06480013 0.287982 -0.22201931 -0.116442464 0.16929205 -0.071659215 -0.116789505 0.0023332273 -0.18711486 -0.06918888 0.07092457 -0.1673832 0.02497775 -0.032399293 0.072459444 -0.27399617 -0.08593305 0.063443236 0.11322168 0.15291521 -0.03102857 -0.05839026 -0.0102320975 -0.08490517 0.051899202 -0.25757146 -0.27193424 -0.2173428 0.0046632546 0.10842704 0.10151186 0.102642745 0.011005487 0.17047453 -0.00081942294 -0.026690824 0.04432189 -0.027552644 -0.0935509 0.031231869 -0.1480028 -0.034637026 -0.16513257 0.16991621 -0.17890348 -0.15729885 0.0015989367 0.1456308 0.18095429 -0.10561849 -0.14270583 -0.17192186 0.14538634 -0.23089217 0.37533486 -0.18370183 0.019152476 0.03195102 -0.06698557 0.24869339 -0.086005345 0.006435907 0.124638915 0.10439466 -0.3195818 -0.26159528 -0.016584024 -0.08986817 -0.3307815 0.16363233 -0.030620947 -0.03819477 -0.063904606 -0.057380274 0.2876862 0.06803743 -0.18984811 0.08797394 0.061345566 0.19326007 0.07903955 0.2945833 0.5137621 0.0029477882 0.038691174 -0.24166127 0.3232458 -0.21607482 0.082597904 0.015278627 0.07918656 -0.19203109 -0.05628337 -0.2222373 0.18785968 -0.07069504 -0.23237792 -0.14162874 -0.19424671 -0.07490283 -0.10320167 0.014906451 -0.06328654 0.12496593 -0.20109962 -0.0619002 0.057660036 0.06645911 0.14986303 -0.0073049776 -0.17121223 -0.034544036 0.26418152 -0.29038584 0.13034275 -0.11783233 0.0042442447 0.03122849 0.1376674 -0.08421418 0.20390335 -0.05089825 0.21827793 -0.09114222 -0.2912224 -0.09962025 -0.0089586275 0.020401949 0.08179885 0.14819637 0.039101917 -0.009250626 -0.005141109 0.01301944 -0.08629797 -0.119065054 -0.08124956 -0.022005519 -0.005674742 0.044091526 0.01874104 -0.13862501 -0.039784368 -0.115639396 -0.04954147 -0.22028123 0.37005666 0.12685455 0.12922965 0.088478036 -0.013891939 0.02164012 0.021688007 0.17211144 -0.10197947 -0.0024235272 0.107396156 -0.1687849 -0.121788144 0.08464531 -0.05521693 0.1323249 0.24021323 0.09018866 0.14295003 0.20732248 -0.10799916 0.048564274 -0.17425616 0.13239479 -0.08163275 0.0014376905 -0.14033002 0.1307094 0.36434463 0.43762398 0.045156565 0.34270453 0.13317354 -0.25986186 -0.18914025 0.10369091 0.14428721 0.26124063 0.019156346 -0.00069054205 -0.030000735
ÁªÏµµ¥Î»£º¼ÃÄÏÊÐÎÄ»¯¾Ö -0.10400146 0.075216405 -0.01521105 0.07413731 0.04375489 -0.08129663 -0.014321981 0.11003249 -0.062486622 0.078507006 0.017871603 -0.032185618 -0.05220026 0.035120185 0.12163613 -0.09482394 -0.046425864 0.07820497 -0.02850837 -0.051962312 -0.00015945865 -0.081827186 -0.02633081 0.031108145 -0.08090406 0.006034657 -0.017695358 0.034310427 -0.12135454 -0.04290003 0.022562938 0.054516513 0.0699732 -0.012219592 -0.03134359 0.0031007556 -0.030067476 0.0240329 -0.114313565 -0.12325567 -0.09698128 0.0030057004 0.04601862 0.0442261 0.049817957 0.006768303 0.07028849 0.0010529294 -0.015049518 0.019032197 -0.009921524 -0.044178694 0.0087014465 -0.06670553 -0.020300312 -0.07460883 0.08172746 -0.07761682 -0.07481687 0.0051240227 0.06168019 0.07668963 -0.048994847 -0.06467333 -0.07021134 0.06425185 -0.10424947 0.16303396 -0.08143098 0.012611406 0.010622986 -0.025259877 0.10810508 -0.036286786 0.006465831 0.049446072 0.044737007 -0.14832187 -0.11428764 -0.0105949165 -0.045700178 -0.14502352 0.06823899 -0.0047327494 -0.021639582 -0.024490898 -0.023076711 0.12449295 0.023971505 -0.09048761 0.04232251 0.029709317 0.091398016 0.032984514 0.12962985 0.22726156 0.0054248804 0.019609386 -0.10806737 0.14177772 -0.0964117 0.03743847 0.0055408045 0.028944606 -0.08550435 -0.025758924 -0.10076767 0.07860789 -0.029816411 -0.101821214 -0.059715968 -0.0840033 -0.03074129 -0.0496993 0.00074567046 -0.029374016 0.053744555 -0.08785799 -0.03251536 0.024798376 0.03265079 0.067237005 -0.0072205467 -0.08059197 -0.011777381 0.113903224 -0.13055654 0.0525768 -0.05183773 0.0012227255 0.013227884 0.06657551 -0.03441805 0.08283552 -0.02171138 0.101247646 -0.047677085 -0.12923676 -0.045860223 -0.011158632 0.009570291 0.026858943 0.06764612 0.01308811 0.00071197044 -0.0064498386 0.008138936 -0.036494616 -0.05454238 -0.031997263 -0.0026999228 -0.007177117 0.021723395 0.004644058 -0.065534435 -0.010569112 -0.052475568 -0.021498682 -0.09479219 0.16545893 0.06407526 0.055987768 0.041699152 -0.011078029 0.003345181 0.0047014407 0.07626516 -0.044727825 0.0032158904 0.05229852 -0.07672855 -0.052431874 0.044656694 -0.022922488 0.057679784 0.108205125 0.045488924 0.05975338 0.08485505 -0.046508007 0.01612446 -0.07639127 0.053836282 -0.039140806 0.006134428 -0.0643727 0.059551723 0.1631334 0.1957712 0.017713947 0.15176268 0.054701462 -0.110995345 -0.084367804 0.03995195 0.06371665 0.118870005 0.0077614193 0.003193542 -0.020540232
£µ -0.3041716 0.24537529 -0.052947033 0.23366298 0.12828074 -0.25995335 -0.0406543 0.33697346 -0.2069101 0.2438442 0.065229915 -0.115646385 -0.16603893 0.084375784 0.3823577 -0.29833958 -0.15186188 0.22811474 -0.103666574 -0.15945537 0.000111109555 -0.2579858 -0.08884316 0.09626679 -0.23944552 0.037727304 -0.048379745 0.100539185 -0.36952382 -0.10761696 0.09180755 0.15578032 0.20145309 -0.04376476 -0.09134466 -0.015769752 -0.11052057 0.061921183 -0.34751555 -0.37178466 -0.30439517 0.0010467087 0.14828767 0.14693691 0.14376132 0.016382134 0.2388218 -0.010220824 -0.039248243 0.053789645 -0.029282743 -0.12343059 0.035328157 -0.19884628 -0.05858727 -0.22463344 0.23415795 -0.23645471 -0.21666668 -0.0011380358 0.19405928 0.24043544 -0.15101202 -0.1960426 -0.22793847 0.20311083 -0.31516775 0.51517814 -0.2522115 0.029980455 0.04283795 -0.08470026 0.34093738 -0.12373806 0.008308189 0.172001 0.14646165 -0.44131073 -0.35332263 -0.02367131 -0.1252131 -0.44604295 0.22196297 -0.029220082 -0.04920046 -0.086242035 -0.07418532 0.39728132 0.08806091 -0.2676111 0.11719566 0.08698339 0.27254462 0.11585645 0.40695202 0.70675516 0.006871606 0.047341496 -0.327763 0.44339877 -0.2944738 0.10537237 0.0123074455 0.10436468 -0.2720044 -0.080490455 -0.29390866 0.25668815 -0.09147468 -0.3122253 -0.1903878 -0.25933665 -0.10470903 -0.15190828 0.01904422 -0.08164225 0.17025681 -0.28619188 -0.08487256 0.07721256 0.089727685 0.20967938 -0.007963318 -0.24908197 -0.046299558 0.35563973 -0.39506668 0.17132747 -0.16175804 0.00882389 0.0370867 0.19081947 -0.114413515 0.26789695 -0.06966983 0.3031424 -0.13345931 -0.40720394 -0.13792759 -0.019385854 0.03289492 0.1046135 0.2046161 0.058188085 -0.0026817194 -0.009096981 0.01753904 -0.12260377 -0.16715819 -0.101290174 -0.033733685 -0.011512963 0.064600006 0.023287205 -0.18777895 -0.043478943 -0.15244846 -0.06829568 -0.2976845 0.503003 0.18664631 0.17973302 0.11761004 -0.019516075 0.02078092 0.030231452 0.2348834 -0.13289711 -0.0018566392 0.15560539 -0.23827854 -0.17673516 0.12129843 -0.07451193 0.1721278 0.32231438 0.12246324 0.19155954 0.27850178 -0.14562137 0.06806977 -0.23881212 0.18956605 -0.11108161 0.0043473844 -0.18814766 0.18114576 0.48572865 0.5926077 0.06461475 0.46076393 0.17395364 -0.35503143 -0.25926718 0.1388281 0.19805798 0.3587381 0.025024518 -0.0101510035 -0.054213535
Ê½ -0.30189407 0.25050652 -0.04800699 0.23187682 0.12807 -0.25586596 -0.04630749 0.33288494 -0.20604625 0.23538275 0.073862724 -0.10848411 -0.17300534 0.084915504 0.38332367 -0.30727533 -0.15292746 0.22340614 -0.10622708 -0.16689444 -0.0041617164 -0.2620314 -0.090769686 0.10426905 -0.23844591 0.03600368 -0.045964237 0.1042371 -0.37517405 -0.11603489 0.08654592 0.15616134 0.20244803 -0.039093554 -0.0892054 -0.00823609 -0.112383164 0.071206756 -0.35029143 -0.37104502 -0.30147552 0.0028413844 0.14852919 0.14411882 0.15090443 0.017046113 0.24431035 -0.006297432 -0.03274157 0.059691217 -0.035631645 -0.13224292 0.040988177 -0.20668183 -0.058220416 -0.2334517 0.237124 -0.23645009 -0.21773061 -0.0033088236 0.1987332 0.24844833 -0.14883737 -0.20503849 -0.23395942 0.21017317 -0.32403436 0.5145464 -0.25948805 0.03373844 0.039526142 -0.08718491 0.34373903 -0.11844808 0.013596117 0.17596702 0.14518264 -0.44337875 -0.3558618 -0.027576512 -0.1206177 -0.4470037 0.22466111 -0.029164266 -0.04590317 -0.08860732 -0.067525 0.39818135 0.086046055 -0.2722308 0.12156365 0.08854183 0.2679187 0.11319843 0.4130059 0.7106916 0.009089455 0.050737698 -0.33437523 0.44784665 -0.29085994 0.112555996 0.011069736 0.11263793 -0.2699507 -0.08327537 -0.3001851 0.25643346 -0.08991003 -0.31769693 -0.1945901 -0.26628807 -0.10807253 -0.14845523 0.019393122 -0.085141994 0.1789242 -0.28702193 -0.085857816 0.07543756 0.092626505 0.20820525 -0.0061208825 -0.24292772 -0.04187246 0.36214152 -0.39500424 0.17762591 -0.15992041 0.000737544 0.037427202 0.1866722 -0.10897337 0.2725041 -0.07835565 0.30203888 -0.12803574 -0.40862334 -0.13617079 -0.012758259 0.031857602 0.10546625 0.20216024 0.052420896 -0.0076592835 -0.016635379 0.016230477 -0.118752524 -0.1648863 -0.10306936 -0.026243396 -0.019309478 0.06126752 0.02446122 -0.18190733 -0.04781087 -0.15101576 -0.06286553 -0.30052182 0.51272213 0.17879704 0.1771784 0.12428935 -0.022955706 0.024540529 0.03371849 0.23694853 -0.13599215 -0.0016526052 0.16036814 -0.23363636 -0.17756899 0.11563312 -0.08079974 0.17421904 0.3292147 0.1237405 0.19404677 0.27652922 -0.14647287 0.06254109 -0.2363998 0.18578862 -0.11627556 0.008325552 -0.18938066 0.1858696 0.49318814 0.6032334 0.06340231 0.4683912 0.17430311 -0.36016387 -0.2557945 0.14348465 0.19073506 0.36257428 0.024865208 -0.00792459 -0.047618654
17 -0.10346492 0.0756594 -0.019129802 0.085458964 0.0446565 -0.09024904 -0.016404886 0.10388921 -0.059850503 0.076314196 0.02683022 -0.03578331 -0.065887325 0.040625356 0.12262281 -0.10604681 -0.055561863 0.06466431 -0.035963293 -0.05848893 0.0011669102 -0.09089215 -0.027229942 0.029464323 -0.072339594 0.0075275516 -0.012479485 0.03930442 -0.13321877 -0.039706554 0.04122471 0.04641621 0.06847429 -0.008532975 -0.03393355 -0.0074210935 -0.02729989 0.014075627 -0.13090056 -0.12763736 -0.106026664 -0.0010032177 0.057177834 0.056155212 0.048651002 0.0059727277 0.07228241 0.008062881 -0.0040828716 0.016531276 -0.010181246 -0.036930278 0.01117956 -0.07586906 -0.026432572 -0.069687225 0.08271284 -0.0900728 -0.08169817 0.0031280704 0.065593086 0.09629163 -0.0542193 -0.07078126 -0.08954029 0.07215623 -0.11093294 0.1791681 -0.08439585 -0.0009883229 0.016928352 -0.030243248 0.12077199 -0.035006914 0.008150766 0.05268816 0.04705176 -0.15157008 -0.12522031 -0.019184163 -0.038117867 -0.14650004 0.07611791 -0.007353473 -0.007365563 -0.0066521266 -0.025716819 0.12466131 0.015756529 -0.09196978 0.04808689 0.032180727 0.08748474 0.040243637 0.13499907 0.25247702 -0.010445113 0.015877442 -0.098823585 0.14252241 -0.09406925 0.032871366 0.011099553 0.040145848 -0.09732782 -0.032696612 -0.09081127 0.08927546 -0.02831675 -0.09773159 -0.07310655 -0.08807032 -0.035400745 -0.06194747 0.01457794 -0.036589574 0.0542148 -0.09842613 -0.0227151 0.020481806 0.0499136 0.07919501 -0.006180851 -0.08408117 -0.0046869637 0.11773908 -0.123817384 0.04760859 -0.053162362 0.0074563585 0.009711846 0.06855877 -0.041472957 0.085675135 -0.031442758 0.101384945 -0.04536174 -0.12906905 -0.04944029 -0.019397609 0.01454833 0.025518626 0.06992553 0.017728224 0.0047359383 -0.0141845485 -0.0028693916 -0.032843985 -0.05328914 -0.032804176 -0.0051622 0.0026125135 0.026111936 0.00659895 -0.058062933 -0.021418106 -0.05291001 -0.013780538 -0.09774163 0.16059664 0.069174856 0.060967486 0.04294588 -0.016593726 0.0043422966 -0.00037701087 0.0784389 -0.036866702 -0.0018044058 0.051840458 -0.07643421 -0.060300834 0.046173736 -0.025667133 0.055474967 0.11289082 0.04348106 0.061617926 0.082278505 -0.04774632 0.03126244 -0.07124449 0.06328953 -0.039547563 0.009981062 -0.06611232 0.052513894 0.15960388 0.20247601 0.027292538 0.16108143 0.06350897 -0.11049027 -0.09093298 0.045723177 0.06746509 0.1192273 -0.0051274095 0.009849498 -0.022982525
8 -0.14856045 0.117226966 -0.02784538 0.11573275 0.06022612 -0.12517074 -0.024941182 0.1663528 -0.09556104 0.10627516 0.03413954 -0.05225079 -0.08782834 0.04398634 0.18183719 -0.14908879 -0.07981777 0.102183975 -0.05258319 -0.07820074 -0.0021054554 -0.12910552 -0.04479381 0.054253187 -0.11757692 0.012102127 -0.022745345 0.05363559 -0.18770754 -0.060142215 0.05129544 0.076735534 0.09880808 -0.025264414 -0.049174193 -0.0023449005 -0.05326709 0.035103798 -0.18421058 -0.1860033 -0.14720803 0.00095569674 0.075855955 0.076632015 0.070482 0.005758055 0.11263742 0.0024697701 -0.014007629 0.023768712 -0.0099657895 -0.056079738 0.021238253 -0.105876766 -0.03292568 -0.10641364 0.122282244 -0.121783346 -0.11029641 -0.0011211709 0.091190495 0.12309051 -0.07838871 -0.10208057 -0.11743404 0.10812991 -0.15652238 0.25199273 -0.123053335 0.013441595 0.026896324 -0.037650213 0.17027558 -0.05674616 0.0049486123 0.08091828 0.06835292 -0.21417214 -0.17980857 -0.016166685 -0.061723575 -0.2159747 0.10598054 -0.019800717 -0.023871003 -0.035476994 -0.033278603 0.18854935 0.04126137 -0.12824164 0.06106275 0.041832387 0.1376023 0.062615275 0.19780682 0.35698113 -0.00081192126 0.023829147 -0.15628673 0.22118248 -0.13842401 0.057220764 0.011873835 0.056064878 -0.12736815 -0.039214853 -0.13540536 0.12261044 -0.045593996 -0.15397456 -0.09517418 -0.12504804 -0.048938897 -0.07241325 0.01220085 -0.040602516 0.08612302 -0.13683137 -0.042372514 0.03469119 0.045213755 0.103514954 0.000118050026 -0.11907542 -0.0210867 0.17988747 -0.19335175 0.085605204 -0.07920201 0.00065538764 0.017614169 0.100495614 -0.053857908 0.13513556 -0.030696316 0.1470868 -0.061363183 -0.18965767 -0.07384075 -0.00946086 0.018157978 0.047934443 0.10299362 0.0319206 0.000454284 -0.010840583 0.0014581162 -0.057497017 -0.08322303 -0.054283254 -0.016150093 -0.0038219236 0.034462266 0.009940917 -0.092339955 -0.022804767 -0.076731436 -0.028821899 -0.14614347 0.2514107 0.09137337 0.08579908 0.058511153 -0.015585357 0.0059421966 0.0055101253 0.11852236 -0.06236142 -0.0037962173 0.073121786 -0.111587785 -0.08828831 0.061044708 -0.03691175 0.08203686 0.15559313 0.0635817 0.09992513 0.123857796 -0.0743638 0.03204518 -0.10975223 0.08689136 -0.055450894 0.007841222 -0.09716809 0.088152856 0.2338224 0.29951566 0.028836662 0.23047726 0.08856343 -0.17170863 -0.13154306 0.06861617 0.098275565 0.17271897 0.0053697964 0.003504049 -0.028760627
ª¥ 1.947105e-05 -0.001478992 0.0035098838 0.0043398137 -0.0028329194 0.004164592 -0.000997337 -0.004106992 -0.0030876703 0.0022206593 0.0043620225 0.0008913928 0.0016845965 0.001764614 -0.000640586 -0.0023153932 0.0045301523 -0.0033649213 -0.0018325024 -0.0038452614 0.0049026 0.0022320962 -0.0019298536 0.001467756 -0.0036651164 0.0010014593 -0.0032203877 -0.0025162364 -0.0016028113 0.0037744022 0.0014932757 -0.0037957407 -7.669926e-05 0.0012784105 0.0049256855 0.001938762 0.00027110695 -0.0048476323 -0.00075898826 0.0005446577 0.0028488988 -0.0037001169 0.004873947 0.0010969335 0.0028876471 0.0027311437 -0.0012866968 0.000859468 0.004812641 0.002566958 -0.002060823 0.0045273914 0.001276614 0.0020797467 0.0046832873 -0.0010070747 -0.00272022 -0.000573498 -0.0011267024 0.0041870265 0.0020308995 0.0024436556 0.0014196915 -0.0034072178 0.0019445849 0.00072089554 -0.0040341048 -0.001075781 0.0012397099 -0.003327918 0.003748867 -0.0035323852 -0.00013266444 0.0013634473 -0.004017346 0.00064819754 -0.00031452774 0.0012994892 -0.0048932517 0.0039516906 0.0042003365 0.0026051544 0.0009968549 0.0038836568 -0.0017894512 -0.0011932277 -0.0043210997 0.0026421386 -0.0017482591 0.004384707 0.0023031926 -0.0020370185 -0.0022545105 -0.0048159445 -0.00084652187 -0.0038443024 -0.001243186 -0.0036700899 0.0028931575 -0.0010773629 -0.00029476703 0.0042430325 -0.0038544936 -0.00076876045 0.0046169967 -0.0034222817 0.00088472484 0.0034855735 0.001208561 -0.0045924927 0.003695826 -0.0034071768 0.0025150883 0.0033132362 -0.0014472866 0.0013228852 -0.0014765918 -0.0041805417 -0.0032470494 -0.0016730296 -0.0008595574 -0.0019256842 -0.00390694 0.0009949874 -0.0017457276 -0.0038091154 -0.00023301602 -0.0032724405 -0.0015044385 0.003317522 -0.002269579 0.00031615674 -0.00051293016 -0.00431138 -0.004483127 -0.003370096 0.00015859902 -0.0030271877 0.0037268382 0.0036498518 0.0018171376 -0.0039314516 0.002537591 0.0026596445 -0.0011652565 -0.0036758292 0.004865112 -0.0027226638 -0.0022125244 -0.0021933103 -0.0002721858 -0.001272332 0.0019493032 -0.0014395087 -0.0012516809 0.0035465192 0.0027048744 0.0008341056 -0.0045530773 0.0010679043 -0.0033587294 0.0016973435 -0.0009114623 -0.0029688524 0.0012266904 -0.00081564905 0.004441208 0.0037016673 0.003967445 1.8331408e-05 0.004594256 0.0013850343 -0.00083824276 0.003872655 -0.0020704365 -0.0014783859 -0.0018460399 -0.0035519362 0.0034422183 0.0026405829 -0.0030560237 -0.0025946551 0.002295366 0.0043458506 -0.0040773945 0.0016996599 -0.0027558845 0.0005472058 -0.0032013368 0.00067073765 0.002478133 -0.0028841896 0.0025146557 0.003553245 8.209705e-05 0.00030392112 0.0021852045 -0.0030745936 0.004573055 -0.0021637697
HayekÖ®¼ÌÐø -0.126197 0.10703454 -0.02232134 0.10188482 0.064976126 -0.11599315 -0.010488689 0.1449533 -0.08042558 0.100401305 0.024473157 -0.042336036 -0.068482496 0.04116617 0.1678781 -0.13726835 -0.060763314 0.09597944 -0.04888041 -0.07201824 0.0052144486 -0.11258192 -0.03148059 0.048805464 -0.0960736 0.020523516 -0.013838185 0.039103106 -0.15966128 -0.042482484 0.036768313 0.059471894 0.08635306 -0.020868322 -0.038144667 0.0028001906 -0.046772856 0.021606794 -0.15956855 -0.16674039 -0.13836004 0.0009396232 0.059754487 0.06941384 0.05969166 0.010697718 0.101468936 -0.010615389 -0.010537123 0.031631075 -0.008273632 -0.06122383 0.010179839 -0.08440497 -0.019849693 -0.10555491 0.09766838 -0.10122863 -0.09637647 -0.0046748878 0.08084858 0.09953869 -0.061529763 -0.08876297 -0.098080255 0.09314973 -0.1351815 0.22345442 -0.120786995 0.008195027 0.01154079 -0.035954453 0.15509516 -0.053663798 0.00459613 0.06766741 0.06749307 -0.19471057 -0.15636805 -0.012623986 -0.050537374 -0.19669546 0.09448603 -0.0044896426 -0.027380232 -0.03234033 -0.027294671 0.17730895 0.037140187 -0.1131882 0.04751263 0.042862143 0.11914713 0.050660938 0.1764431 0.31065935 0.0024557926 0.016859498 -0.13656776 0.19858769 -0.126177 0.050318994 0.008532369 0.04768748 -0.12340789 -0.038174704 -0.1218769 0.103286944 -0.03609065 -0.14489646 -0.08669556 -0.12324157 -0.047331788 -0.06529301 0.013274855 -0.041217286 0.073329195 -0.11627653 -0.03940991 0.027816394 0.040384606 0.09185455 -0.0089872535 -0.10940317 -0.018938184 0.15779673 -0.17811526 0.06930423 -0.07202449 -0.004964843 0.020038389 0.08304701 -0.04356294 0.1159124 -0.025364585 0.13637961 -0.06248308 -0.1695143 -0.06906385 -0.0077054896 0.011293139 0.03467128 0.083379984 0.025721164 -0.006081512 -0.010257078 0.0061854394 -0.05059175 -0.06880961 -0.04342911 -0.008535456 -0.011229213 0.02512852 0.006893196 -0.08788632 -0.01758688 -0.054963034 -0.03247733 -0.12422293 0.22535536 0.084822714 0.07837839 0.052458566 -0.0076698205 0.0027342709 0.016307043 0.104384966 -0.06088775 -0.0049355286 0.06805556 -0.11054143 -0.076578915 0.05085667 -0.032102592 0.08044371 0.14578794 0.05383205 0.08585087 0.11637398 -0.06576273 0.023047103 -0.1044337 0.07890903 -0.040529106 0.007568172 -0.07910308 0.080425374 0.20880735 0.26673207 0.0316263 0.19871339 0.07911576 -0.15725535 -0.107057996 0.06381435 0.079153016 0.1608442 0.012994505 0.0022148255 -0.02658311
·´ -0.22659594 0.18586484 -0.037862882 0.17402415 0.09440798 -0.1850797 -0.028358579 0.25307456 -0.15423155 0.17654693 0.050321206 -0.08451441 -0.12026146 0.060458925 0.28647265 -0.22375038 -0.11391604 0.17397955 -0.07673304 -0.11708592 -0.0031009438 -0.18551043 -0.065747656 0.06959555 -0.1755939 0.024951842 -0.027598677 0.079131894 -0.27022663 -0.08348106 0.06819925 0.113847114 0.1515055 -0.036206488 -0.065910876 -0.012655005 -0.08591204 0.056384064 -0.26219723 -0.27504587 -0.22080538 0.009484056 0.103193 0.102425426 0.10501267 0.013703274 0.17607482 -0.006904432 -0.029200923 0.038977128 -0.02757934 -0.099817336 0.02662615 -0.1524508 -0.040648952 -0.1684912 0.17276846 -0.18148723 -0.1618759 0.0009124547 0.14467572 0.1759626 -0.114136696 -0.14670599 -0.17045823 0.14963669 -0.23763852 0.37837118 -0.18848203 0.01882582 0.02977225 -0.06808895 0.25477007 -0.08786472 0.0038462142 0.12154056 0.10825919 -0.32634616 -0.26286685 -0.015466391 -0.090483986 -0.33469883 0.17214987 -0.023833472 -0.030016525 -0.06666322 -0.0581642 0.29063177 0.0699505 -0.19139688 0.090843886 0.06898958 0.19438644 0.0808245 0.30045444 0.52764714 0.006104151 0.03876646 -0.24757743 0.3307058 -0.21778259 0.07923489 0.010280632 0.07488055 -0.19344203 -0.054291386 -0.21523142 0.18908577 -0.06479691 -0.23161274 -0.14061695 -0.19214125 -0.07653294 -0.10427 0.01040248 -0.06322634 0.1327467 -0.21258546 -0.06719274 0.05356335 0.065056585 0.15509595 -0.010737271 -0.18073788 -0.032347374 0.27058384 -0.29397407 0.12947683 -0.12467254 -0.0024650262 0.030461632 0.13696101 -0.07799998 0.20336534 -0.051214073 0.21748532 -0.09836686 -0.30156508 -0.10417383 -0.008046993 0.026701506 0.08018377 0.15366842 0.043603815 -0.00586943 -0.011451593 0.015773842 -0.08903049 -0.12042783 -0.07442657 -0.026539093 -0.010806308 0.053115647 0.016448652 -0.14157294 -0.040460173 -0.11524842 -0.043344915 -0.22728306 0.37604102 0.1339248 0.13672785 0.08933539 -0.012674751 0.01661197 0.029228069 0.16713263 -0.1038407 -0.0023825122 0.11019903 -0.16920796 -0.12987593 0.08883992 -0.05786287 0.1327974 0.24120067 0.091929816 0.13886091 0.20398682 -0.11534508 0.047163833 -0.1801034 0.140964 -0.08318415 0.0032914486 -0.14444695 0.13249965 0.3668085 0.442063 0.041451126 0.34476727 0.1352627 -0.2704746 -0.18804781 0.101648316 0.13948907 0.2666384 0.027531244 -0.007581582 -0.03276089
Ò° -0.20857483 0.17059253 -0.041543193 0.15517169 0.079557635 -0.17450589 -0.028199032 0.22435492 -0.1429205 0.17002496 0.045845624 -0.08076584 -0.114262804 0.05828022 0.27296865 -0.2082191 -0.10222457 0.1537925 -0.06468655 -0.111022994 0.002321009 -0.17512856 -0.06755396 0.06345935 -0.16661246 0.021799447 -0.024902748 0.069665 -0.256298 -0.08069807 0.060891967 0.11100445 0.13594884 -0.027247544 -0.05577785 -0.012234949 -0.08021427 0.0523206 -0.24129245 -0.2623395 -0.20448558 -0.00073733693 0.097284324 0.09909561 0.098681584 0.017767955 0.16962607 -0.0008430262 -0.026240572 0.03249599 -0.019707266 -0.084103614 0.030726055 -0.13337038 -0.03690004 -0.16155578 0.16639678 -0.16231266 -0.15191978 -0.0043771225 0.13261081 0.17141534 -0.10389862 -0.13706315 -0.15788738 0.14437059 -0.22198953 0.35461578 -0.1762535 0.0195891 0.025606226 -0.059992965 0.2400779 -0.08626826 0.009748382 0.114579625 0.09498963 -0.30192447 -0.24198925 -0.022121394 -0.08618392 -0.31086308 0.16071643 -0.021248793 -0.03406678 -0.06144449 -0.051419087 0.27381584 0.06606059 -0.18121448 0.07593488 0.06435382 0.18355858 0.07485861 0.27849033 0.49203697 0.00061397685 0.035859138 -0.23042172 0.3007293 -0.20096545 0.07715679 0.011082228 0.07295411 -0.18173897 -0.053502347 -0.20645568 0.17468655 -0.0649678 -0.22260003 -0.1276796 -0.17992388 -0.07356346 -0.1024665 0.0072173034 -0.058674797 0.11825083 -0.19438341 -0.057220113 0.053254027 0.057945248 0.14372621 -0.012343784 -0.16184485 -0.027185272 0.24606602 -0.27111724 0.11899934 -0.11127972 -0.0011032546 0.023385473 0.12372101 -0.081182584 0.18406169 -0.05100333 0.2024125 -0.09551774 -0.2833916 -0.09586472 -0.010156297 0.024968378 0.074531116 0.13471289 0.034601074 -0.0034551735 -0.011477709 0.007406998 -0.07740667 -0.11214003 -0.07668186 -0.023188235 -0.013928638 0.041057885 0.009051694 -0.12519853 -0.037653346 -0.10434033 -0.047677346 -0.20469849 0.35417452 0.124712266 0.122521594 0.08114649 -0.008775316 0.020836432 0.019045437 0.15251338 -0.095645875 -0.0014069472 0.11124506 -0.16012849 -0.12314961 0.077824816 -0.054141797 0.12475934 0.2227958 0.080618225 0.13111322 0.19544919 -0.103541486 0.04005732 -0.15913984 0.12876862 -0.07568443 0.0069163716 -0.13018501 0.12923515 0.3366692 0.41418648 0.03818303 0.31671974 0.12160463 -0.2449357 -0.17514282 0.09058752 0.13035274 0.24736497 0.02023249 -0.0059138318 -0.031249356
¸ß -0.17976908 0.14611283 -0.026038243 0.13358134 0.07695918 -0.15128618 -0.022452578 0.20634179 -0.12613621 0.14859875 0.045659404 -0.06504194 -0.09675486 0.049463425 0.22820532 -0.18408044 -0.09502423 0.13964227 -0.055608317 -0.096604265 0.00034204323 -0.15235576 -0.057770427 0.056034785 -0.13922794 0.026291804 -0.031267624 0.06359032 -0.22449908 -0.07426621 0.050161522 0.092637725 0.12208479 -0.021724474 -0.05302427 -0.010713813 -0.06320765 0.039803594 -0.21181788 -0.22042555 -0.18346123 0.004434206 0.09218707 0.08698965 0.087351 0.010248631 0.14227016 -0.0049686944 -0.018765805 0.030047385 -0.018718952 -0.07752776 0.025412174 -0.11749882 -0.033317573 -0.13995329 0.1447426 -0.14797674 -0.124068186 -0.0032022758 0.12387806 0.14359981 -0.093910836 -0.12323572 -0.1352864 0.12542364 -0.19130877 0.31299886 -0.14919795 0.020867001 0.019820396 -0.053040247 0.20621224 -0.068844944 0.009556178 0.10453023 0.087711915 -0.26438954 -0.21295887 -0.018302765 -0.06963348 -0.2723393 0.1353494 -0.017597562 -0.025254898 -0.048437145 -0.044249494 0.2389314 0.052954406 -0.15765315 0.06651951 0.047512967 0.1654891 0.0653772 0.24525206 0.41916814 0.005895781 0.033698812 -0.20293002 0.2653392 -0.17261499 0.064784035 0.0062802164 0.0643789 -0.16340896 -0.051175125 -0.17961521 0.155182 -0.05546385 -0.18785027 -0.11777901 -0.16330706 -0.06385279 -0.083599456 0.009991027 -0.052409098 0.11001699 -0.17167148 -0.047748316 0.042284872 0.056644615 0.12419081 -0.0049549593 -0.14492407 -0.02716219 0.22257967 -0.24010864 0.10189406 -0.09759026 0.006788446 0.02327942 0.1076486 -0.068325944 0.16476738 -0.041936647 0.17625006 -0.08139976 -0.24580076 -0.07938832 -0.009917741 0.019837111 0.069405474 0.11825913 0.035495427 -0.0055946633 -0.0073086526 0.011448188 -0.072867736 -0.096495025 -0.063032664 -0.016753178 -0.008079331 0.03555185 0.012896028 -0.11123843 -0.03347337 -0.08845292 -0.035811413 -0.17643316 0.3015062 0.1045668 0.10593886 0.070709646 -0.011675835 0.010342204 0.019805223 0.13317434 -0.08062178 0.0019371968 0.09198867 -0.14009993 -0.10004371 0.066881366 -0.049446467 0.10782329 0.19075097 0.06934216 0.11372384 0.1670975 -0.094862826 0.037746307 -0.14391863 0.11455475 -0.0645525 0.005753513 -0.114605874 0.10752397 0.29560703 0.35597354 0.036582552 0.27628267 0.10376088 -0.21898927 -0.14971761 0.08788693 0.11653607 0.213902 0.019675888 -0.0050093364 -0.029963816
ÓÃ -0.21030754 0.17101099 -0.03959611 0.15949537 0.09172074 -0.17711267 -0.030611834 0.23812822 -0.1438005 0.16581681 0.046478566 -0.08174456 -0.1192135 0.06288928 0.27526712 -0.21182954 -0.11133853 0.15852451 -0.07339908 -0.11839736 -0.001596386 -0.18311499 -0.06572425 0.07000448 -0.16268231 0.030906215 -0.02662747 0.07038615 -0.26083383 -0.07910814 0.058409117 0.11312616 0.14194295 -0.02831994 -0.063559785 -0.010709954 -0.07367652 0.050537124 -0.2493094 -0.2630427 -0.20670319 -0.0016330244 0.1026525 0.10360079 0.103369415 0.016152075 0.17154309 -0.0033625443 -0.02940118 0.037388526 -0.027072811 -0.088363916 0.021475371 -0.13750835 -0.039016698 -0.16250642 0.16530819 -0.16917343 -0.15182118 -0.0028466915 0.13770968 0.16625142 -0.10529928 -0.14078943 -0.16526397 0.14717045 -0.22297135 0.35737127 -0.18037051 0.0236256 0.028917328 -0.063145176 0.24461746 -0.08926506 0.005198236 0.123276845 0.106502 -0.3034399 -0.24585973 -0.024796998 -0.088221535 -0.31725347 0.16343515 -0.027991071 -0.03419098 -0.060602706 -0.054232936 0.27409214 0.058136337 -0.18785903 0.086189836 0.06191777 0.1874989 0.07645853 0.2920352 0.4970618 0.010392112 0.04119265 -0.23117954 0.30669636 -0.20313835 0.07184768 0.009642766 0.069950886 -0.19075792 -0.052858833 -0.20729192 0.17735243 -0.066325426 -0.22356959 -0.13738605 -0.18369338 -0.067775376 -0.10334613 0.010472518 -0.05550164 0.12191991 -0.19235863 -0.056887038 0.047949158 0.061821725 0.14840665 -0.013519739 -0.1733316 -0.038566925 0.25460103 -0.27751985 0.12158807 -0.111758195 0.0030837492 0.031608727 0.1350413 -0.079246424 0.19449627 -0.05032112 0.2165348 -0.0961475 -0.27880841 -0.0981674 -0.010013666 0.025222944 0.06995329 0.1433404 0.04059954 -0.0035403336 -0.011297207 0.010897585 -0.086377226 -0.11127648 -0.07851896 -0.025327256 -0.013361804 0.04775315 0.017469084 -0.13211568 -0.030368824 -0.10930943 -0.040064536 -0.21050256 0.3536854 0.12794696 0.12622017 0.081138246 -0.013264021 0.012623285 0.02150667 0.16223022 -0.098690584 -0.0019710632 0.10976871 -0.16214482 -0.12546685 0.08203335 -0.060633104 0.11901086 0.226196 0.08962904 0.13789988 0.1958147 -0.10850843 0.04650099 -0.16343534 0.13261737 -0.076188155 0.004958958 -0.13311721 0.12722687 0.34483117 0.42336255 0.046184026 0.3252446 0.124260545 -0.25117135 -0.17729564 0.09829335 0.13148026 0.25172228 0.021555914 -0.004796804 -0.03733918
½¨ -0.18338402 0.14966168 -0.03304454 0.13817438 0.071514286 -0.14632846 -0.023269642 0.2038553 -0.12413173 0.14481811 0.043513805 -0.0683293 -0.100972556 0.04862569 0.23093241 -0.17865653 -0.087476574 0.13990611 -0.060427044 -0.09216725 -0.0042185555 -0.1523801 -0.06170078 0.055521116 -0.13655643 0.020637812 -0.02918609 0.060333285 -0.21976852 -0.064106874 0.05015188 0.08832642 0.11639048 -0.031002522 -0.046197522 -0.0036465118 -0.064125374 0.047145903 -0.20846106 -0.22490455 -0.1790611 -0.0009322405 0.08237639 0.08893813 0.08407829 0.007220228 0.13918145 -0.0028655676 -0.019596973 0.034357473 -0.025924668 -0.08054419 0.02076939 -0.11480354 -0.029584706 -0.13345885 0.13696174 -0.14506769 -0.13070606 -0.0071262876 0.12128144 0.14727175 -0.08763821 -0.11872253 -0.14011785 0.12158884 -0.18560854 0.3058333 -0.15658088 0.021530898 0.029888688 -0.050914902 0.20436285 -0.069972925 0.009624908 0.10531694 0.08382078 -0.26592714 -0.20835541 -0.011763266 -0.070226744 -0.2706992 0.1379002 -0.019406177 -0.028937168 -0.051333874 -0.047282502 0.23733656 0.050539132 -0.15735316 0.067480616 0.054422144 0.15958391 0.060504127 0.24689774 0.41889563 0.009310921 0.03245021 -0.19968095 0.2670984 -0.17609398 0.06660162 0.011963387 0.067108825 -0.15778668 -0.043444674 -0.182679 0.15514983 -0.050875135 -0.18738672 -0.107938424 -0.15874802 -0.055014305 -0.086032756 0.006827398 -0.044046547 0.10906626 -0.16414215 -0.05479176 0.044066146 0.05259333 0.11774398 -0.01160309 -0.14254408 -0.034943286 0.21988194 -0.23806767 0.111992136 -0.092132255 -0.0018291458 0.027521104 0.11214909 -0.06430471 0.1626235 -0.045039956 0.18200454 -0.08059444 -0.24118792 -0.07889515 -0.00902696 0.019868948 0.07011525 0.12168467 0.028032666 0.00040248473 -0.0035485416 0.008826436 -0.07424002 -0.09210176 -0.06576379 -0.017689334 -0.0045506298 0.03959841 0.013918304 -0.11275522 -0.030149687 -0.09390404 -0.041407753 -0.1818981 0.29795352 0.10459086 0.10284052 0.07680014 -0.013284988 0.0100078015 0.017837625 0.13726978 -0.08144785 0.0021813472 0.09401067 -0.13750477 -0.10290373 0.06506661 -0.044724483 0.1087293 0.19556788 0.06848688 0.11461737 0.16234393 -0.09239248 0.032529432 -0.13568594 0.114153214 -0.069448754 0.009512983 -0.11619411 0.10832116 0.2991656 0.34902796 0.03747112 0.27953553 0.10287183 -0.21755399 -0.1530107 0.08139238 0.11688691 0.20997234 0.021379527 -0.0033537163 -0.025125481
(Mon -0.1099836 0.081640944 -0.022470616 0.08454515 0.04860036 -0.095132865 -0.018004155 0.11091375 -0.064043224 0.07207737 0.020492984 -0.039883155 -0.06427515 0.040304843 0.1335448 -0.1100179 -0.0590516 0.07654889 -0.043290574 -0.057493083 0.0006523729 -0.10185302 -0.024896404 0.039709914 -0.07808367 0.008255923 -0.013464111 0.042891163 -0.13068375 -0.041505717 0.042416554 0.047964983 0.07059203 -0.0124841295 -0.036481164 -0.0041885637 -0.038518306 0.02182722 -0.13028258 -0.12998675 -0.11530227 -4.8079648e-05 0.05968164 0.062021624 0.052219205 0.00038523096 0.06960202 0.0058463793 -0.0018151393 0.016161405 -0.010151 -0.040863432 0.019239629 -0.07663194 -0.024268001 -0.07500048 0.08994023 -0.093949564 -0.08876057 0.006014242 0.06836656 0.09290184 -0.05963468 -0.07392474 -0.089544736 0.08410167 -0.118292235 0.19213937 -0.09288349 0.007944558 0.020716626 -0.02855275 0.12573396 -0.030923456 0.0038900774 0.061276518 0.047361735 -0.15980248 -0.13181028 -0.015134005 -0.045349255 -0.15027697 0.08006531 -0.013823291 -0.014992068 -0.012844244 -0.022349639 0.13777594 0.017425 -0.096510656 0.04844068 0.030804295 0.10032363 0.049006123 0.15106045 0.26442707 -0.0114824865 0.017836336 -0.111510776 0.1537808 -0.09615535 0.03149267 0.008849763 0.041522443 -0.095994644 -0.032153573 -0.095667064 0.09069295 -0.02885076 -0.10374669 -0.07330438 -0.09537327 -0.03737233 -0.06279937 0.008717885 -0.03278794 0.064186454 -0.10760898 -0.026687985 0.02072074 0.045718405 0.08269062 -0.006012105 -0.08285612 -0.0080062505 0.12652619 -0.13182685 0.059792016 -0.057321917 0.009653871 0.0115957875 0.06837064 -0.04642323 0.091316864 -0.028286787 0.10889633 -0.04909319 -0.140019 -0.052022617 -0.01735807 0.01520629 0.026743455 0.07779587 0.016412267 -0.00056735944 -0.01851779 0.0032678735 -0.035884373 -0.052685764 -0.039248776 -0.011440215 -0.0046830187 0.033957977 0.010677861 -0.05685586 -0.020968638 -0.058298834 -0.011547028 -0.11035597 0.17248827 0.06643472 0.06799603 0.046850547 -0.018256018 0.004466492 0.006970185 0.088337414 -0.048584253 -0.009460925 0.05319456 -0.08523725 -0.0662947 0.043052044 -0.03275925 0.052161057 0.11157247 0.049205467 0.06714809 0.08484331 -0.05640126 0.02723326 -0.0744308 0.06068455 -0.036295764 0.0073001864 -0.0687697 0.05270339 0.17381532 0.2162381 0.031083982 0.16845922 0.07481687 -0.11790879 -0.08719164 0.051054783 0.071006335 0.13518296 0.00533883 0.004981995 -0.022658028
¡¿11 -0.04965721 0.04630481 -0.009582178 0.043108847 0.023959558 -0.048882313 -0.001885034 0.06366733 -0.03687077 0.035450477 0.005012812 -0.019876692 -0.031728897 0.016622355 0.062345184 -0.051879715 -0.029174466 0.033624522 -0.01146892 -0.030872138 0.00161427 -0.042261712 -0.018571382 0.023443919 -0.037539613 -0.00044315972 -0.0077739493 0.014456074 -0.06934727 -0.024519853 0.012315577 0.029826555 0.033361763 -0.007518448 -0.015639296 -0.0056926343 -0.020447027 0.014466207 -0.058868077 -0.06936527 -0.049461287 0.0035845975 0.023481494 0.02358819 0.029697852 0.004682528 0.039853845 0.0044904966 -0.003090362 0.011162442 -0.0007822908 -0.024408525 9.617867e-05 -0.039813407 -0.012020151 -0.04073615 0.037124466 -0.043230414 -0.034633223 -0.004802496 0.030873232 0.039449815 -0.025932105 -0.032823686 -0.044198394 0.03765553 -0.054557037 0.08364954 -0.04804806 0.0038422453 0.008706044 -0.013747437 0.05551946 -0.021119244 0.004370381 0.031428356 0.0228674 -0.08134281 -0.066881575 -0.0022755242 -0.027315594 -0.074081995 0.032247666 0.00010560068 -0.010856693 -0.010613467 -0.013185962 0.069450706 0.011178335 -0.04994349 0.017765116 0.02089969 0.050888028 0.026251849 0.06849824 0.12390911 -0.0012023812 0.011222965 -0.06288435 0.07251639 -0.046278387 0.019734705 0.0021009184 0.023103556 -0.04429595 -0.02030367 -0.053829566 0.040455475 -0.012873023 -0.055982556 -0.029678684 -0.04625171 -0.014610456 -0.027940445 0.006786638 -0.014460292 0.030526923 -0.044103142 -0.008360134 0.017768245 0.013199205 0.034946457 0.0076895324 -0.04205952 -0.012931963 0.059562236 -0.07356762 0.028446479 -0.027481105 0.0021401858 0.010067193 0.038718477 -0.01549737 0.04326653 -0.015775267 0.043928336 -0.025828468 -0.070148654 -0.018350512 0.001657459 0.003397623 0.018809922 0.032590672 0.0049519264 0.003425881 -0.001526615 -0.0033641646 -0.021455653 -0.030929156 -0.015188943 -0.0044861548 -0.005464579 0.006830673 0.0075330394 -0.030545445 -0.014489268 -0.022940705 -0.004025125 -0.0517462 0.08729236 0.031778503 0.034245808 0.01914792 -0.010043502 -0.003210942 0.007838678 0.03860034 -0.027299697 -0.0061501833 0.029546605 -0.037374556 -0.029656682 0.018946987 -0.012426769 0.027456867 0.055424552 0.021043204 0.027742948 0.046778455 -0.028556637 0.015771676 -0.04355226 0.02844791 -0.023005683 0.0005804245 -0.033150084 0.031832986 0.08331485 0.10174461 0.007947374 0.07498515 0.032446854 -0.06470178 -0.041486263 0.026986865 0.03519354 0.063568875 0.0015652189 -0.0005978911 -0.006520423
±¾±¨Ñ¶ -0.0012072921 -0.004301084 -0.002645405 -0.003555969 -0.0024697566 0.0034320313 0.0038448065 -0.0014445537 -0.0015040172 0.0026839108 0.004857068 -0.0032605636 0.00014306486 0.0029631169 -0.0036245184 -0.0016152299 0.00012397706 0.0004798913 -0.004305508 0.0020878273 -0.0022958904 0.00045249044 -0.0017982196 -0.0024327827 0.0017164135 0.0044760047 0.0021484739 -0.0040235836 -0.0006351143 0.003371758 -0.0007802147 0.0015086782 0.00014711916 -0.003747992 0.0014887494 0.0032719064 -0.0033723868 -0.0016150146 -0.0014109415 -0.0032145714 0.0018612951 0.0022511417 0.0010644794 -0.0019235844 0.003679543 0.0014931387 0.0033668883 -0.0010508465 0.0021194774 -0.0007503682 0.0021256774 -0.0009115857 -9.414792e-05 0.004361169 -0.003208571 -0.0038945228 -0.0004316747 0.003614797 -0.0029205633 -0.0013380968 -4.5512916e-05 -0.004458042 -0.0029346824 0.0049782614 -0.0033922798 -0.00024105608 -0.0034408271 -0.0037147182 0.0013267088 -0.0040819203 -0.00076979876 -0.004073797 0.0036776697 0.0026732802 -0.0049931016 -0.0028809505 0.0022755773 0.0026322706 -0.00031206786 0.0005482882 -0.0020290262 -0.0026832349 -0.0014461214 -0.0011531145 -0.0042001153 0.00052054645 0.0040625245 0.0035767758 0.0014645671 0.00032106042 0.0015210259 -0.0013932639 -0.0025680852 0.004856025 -0.0018838602 -0.0035058272 -0.0038906485 -0.0014075756 -0.00044673146 0.0028449702 0.0016359406 -0.0039753206 -0.0034107345 0.0035391087 0.0021177428 0.004482807 -0.0020731234 -0.00010120749 -0.0031312483 0.0033988433 -0.0002727115 -0.0024260974 -0.002642107 -0.0032603485 -0.0041124206 0.003161506 0.0047130263 0.00476805 -0.0029281753 0.00047167242 0.0039039308 -0.0037751354 -0.002141177 -0.0044652317 0.003114863 -0.002041725 1.7490984e-05 0.0031725364 0.004540171 -0.0016417872 0.0027430665 -0.0029660934 -0.0020293677 0.0028749376 -0.001150862 -0.0012600995 0.0010740799 0.003610541 0.0025821077 0.0036109858 0.000384202 -0.0013855868 -0.00050121127 0.0015984017 0.0046562874 0.0011716055 0.0043630693 -0.00065510394 0.003951832 0.002935037 -0.00087770104 0.00074602605 0.004823949 0.0048789294 0.001880607 0.0045554615 0.0026125503 -0.0039016544 7.943451e-05 0.0012993515 0.00029764176 0.0016969693 -0.0018140471 0.0021622246 -0.004298974 -0.0043392135 -0.0044081593 -0.0035120838 0.004483049 -0.004442765 -0.00087280927 -0.000586704 0.0014214665 0.0033901192 0.004303618 0.0018671745 -0.0011563278 0.0041751014 0.0048219585 0.0010421557 0.0018038899 -0.0024962192 0.0030668103 -0.003968758 -0.0015640986 -0.0005797714 0.002190842 -0.004356234 0.0008857942 0.0038309526 -0.000749771 -0.0046638064 0.0026031625 0.004144334 -0.0042266524 0.0011622751 -0.003704995 0.0005640954 0.0037154132 0.0015489442
¡¿7 -0.047224134 0.03957798 -0.006524873 0.033059917 0.012730382 -0.0453688 -0.0042053917 0.051231634 -0.031367306 0.030120987 0.0052193943 -0.02217739 -0.0193297 0.0065875803 0.05719622 -0.04090844 -0.025325395 0.03267316 -0.010787163 -0.022793317 0.0017920966 -0.04391414 -0.018111268 0.020973861 -0.03751304 -0.00013441812 -0.00012386528 0.01692448 -0.062668495 -0.020049142 0.010576559 0.029614152 0.035154153 -0.005141175 -0.008426297 -0.0005753752 -0.011304328 0.005994782 -0.053772867 -0.059672903 -0.047898203 0.008928305 0.016203677 0.016641052 0.022614853 0.0049783513 0.037740268 0.00024250092 -0.006473323 0.010676397 -0.0024283933 -0.025543822 -0.0017016086 -0.035339665 -0.010907915 -0.03466015 0.033860028 -0.033389837 -0.03298297 0.0014137641 0.03127752 0.04091429 -0.019051438 -0.029409975 -0.033416584 0.035064794 -0.057292983 0.07709558 -0.04471227 0.0015261397 0.002188504 -0.009356546 0.05381605 -0.018714162 0.0089308955 0.02559758 0.016988385 -0.07181442 -0.056819715 -0.008345701 -0.025923967 -0.06864926 0.03291535 -0.008939227 -0.0057276497 -0.0065574967 -0.009298569 0.06265396 0.011249869 -0.047074832 0.018863533 0.015587622 0.038554385 0.0229478 0.067961484 0.11192832 -0.0036828674 0.0076655755 -0.05885699 0.06733146 -0.04504883 0.02149804 0.0070179063 0.012777523 -0.045821246 -0.020252105 -0.050996512 0.04258496 -0.014619339 -0.053143717 -0.026115663 -0.03855712 -0.017990349 -0.021599472 0.006008523 -0.00935095 0.026611794 -0.03777848 -0.008908569 0.010642708 0.019672412 0.029965911 0.005469956 -0.045112286 -0.004938739 0.050799064 -0.068700284 0.023345124 -0.026016383 0.000652442 0.01101105 0.027928522 -0.021444136 0.040593054 -0.009710046 0.043680605 -0.023547392 -0.05991785 -0.01761455 -0.0015540402 0.004576776 0.021424854 0.033560015 0.0023997945 0.0035006402 -0.00043428817 -0.0025406794 -0.015251444 -0.028477883 -0.017613333 -0.007273832 -0.008171499 0.013229155 0.0050913705 -0.023583826 -0.014970599 -0.014291521 -0.004772195 -0.044228554 0.08235933 0.024113288 0.024671247 0.023521598 -0.010371473 -0.004399206 0.006229551 0.039673414 -0.019731563 -0.004821436 0.02570224 -0.042874303 -0.026295163 0.021822426 -0.008524789 0.029220939 0.04641751 0.02309918 0.025693588 0.046905827 -0.018643081 0.00962408 -0.03920383 0.02672953 -0.02216326 -0.0021357872 -0.033913575 0.027958276 0.07214744 0.095169894 0.008421727 0.06860026 0.022222463 -0.05539964 -0.036985092 0.028658034 0.02823122 0.05217271 0.0060012476 0.0007472817 -0.010464085
ÐÇÆÚÎå), -0.05570543 0.042378563 -0.013413227 0.04361183 0.021724688 -0.050586313 -0.0057410705 0.064143844 -0.040800963 0.04873085 0.011896017 -0.017511537 -0.033195432 0.02419863 0.07314983 -0.06429208 -0.033120543 0.038823973 -0.024367694 -0.036073312 -0.0036548562 -0.04878867 -0.01609902 0.022651164 -0.049817614 0.006627907 -0.010590088 0.025850222 -0.074576735 -0.02227911 0.023301518 0.022739176 0.042567596 -0.012621246 -0.01829417 0.0028827318 -0.021237265 0.015665969 -0.07418469 -0.07805977 -0.06102696 -0.004973237 0.02721197 0.029952722 0.032002356 0.0013734282 0.041045688 -4.8367612e-05 -0.007673855 0.0106746135 -0.006967314 -0.018046407 0.0059343157 -0.04005546 -0.0140606845 -0.047626138 0.049602624 -0.051794298 -0.043267887 -0.004805681 0.037831947 0.045997266 -0.031357944 -0.041652907 -0.048278917 0.038510952 -0.067166835 0.100172296 -0.052837938 0.0046075387 0.01210211 -0.017357474 0.072969906 -0.026704881 -0.0025785803 0.0327424 0.028660778 -0.08396749 -0.069691435 -0.010871227 -0.026036952 -0.0905279 0.049378216 -0.005227496 -0.012895982 -0.014274801 -0.0143712675 0.08288638 0.016915642 -0.048989348 0.032201346 0.017381288 0.05599652 0.020919876 0.079351924 0.13935302 0.0042397226 0.0071088914 -0.05531118 0.08150538 -0.053366248 0.020182595 0.0070147896 0.024218995 -0.05558293 -0.017098313 -0.049290586 0.05531142 -0.022657216 -0.06064641 -0.03708301 -0.05370952 -0.018827861 -0.032679256 0.008209082 -0.023166295 0.038816582 -0.061931387 -0.0126423715 0.016078796 0.026304673 0.048465587 0.0034050427 -0.042074863 -0.010059668 0.06367873 -0.07192627 0.02890591 -0.026103927 -0.0022751559 0.006639131 0.03403223 -0.028029732 0.046748057 -0.010097455 0.06309382 -0.021918818 -0.08209714 -0.022340812 -0.0061510387 0.0025632125 0.014589581 0.043639608 0.008801566 -0.0058277845 -0.004926808 0.0009506102 -0.025552759 -0.027099002 -0.018781317 -0.008949102 -0.004506234 0.015430251 0.007670306 -0.03829038 -0.010750882 -0.02996376 -0.014832064 -0.055823587 0.09923137 0.03852144 0.030296616 0.02494838 -0.0076193428 0.0070365006 0.003820039 0.044984408 -0.021402765 0.0019039956 0.032457005 -0.048634436 -0.03838944 0.027758187 -0.013842699 0.03134225 0.061436374 0.023064455 0.03505977 0.049025055 -0.032142878 0.016648186 -0.039555907 0.03693441 -0.028000517 0.006376551 -0.030766554 0.033516195 0.09893833 0.12429499 0.011910791 0.09092093 0.04166998 -0.060729712 -0.0543525 0.023319459 0.041071866 0.07023712 -0.00094970415 0.004059048 -0.013506452
¿Ë -0.23464946 0.18706627 -0.033988923 0.17998767 0.09310191 -0.20088282 -0.030635737 0.25708893 -0.16448823 0.18518274 0.050327964 -0.087880686 -0.1348129 0.06607106 0.2930142 -0.23990723 -0.11774189 0.17468023 -0.07866256 -0.13116907 -0.004939015 -0.19645895 -0.07523304 0.0809001 -0.18021196 0.030839257 -0.027614223 0.07486121 -0.2908623 -0.08910311 0.06689407 0.12017264 0.15332016 -0.029530969 -0.06949248 -0.009562243 -0.08516035 0.05558963 -0.27894217 -0.28511664 -0.23515722 0.0073386277 0.11815878 0.10900873 0.115613244 0.00937252 0.18778057 -0.00922725 -0.031733748 0.04678272 -0.025681311 -0.09654147 0.029196566 -0.157711 -0.045625884 -0.17570795 0.1872929 -0.18756755 -0.1726432 0.002383959 0.15217347 0.19161275 -0.11506948 -0.15938395 -0.17973799 0.15873061 -0.25083312 0.39829573 -0.19609502 0.021612842 0.036252968 -0.070217475 0.26738843 -0.089074254 0.004263511 0.1307917 0.11467884 -0.34239525 -0.27481288 -0.017772822 -0.08919346 -0.34435478 0.1711887 -0.029014781 -0.03474684 -0.06380308 -0.057714794 0.3094543 0.06591144 -0.2008946 0.08746431 0.072568014 0.20354469 0.08990045 0.32185405 0.5462111 0.004713759 0.04192261 -0.25915867 0.34736255 -0.2225915 0.08759699 0.0076646595 0.08111407 -0.20824093 -0.06338271 -0.22519842 0.19869794 -0.07547347 -0.24329501 -0.151776 -0.20031992 -0.08026132 -0.118409835 0.010273932 -0.06820919 0.12849934 -0.21680462 -0.06065675 0.057790175 0.06850521 0.1610794 -0.012401012 -0.1903643 -0.03045216 0.28151175 -0.3121536 0.13445312 -0.12337104 0.0027816112 0.034605492 0.14477578 -0.08948724 0.2085161 -0.053524237 0.22941522 -0.103835665 -0.3140385 -0.10482686 -0.017067125 0.02822493 0.07592424 0.1604965 0.038520645 -0.008120759 -0.009982788 0.014986032 -0.087420054 -0.12838967 -0.08378948 -0.021692704 -0.016532442 0.052128617 0.019503972 -0.14173791 -0.033910852 -0.11780525 -0.052034523 -0.2382042 0.39738005 0.14565054 0.14446911 0.096148305 -0.016520686 0.016680822 0.023038466 0.18065508 -0.106865466 0.0025289694 0.1250347 -0.17959346 -0.13821262 0.09405275 -0.057375178 0.13979569 0.24859853 0.092035085 0.15194039 0.21750724 -0.117011175 0.045114584 -0.18585055 0.14171347 -0.08417177 0.00785468 -0.15339215 0.13483103 0.3789942 0.45882145 0.046032805 0.36311615 0.13309316 -0.2725484 -0.19718088 0.10415097 0.15343116 0.27852765 0.022891602 -0.0064837663 -0.041300047
ÓÚ -0.17493272 0.13859995 -0.023854274 0.12691054 0.07554467 -0.14330906 -0.02655111 0.18936808 -0.11652258 0.13735032 0.034468316 -0.061051633 -0.09459432 0.052779812 0.21459141 -0.17203064 -0.089841075 0.1320605 -0.053865906 -0.09613525 -0.00078940456 -0.142608 -0.049851548 0.052212503 -0.13615072 0.024916586 -0.021893077 0.062326476 -0.208491 -0.063560076 0.050622962 0.08317007 0.12007221 -0.027614528 -0.04558674 -0.0052185096 -0.059332315 0.034909822 -0.20486031 -0.20758474 -0.1710127 -0.00060187286 0.08054819 0.07991087 0.085587226 0.010443441 0.13703746 -0.0032967255 -0.018146679 0.0323143 -0.019387435 -0.07637027 0.016310437 -0.11739066 -0.031149888 -0.12665205 0.13713108 -0.13354345 -0.12021118 -0.0019015181 0.11645985 0.14155565 -0.08540355 -0.11185484 -0.13065457 0.115814105 -0.18080047 0.29849216 -0.1412536 0.02130289 0.02157967 -0.044092078 0.19487749 -0.07131027 0.0024843137 0.091824464 0.07883189 -0.25002557 -0.20492005 -0.01560808 -0.07349506 -0.25611904 0.12443157 -0.017472634 -0.025053255 -0.04314208 -0.040840417 0.2241745 0.04354244 -0.15432045 0.06778167 0.05362701 0.15623242 0.070342645 0.23643221 0.39854625 0.00873952 0.0321135 -0.19017695 0.25365907 -0.1653236 0.0655106 0.006148843 0.061706085 -0.15094264 -0.050539296 -0.16988231 0.1434959 -0.05093022 -0.18181254 -0.1105189 -0.14865772 -0.055943776 -0.08538271 0.00589232 -0.052209254 0.09720039 -0.1625161 -0.047914382 0.03594222 0.05455847 0.11701433 -0.011306242 -0.13607153 -0.023698594 0.20539638 -0.22115953 0.099466704 -0.089098416 0.005543315 0.02277809 0.105633214 -0.05991106 0.15184617 -0.037305504 0.16925037 -0.06957154 -0.22742343 -0.082194366 -0.0054146256 0.013655702 0.061237432 0.1184347 0.03323859 0.00042280223 -0.01223316 0.0048769894 -0.06361186 -0.09304304 -0.06149778 -0.019062838 -0.008624518 0.039514396 0.016570468 -0.102987975 -0.029783675 -0.08926349 -0.030837707 -0.17568547 0.2871155 0.106800444 0.103848755 0.07046195 -0.009695265 0.007640836 0.018707117 0.13118766 -0.072645955 0.0036032181 0.090566896 -0.1311506 -0.1036785 0.065592274 -0.040850308 0.102516755 0.18607733 0.067415625 0.11271582 0.1579289 -0.08383569 0.036961075 -0.13076529 0.10458376 -0.059720922 0.007462854 -0.10785749 0.10101656 0.2755575 0.3414242 0.037389714 0.2652918 0.10669508 -0.20288485 -0.14311872 0.0741098 0.10678449 0.20536713 0.02028114 -0.0020698078 -0.02714072
Ô± -0.29526192 0.23641562 -0.044569917 0.22621769 0.11717938 -0.2479256 -0.03940249 0.32426688 -0.19908412 0.23076692 0.066883646 -0.10459473 -0.16105913 0.08411192 0.37140054 -0.28963336 -0.14612514 0.22354086 -0.09547923 -0.15792279 -0.0027478386 -0.24520355 -0.08405046 0.10052964 -0.2203673 0.038274743 -0.04383856 0.101027444 -0.36390612 -0.11183357 0.079544716 0.15182005 0.2007468 -0.0432991 -0.085639015 -0.0065066684 -0.10065218 0.06273155 -0.34152853 -0.35280237 -0.2869531 0.009559364 0.14091656 0.13458805 0.13906096 0.014989179 0.22998406 -0.005566466 -0.035290945 0.05182089 -0.030407675 -0.12646915 0.03666147 -0.19568062 -0.047487322 -0.22162202 0.23411272 -0.23047768 -0.20863324 0.0033801573 0.1956115 0.23109691 -0.14618634 -0.18956889 -0.22058518 0.1904505 -0.30922866 0.49399182 -0.24625126 0.025938129 0.045330476 -0.0779639 0.33248022 -0.11884674 0.010212508 0.16684775 0.13377793 -0.42773125 -0.3390351 -0.024624016 -0.12043682 -0.42892718 0.2136003 -0.031937286 -0.042125873 -0.08265138 -0.073132366 0.38500333 0.08073925 -0.26127687 0.1141752 0.0839889 0.26184782 0.11275207 0.3950735 0.68168545 0.005540498 0.0487922 -0.31279904 0.42315 -0.27915975 0.10554823 0.017693607 0.09965014 -0.25183228 -0.07787592 -0.28847167 0.24302422 -0.088603884 -0.3035189 -0.17967196 -0.25552005 -0.10195305 -0.13791305 0.015940402 -0.08036519 0.17199907 -0.26884305 -0.076259635 0.06532004 0.0847438 0.19656357 -0.010393039 -0.23112202 -0.04602007 0.34909043 -0.3810369 0.1630337 -0.14870243 0.005406353 0.03887808 0.18584076 -0.102101184 0.257907 -0.07063436 0.28586257 -0.12751299 -0.38505706 -0.12915322 -0.018114777 0.028648296 0.10220821 0.19722736 0.047427416 -0.0064147543 -0.019095423 0.016882151 -0.10817579 -0.15316679 -0.09906817 -0.031300228 -0.012588705 0.059761845 0.023202242 -0.1769673 -0.045813113 -0.14890446 -0.061375435 -0.2948671 0.4872134 0.17608565 0.17017615 0.11913378 -0.013914814 0.022253998 0.031062381 0.22202702 -0.13094567 -0.0023050657 0.15024923 -0.22610109 -0.16595186 0.116509944 -0.0766391 0.1728414 0.31136966 0.1163316 0.18751632 0.27062756 -0.14602397 0.058592193 -0.2229348 0.1790269 -0.1016489 0.008970872 -0.18689278 0.17757337 0.4736809 0.5769085 0.056605913 0.44725892 0.16764475 -0.3420542 -0.24347028 0.13024527 0.1828001 0.34715462 0.021414936 0.0019504199 -0.045039713
µÚ -0.16042939 0.12719673 -0.01944444 0.11806256 0.059325933 -0.13672817 -0.021318039 0.17574905 -0.104557924 0.1305989 0.030658208 -0.06043127 -0.087048754 0.03921282 0.19829519 -0.16044238 -0.085902125 0.11993079 -0.04835533 -0.08531059 -0.0042779995 -0.13559288 -0.050627884 0.052850068 -0.12822127 0.021354824 -0.02318923 0.054099787 -0.19841872 -0.055428546 0.05097697 0.08296224 0.1075963 -0.026636649 -0.045753818 -0.0075071133 -0.05850809 0.039118364 -0.17720403 -0.19403754 -0.16095254 -0.0004936859 0.07740086 0.07758049 0.07349411 0.006597636 0.12249235 0.0017391836 -0.017393518 0.02950621 -0.017740982 -0.07006728 0.017296502 -0.10064299 -0.026125973 -0.116455235 0.12065514 -0.12459139 -0.11405559 -0.008111024 0.10698824 0.13117538 -0.07527839 -0.0995756 -0.11379718 0.107042484 -0.16740903 0.26745898 -0.13467883 0.018264994 0.022094507 -0.04748704 0.17996465 -0.06782944 -0.000765303 0.08924689 0.07753655 -0.22709769 -0.18075426 -0.014563806 -0.062449623 -0.23129243 0.12565884 -0.022011315 -0.02576574 -0.050044965 -0.03430553 0.2115968 0.04658613 -0.13327928 0.06509699 0.045607764 0.13574721 0.06144994 0.21353994 0.37137035 0.011408031 0.025433373 -0.16813666 0.22954655 -0.15675071 0.055722684 0.011216819 0.05433013 -0.13225505 -0.041278236 -0.15015467 0.13759772 -0.04204251 -0.16258116 -0.09459972 -0.14047869 -0.055332836 -0.07474218 0.011204949 -0.041893654 0.08748047 -0.14459227 -0.04822712 0.037495393 0.044831876 0.10125258 -0.0067021064 -0.12280698 -0.023123268 0.19437222 -0.20631666 0.091225944 -0.08542538 0.005716953 0.024530282 0.092394136 -0.06065226 0.13800898 -0.042735826 0.1520722 -0.067687504 -0.21281442 -0.073952556 -0.0033769936 0.0201182 0.0620786 0.10448188 0.024048463 -0.0023276752 -0.0043930705 0.013132376 -0.06211441 -0.08020056 -0.050913244 -0.015026789 -0.013579974 0.031635564 0.010574091 -0.091731995 -0.028157163 -0.08375727 -0.037024684 -0.16056566 0.26592746 0.090055175 0.089051336 0.06322709 -0.0075242217 0.018274536 0.019873397 0.12053182 -0.071725585 -0.0016400776 0.07625324 -0.11694429 -0.0901027 0.056796882 -0.04193962 0.095756665 0.16922927 0.05939575 0.09794954 0.14674132 -0.0742315 0.03151869 -0.12054317 0.093516245 -0.05556638 0.0017988065 -0.10172466 0.10098788 0.25413495 0.30749798 0.031411085 0.24829668 0.08935488 -0.18800302 -0.13853802 0.07694761 0.10098845 0.18893746 0.017023336 0.00021527527 -0.025916712
±à -0.19521573 0.15712929 -0.03425072 0.14654878 0.07221073 -0.15825446 -0.02727895 0.20324267 -0.13397525 0.15011872 0.040629327 -0.064377904 -0.10026364 0.05848763 0.2436176 -0.18777497 -0.10020308 0.14478113 -0.058070343 -0.10241018 -0.004248669 -0.16208605 -0.0638337 0.06258559 -0.14910768 0.025767548 -0.022183297 0.06651017 -0.2277761 -0.070082285 0.055030838 0.09631599 0.12942125 -0.023717673 -0.057326384 -0.0061406093 -0.07421602 0.04598175 -0.22106801 -0.22977011 -0.19118842 0.00651874 0.09503957 0.09118084 0.087784 0.007836741 0.14512837 -0.0076097716 -0.025897348 0.029842164 -0.02340516 -0.08130422 0.024767261 -0.12741497 -0.037570514 -0.1387845 0.14555855 -0.14983875 -0.13441397 -0.0037729274 0.1213264 0.15384735 -0.09218572 -0.12296227 -0.14426109 0.1271474 -0.20302051 0.32132176 -0.1612837 0.018717177 0.025002724 -0.060549993 0.21246798 -0.08117755 0.0003014552 0.11188946 0.08565071 -0.2737774 -0.21762955 -0.01280083 -0.072153136 -0.28593615 0.1442854 -0.020832198 -0.03203075 -0.05408021 -0.042847876 0.2529948 0.056938127 -0.16364706 0.07276796 0.04926986 0.16274819 0.0654081 0.25269887 0.4433994 0.0064830375 0.035550695 -0.21038158 0.27840158 -0.18365994 0.06700972 0.011391195 0.068134636 -0.16907324 -0.050348837 -0.18194908 0.16110867 -0.059730746 -0.19410668 -0.12082677 -0.16467474 -0.06762031 -0.08492323 0.008000579 -0.054422148 0.10575731 -0.17154898 -0.05341016 0.04585587 0.05000468 0.12375853 -0.006409508 -0.15557607 -0.025502646 0.22632645 -0.24800135 0.11543664 -0.10332951 0.005225145 0.019518534 0.11917422 -0.07078234 0.17208771 -0.045659523 0.18995732 -0.083306484 -0.25610197 -0.084448986 -0.008147259 0.023732977 0.06717443 0.12713951 0.030472048 0.0017457944 -0.0040565236 0.012987176 -0.07801556 -0.102684036 -0.0698516 -0.022360776 -0.01066983 0.0368956 0.015566016 -0.115731455 -0.034889292 -0.09280189 -0.04305032 -0.19043465 0.31708947 0.11303445 0.116199486 0.073333874 -0.015201698 0.013270831 0.023190448 0.14248754 -0.082276255 -0.0018516317 0.10063846 -0.14282157 -0.10936144 0.07574638 -0.049500708 0.111164324 0.2017025 0.07846209 0.11763578 0.1736313 -0.0982561 0.042669393 -0.14609931 0.11500362 -0.070605114 0.004565345 -0.12399137 0.11386885 0.31219116 0.36950603 0.037867915 0.29323453 0.1131172 -0.22347158 -0.1566998 0.083306685 0.120947614 0.225425 0.019600341 0.002310748 -0.031048993
¶È -0.19112039 0.15094443 -0.03145816 0.14402957 0.07213396 -0.15558182 -0.02024235 0.20827065 -0.12769772 0.14865653 0.03863156 -0.064187676 -0.10198265 0.050800733 0.2340103 -0.17753242 -0.09755428 0.1342595 -0.054960188 -0.09810217 0.0021348414 -0.15452674 -0.05319708 0.05522158 -0.14551245 0.024413552 -0.028769571 0.059459906 -0.22549531 -0.0732123 0.0516285 0.09336036 0.12454758 -0.023644254 -0.05177999 -0.010429318 -0.062917285 0.03957602 -0.219236 -0.22167693 -0.18571207 0.0047243186 0.08690326 0.08849034 0.08998651 0.010219004 0.14089705 7.247962e-05 -0.019374112 0.038154926 -0.022496846 -0.079578266 0.01602533 -0.118068494 -0.03195155 -0.13681854 0.14049003 -0.14899188 -0.12743674 -0.0034635696 0.11961608 0.14422666 -0.094049536 -0.12738235 -0.14257434 0.12048228 -0.19828287 0.31076205 -0.16039687 0.020041734 0.024177363 -0.05356729 0.20758067 -0.069430016 0.004202754 0.10198028 0.09068407 -0.26480618 -0.21312194 -0.020004187 -0.06844309 -0.26973188 0.14190556 -0.018207168 -0.023764683 -0.04963136 -0.046384264 0.24169105 0.055544518 -0.16459237 0.071831085 0.051081598 0.16834451 0.06396724 0.24482636 0.42625758 0.0023128444 0.02967636 -0.2011393 0.2708377 -0.17608199 0.06569572 0.008161701 0.06531029 -0.15839604 -0.046943676 -0.18618354 0.15869513 -0.057790305 -0.19026928 -0.11724795 -0.16065124 -0.057823863 -0.08525308 0.0064705526 -0.04737529 0.10401053 -0.16717874 -0.052523896 0.04568555 0.056017593 0.11923304 -0.0041448353 -0.15114179 -0.034310978 0.21904731 -0.24618751 0.10264286 -0.09353162 0.0033575753 0.026203467 0.11442061 -0.06357827 0.16940829 -0.04843027 0.17926162 -0.07379168 -0.23863447 -0.08531992 -0.0110345995 0.018056866 0.0641575 0.12447661 0.028062794 0.001020342 -0.0068920413 0.009976548 -0.0668886 -0.09596373 -0.065234974 -0.021659983 -0.01218001 0.03900093 0.011480515 -0.113850854 -0.028594501 -0.09035031 -0.043166313 -0.18731548 0.30574134 0.10915769 0.10577686 0.07161105 -0.012630257 0.01628594 0.023944078 0.13605423 -0.08386692 -0.0032143816 0.0916181 -0.14751033 -0.1025973 0.07358313 -0.053253897 0.10795903 0.1963184 0.073874615 0.115086086 0.1637552 -0.09401621 0.035078682 -0.13858733 0.114965014 -0.06433236 0.007591561 -0.11497126 0.11191346 0.30004972 0.36512217 0.038738023 0.2872409 0.10940283 -0.22098432 -0.15338148 0.08645132 0.115614116 0.21274585 0.02276022 0.0015194551 -0.028061595
¡¿4 -0.04596948 0.039108902 -0.006277436 0.041422617 0.018255234 -0.041450553 -0.0007519439 0.054542515 -0.032439012 0.033162042 0.0071344175 -0.022572346 -0.023417858 0.01329664 0.057783216 -0.043538276 -0.02334779 0.031548236 -0.010430433 -0.027271545 -0.003601474 -0.04600618 -0.013124268 0.017878901 -0.039262764 -0.00075504347 -0.0076957773 0.02001057 -0.06583056 -0.016813673 0.010658098 0.02214919 0.036880653 -0.010540559 -0.01232406 -4.409319e-05 -0.014638738 0.007468553 -0.055796485 -0.062270742 -0.044941556 0.0033130962 0.02003963 0.026291844 0.022995757 0.0018906097 0.031885184 0.0040976373 -0.01251201 0.008126069 -0.005833066 -0.023204083 -0.0014439153 -0.030097224 -0.006378719 -0.033600047 0.033408526 -0.040128306 -0.039083738 -0.0065406086 0.028788347 0.034873366 -0.028165456 -0.036441196 -0.0312255 0.029565444 -0.056582592 0.07727316 -0.045292836 -0.0019567735 0.007568556 -0.005221529 0.05393558 -0.016333183 0.010649689 0.021508574 0.021183431 -0.069938704 -0.054610852 -0.0029022116 -0.019402457 -0.06992175 0.03125206 -0.0038541025 -0.0097045135 -0.011174137 -0.006478977 0.06311767 0.010185179 -0.046239145 0.020117482 0.015999507 0.039327614 0.019531202 0.0675923 0.11700536 -0.002005426 0.004928677 -0.05832299 0.071469426 -0.042355217 0.013096524 0.0040067313 0.015823897 -0.041958377 -0.01371819 -0.045594413 0.043997124 -0.015315877 -0.048740633 -0.025445368 -0.040146656 -0.015019875 -0.022886753 0.0034558184 -0.014940224 0.021106731 -0.043714065 -0.016226042 0.014782537 0.018428907 0.029676635 0.008702549 -0.041471787 -0.013790962 0.052857798 -0.06759292 0.021411633 -0.026213072 -0.00203287 0.008758445 0.029057905 -0.016516425 0.03607897 -0.007539299 0.03883648 -0.02571147 -0.065906316 -0.019003244 0.0017161882 0.0017070208 0.014013032 0.037654117 0.0025629322 -0.0007239772 -0.002695997 -0.00021393193 -0.021967947 -0.028275458 -0.022072546 -0.0034157145 -0.007033994 0.0071308133 0.0004143815 -0.028193202 -0.015059314 -0.015233844 -0.0037736993 -0.040726375 0.08665401 0.028025288 0.027516237 0.02625105 -0.008029557 0.00052709156 0.011526879 0.031433634 -0.024091478 -0.0019147496 0.02093903 -0.039559647 -0.023014298 0.020713786 -0.013068578 0.029964084 0.054606847 0.019649489 0.031858873 0.042689133 -0.02076714 0.016373025 -0.03275193 0.024015158 -0.02075183 -0.00056498393 -0.028701978 0.030829936 0.08050179 0.091620214 0.008923344 0.07076758 0.024734065 -0.058754843 -0.04221029 0.026706364 0.029354077 0.05217075 0.003388314 0.005120937 -0.0057463767
4 -0.1359036 0.09919602 -0.018639805 0.09694073 0.05761979 -0.10923859 -0.016098782 0.1444529 -0.08929275 0.09561531 0.03175983 -0.04363221 -0.071943745 0.04085887 0.16620651 -0.13207649 -0.0641763 0.09618349 -0.04414319 -0.06854053 -0.004311936 -0.10878335 -0.03972292 0.046141256 -0.103695504 0.009691811 -0.013875023 0.04880146 -0.16538669 -0.050084453 0.041725405 0.06470921 0.08705692 -0.021847866 -0.038258627 -0.0020524694 -0.04510959 0.02292427 -0.1565045 -0.16425824 -0.13173875 0.0041352464 0.06912217 0.06474532 0.062291484 0.0069967513 0.100317016 -0.0029239205 -0.017661167 0.02162469 -0.008521558 -0.05839148 0.0210319 -0.0929228 -0.024059132 -0.10149018 0.106710725 -0.11157489 -0.093120575 0.0005255414 0.08048606 0.109986834 -0.067016974 -0.08131222 -0.10652988 0.08831154 -0.13839163 0.22712466 -0.10830855 0.009895248 0.015597995 -0.034653988 0.15015079 -0.044797655 0.008808657 0.074772365 0.06322508 -0.18733957 -0.15330027 -0.0138501525 -0.052788425 -0.19314043 0.094283074 -0.016434483 -0.024844015 -0.031228764 -0.02454936 0.16843972 0.02825916 -0.12065786 0.057075653 0.0336725 0.116408765 0.05432976 0.18119763 0.31188223 -0.00010052361 0.021242028 -0.13839222 0.18937048 -0.12049555 0.048153333 0.008830113 0.044723142 -0.11569224 -0.031464584 -0.11923207 0.109658234 -0.039146535 -0.13625696 -0.08163618 -0.11571454 -0.043691665 -0.06450242 0.010618705 -0.03781889 0.07555641 -0.122368135 -0.038872343 0.02516004 0.042912893 0.0955974 -0.004737243 -0.1023833 -0.011950106 0.1548843 -0.16871697 0.06861269 -0.06636664 2.8272225e-05 0.013668507 0.08108689 -0.05175324 0.1129204 -0.030083733 0.12606521 -0.058562566 -0.1690848 -0.06391027 -0.005935028 0.009140248 0.04384492 0.088313974 0.02392306 -0.0073518604 -0.013585128 0.0030597656 -0.044225853 -0.068157524 -0.04497554 -0.014043046 -0.0046739387 0.03267165 0.008001502 -0.0749319 -0.023948636 -0.060695503 -0.024311129 -0.12298808 0.21378838 0.08127443 0.08308623 0.048573002 -0.008480604 0.0063794893 0.0068209823 0.098980196 -0.057220902 0.0014618146 0.06105742 -0.09793478 -0.07679131 0.051573846 -0.033133406 0.06959626 0.13417557 0.056888647 0.08621493 0.11526482 -0.0675168 0.03122536 -0.10037996 0.07983104 -0.050764844 0.0065007657 -0.07974886 0.070388086 0.21015646 0.26181662 0.028039698 0.20505416 0.07413729 -0.15227926 -0.108382106 0.063047335 0.07792574 0.1573892 0.00599999 -0.0004337572 -0.019645948
3 -0.123766646 0.095789924 -0.022342604 0.09330258 0.054549325 -0.09888082 -0.019404007 0.1309286 -0.07590546 0.088120855 0.023871772 -0.0410557 -0.06662963 0.032682095 0.15252416 -0.115045056 -0.057408705 0.08733261 -0.042878814 -0.06570578 -0.0016187739 -0.10491161 -0.036891215 0.04262951 -0.0907759 0.016665148 -0.013707033 0.043841094 -0.1497116 -0.04704834 0.037775505 0.05562327 0.083149455 -0.02160755 -0.036837544 5.1294213e-05 -0.044336222 0.02950536 -0.14347863 -0.15013753 -0.12583238 0.006114704 0.061026692 0.05406027 0.05614637 0.010180111 0.09208415 0.0008307018 -0.019222636 0.022696786 -0.014376445 -0.050378364 0.012920755 -0.07966339 -0.028530264 -0.0957315 0.09486494 -0.10199973 -0.08937665 -0.000823149 0.077584654 0.10123095 -0.06180499 -0.075413495 -0.09368694 0.08257573 -0.13247955 0.2034746 -0.09733123 0.015333051 0.0144648515 -0.03404452 0.13898328 -0.046750646 0.0018152499 0.065120034 0.054730847 -0.17410913 -0.14701237 -0.015746877 -0.048563484 -0.17402874 0.08893978 -0.017336646 -0.023387022 -0.029997766 -0.028872354 0.1601497 0.029402202 -0.11148676 0.05208719 0.038940948 0.11114894 0.049617182 0.16052502 0.28205612 0.004521624 0.016789516 -0.13359794 0.17770146 -0.11957336 0.040219814 0.0033253876 0.041465253 -0.111561224 -0.033954255 -0.11187957 0.09850703 -0.039155565 -0.12176631 -0.08176053 -0.103914216 -0.04500922 -0.058395833 0.0065861563 -0.033677015 0.07156907 -0.10913868 -0.028911553 0.029530779 0.036645386 0.08293967 -0.0012511427 -0.102001086 -0.013426442 0.14900903 -0.15327005 0.065330125 -0.06652693 -0.003159975 0.01734323 0.08030409 -0.049113605 0.104695804 -0.026674783 0.12520449 -0.051359013 -0.15359128 -0.052905962 -0.008552663 0.012648015 0.036110945 0.0846114 0.017987778 0.0015079327 -0.012266668 -0.0006958214 -0.046464264 -0.06486701 -0.040546797 -0.008740956 -0.0048900205 0.030355126 0.0056467224 -0.07891811 -0.021052444 -0.063439526 -0.024442168 -0.123269595 0.20630851 0.07342532 0.072662145 0.048637312 -0.009055722 0.00365913 0.0068304874 0.09127161 -0.048961833 -0.001728208 0.056812264 -0.09255924 -0.07615898 0.05062053 -0.0309333 0.06693721 0.12551558 0.050697118 0.07391629 0.10423215 -0.0633431 0.026458569 -0.090309136 0.07754166 -0.04816281 0.002261857 -0.07879115 0.06892569 0.1958829 0.23870929 0.026304483 0.18372385 0.07442206 -0.13850953 -0.10364092 0.053082723 0.07315446 0.1468585 0.005887058 -0.0042393436 -0.025922824
µç»°£º7063926 -0.094972596 0.07910672 -0.010556947 0.07347044 0.03461394 -0.08354842 -0.01824156 0.10734195 -0.056498263 0.06662734 0.016819203 -0.032258425 -0.054625995 0.026562681 0.119347945 -0.09800649 -0.049393944 0.06642134 -0.02755567 -0.048043214 0.0052423966 -0.07985043 -0.031213341 0.034076832 -0.070651904 0.013245138 -0.014816459 0.031602018 -0.11068733 -0.039118975 0.023974655 0.04154898 0.058200937 -0.01432513 -0.025932608 -0.00609465 -0.030988438 0.02149548 -0.11398084 -0.11676098 -0.09783692 0.0047228397 0.04753139 0.041517828 0.04532797 0.0024840173 0.073458344 -0.0008718989 -0.008213393 0.018245816 -0.013984 -0.044161752 0.016462842 -0.06562913 -0.019563703 -0.071926326 0.07416995 -0.08082855 -0.06855701 -0.0045758886 0.065446064 0.07929726 -0.050575152 -0.06664097 -0.06667158 0.068533495 -0.09674096 0.15602557 -0.07354881 0.013680096 0.012286459 -0.023783972 0.11033983 -0.036508128 0.006884995 0.055626035 0.047536653 -0.13126488 -0.1125942 -0.015281374 -0.042357974 -0.13268055 0.064352505 -0.01071978 -0.010894363 -0.024373082 -0.019611059 0.116162576 0.028061133 -0.0775207 0.03393617 0.030297058 0.084212966 0.039690554 0.13197076 0.21312188 0.0013850463 0.022224966 -0.0965036 0.13786133 -0.08889038 0.03640954 0.0054161404 0.028169982 -0.084424816 -0.022088004 -0.09436147 0.07671542 -0.03182407 -0.09936617 -0.05743964 -0.08409038 -0.029061114 -0.04409864 0.006267497 -0.032027252 0.05799448 -0.092724256 -0.020993894 0.024165565 0.023556825 0.06289228 -0.0066522323 -0.07500337 -0.010496267 0.10648907 -0.11995321 0.05668113 -0.04849341 -0.0042667463 0.017455693 0.057187896 -0.033212077 0.0854966 -0.016494846 0.09694059 -0.039246175 -0.12725386 -0.044379722 -0.010267817 0.006571139 0.03252597 0.057755675 0.010765976 -0.00415671 -0.0029418918 0.0018435284 -0.037604835 -0.05134853 -0.03214781 -0.007508925 -0.0025664088 0.025628923 0.010141826 -0.05182442 -0.017501526 -0.04601328 -0.013562306 -0.088748515 0.15648316 0.05809247 0.055117555 0.037269607 -0.0034113736 0.009413911 0.0076418645 0.07643142 -0.046178997 -0.0010425498 0.042388767 -0.07148027 -0.05062808 0.037476983 -0.022693554 0.058677185 0.09767382 0.033250887 0.06426973 0.08967541 -0.042463027 0.022872137 -0.0715666 0.061758887 -0.030430296 -0.0014486295 -0.05795095 0.05324674 0.15331914 0.18158814 0.023996495 0.14751686 0.057544336 -0.110593155 -0.07412942 0.043667957 0.05823605 0.113781504 0.006878128 0.0032085285 -0.010228642
¶à -0.18125466 0.14274946 -0.031301558 0.14094885 0.07557181 -0.15237844 -0.028774736 0.2024663 -0.12489777 0.14973502 0.039358065 -0.069728196 -0.1040055 0.054227438 0.23641811 -0.18242171 -0.09510515 0.14133514 -0.060490817 -0.10099725 0.0022171426 -0.15746807 -0.058835994 0.055645816 -0.14083989 0.02533377 -0.028417543 0.060431372 -0.22651644 -0.07373887 0.05638709 0.091433175 0.11875766 -0.028898165 -0.048407298 -0.009263222 -0.06895708 0.03835422 -0.21477629 -0.22222297 -0.18276727 0.0069301226 0.0878557 0.08220602 0.09162619 0.012634374 0.14578639 0.0004669128 -0.019936718 0.03088605 -0.022936946 -0.08030526 0.022521032 -0.11812928 -0.030466871 -0.14141394 0.1429951 -0.14373206 -0.12473788 -0.0031241733 0.11617746 0.1499607 -0.088512145 -0.1177126 -0.13876717 0.12145294 -0.19650936 0.30732065 -0.15625732 0.01600628 0.020515747 -0.049677745 0.20481092 -0.07206052 0.002322473 0.10341992 0.08539839 -0.2593057 -0.20782106 -0.01271196 -0.073879026 -0.27146748 0.13850515 -0.017783692 -0.028490102 -0.051350717 -0.043195494 0.23937222 0.049160693 -0.16033345 0.06540579 0.052492164 0.15704085 0.0708375 0.24540131 0.42771643 0.0109981615 0.036107544 -0.19879553 0.2672697 -0.17817426 0.06538331 0.0073710387 0.06249622 -0.161805 -0.04707306 -0.17879175 0.15462434 -0.053324096 -0.18971342 -0.11607711 -0.15440466 -0.057171162 -0.08770569 0.014394255 -0.052191783 0.1068925 -0.16915044 -0.052872952 0.04849274 0.04913454 0.123196 -0.0065059094 -0.14468563 -0.031906657 0.22060679 -0.23588343 0.10235328 -0.09508586 0.006150335 0.023554564 0.107883714 -0.07030575 0.16547924 -0.040771704 0.1790691 -0.07350125 -0.24283656 -0.07919168 -0.0072310553 0.01709545 0.064072944 0.11734477 0.028349267 -0.001779958 -0.0062526083 0.004466484 -0.06638214 -0.09583377 -0.061272744 -0.01808841 -0.0049622054 0.042770542 0.0143539235 -0.107858956 -0.032374997 -0.092382655 -0.03832505 -0.1797591 0.30255547 0.110234395 0.112254225 0.07170666 -0.0138548985 0.013161503 0.018250374 0.13491803 -0.0877761 0.0037092138 0.09305571 -0.14268118 -0.100921415 0.06875096 -0.050879497 0.10308329 0.19047904 0.07252778 0.11369007 0.17031841 -0.08574486 0.032129485 -0.14615653 0.11381187 -0.06706398 0.0066461377 -0.122308925 0.1099055 0.29634398 0.35889208 0.030779188 0.2826303 0.1082121 -0.2124881 -0.15188688 0.084400214 0.11616242 0.21162988 0.015086615 -0.0062610838 -0.025319325
Ä¿ -0.15280442 0.12243957 -0.02139102 0.1143852 0.05548521 -0.1318488 -0.022058032 0.1737763 -0.10892314 0.12601687 0.030672811 -0.060465723 -0.087354414 0.04234751 0.20048739 -0.14558564 -0.07335955 0.11811047 -0.047365688 -0.08112184 -0.0008786895 -0.13238768 -0.043030057 0.04738353 -0.12119742 0.018261282 -0.022346634 0.04715242 -0.18305998 -0.06362329 0.042778347 0.08210144 0.097995296 -0.027544152 -0.044872243 -0.004730892 -0.050501674 0.037582416 -0.17495655 -0.1827701 -0.1520408 0.005401692 0.07164202 0.0718552 0.078590415 0.014679983 0.123051524 -0.004485696 -0.020973543 0.032903478 -0.022064479 -0.06846469 0.019036485 -0.103029266 -0.030710533 -0.117559865 0.11553942 -0.123915136 -0.10460454 0.00017979048 0.10485195 0.12564279 -0.07592427 -0.099535145 -0.11407234 0.105664976 -0.16716893 0.25500318 -0.12633713 0.017947985 0.019731726 -0.040461555 0.16608761 -0.0652046 0.009407758 0.09003028 0.071685806 -0.22597426 -0.17640206 -0.010757958 -0.05751076 -0.22812639 0.11450614 -0.016424295 -0.028107945 -0.04822536 -0.039886348 0.20210429 0.048266027 -0.13821997 0.05136579 0.040466346 0.13012347 0.055068366 0.2098549 0.34958747 0.0029375863 0.033943195 -0.1711384 0.21797141 -0.14938574 0.056467105 0.0121656535 0.04961265 -0.13531914 -0.044894435 -0.14861077 0.13512214 -0.045153312 -0.1567503 -0.09433026 -0.13501601 -0.044848643 -0.07389324 0.008406492 -0.036519192 0.09447764 -0.13932358 -0.04076788 0.032440007 0.042716745 0.10021145 -0.009358873 -0.12484021 -0.025088236 0.18608026 -0.20281358 0.0941473 -0.07887609 0.0014188847 0.017314037 0.09699156 -0.05350631 0.1341445 -0.03857669 0.14592136 -0.06016444 -0.20225936 -0.072327256 -0.012276555 0.009971936 0.055190977 0.09632506 0.024374051 -0.004375653 -0.01084688 0.0031352653 -0.054331485 -0.07671357 -0.0560232 -0.018690279 -0.010252181 0.032330733 0.010207581 -0.09317813 -0.028911045 -0.07890327 -0.036665913 -0.15344013 0.2576618 0.087255284 0.085981056 0.060074925 -0.008698053 0.0128243165 0.024103427 0.114579834 -0.070572615 0.0033866838 0.078720585 -0.116063945 -0.08629966 0.05768111 -0.041563764 0.08887554 0.16189866 0.06681562 0.09137776 0.14452788 -0.07763426 0.028912596 -0.11440458 0.09732533 -0.052490078 -0.0008769759 -0.09480619 0.09647154 0.25296834 0.3024619 0.03458129 0.23025273 0.08853604 -0.18077523 -0.13050993 0.06724825 0.09753971 0.17775851 0.011975107 0.001996773 -0.029556936
ì¶ -0.12355641 0.09427972 -0.019009199 0.086498156 0.04946195 -0.09870947 -0.01757105 0.13615683 -0.07964872 0.094751775 0.023760611 -0.0453846 -0.06207152 0.03971791 0.15130965 -0.116453044 -0.05916247 0.08832121 -0.038280077 -0.06369595 -0.0005416046 -0.10000287 -0.040464275 0.035694167 -0.090678215 0.012498314 -0.019311246 0.03942031 -0.15093708 -0.043430515 0.03210124 0.060919464 0.08207407 -0.015420417 -0.034605157 -0.004882145 -0.046632092 0.03359883 -0.14312756 -0.14822084 -0.11549754 0.005422302 0.052264884 0.060881995 0.06306747 0.010566693 0.092162736 -0.00015943285 -0.018662883 0.01842414 -0.0164944 -0.054233134 0.019102864 -0.07620615 -0.025794007 -0.09482878 0.089062676 -0.09538745 -0.08842022 -0.0041412916 0.08386254 0.09785184 -0.058787145 -0.081892274 -0.0941703 0.080857694 -0.12578331 0.20922782 -0.10408735 0.018141588 0.020257348 -0.03268558 0.13925137 -0.05156789 0.007212103 0.065541044 0.056429673 -0.17646162 -0.14352661 -0.0072717364 -0.052832935 -0.17555438 0.09216681 -0.010750321 -0.017839996 -0.031301286 -0.023495806 0.15767491 0.037470873 -0.105470836 0.046888076 0.030996555 0.1100068 0.04578525 0.1592914 0.2844631 0.0015475734 0.024833445 -0.13609932 0.17862858 -0.11309173 0.04669178 0.008755054 0.04130996 -0.10662663 -0.03294964 -0.124414936 0.10111108 -0.038769867 -0.1271423 -0.07738323 -0.10733622 -0.037847653 -0.05943748 0.0075105685 -0.03361956 0.06950965 -0.106263526 -0.03164994 0.027349684 0.03579027 0.08047722 -0.010943954 -0.09383368 -0.018963734 0.1419496 -0.15722182 0.06710637 -0.059946034 0.004504238 0.01943897 0.06979245 -0.044324845 0.11142402 -0.027854426 0.12199085 -0.047230974 -0.16108425 -0.047575653 -0.0035510997 0.008291862 0.048678815 0.07636934 0.016055826 -0.0036866588 -0.0035467157 0.005572873 -0.04355988 -0.06139556 -0.040842738 -0.017294172 -0.011262338 0.02500747 0.004594515 -0.07389414 -0.0249195 -0.061097097 -0.030674139 -0.12116032 0.2041099 0.07353001 0.06877573 0.052963413 -0.008063848 0.009222422 0.0131109655 0.085679784 -0.059700683 -0.00058875355 0.058940727 -0.09116972 -0.06668575 0.051384993 -0.031434275 0.06461555 0.13067336 0.051127557 0.073370606 0.11582613 -0.061425284 0.023849169 -0.09644956 0.07879576 -0.043759055 0.006555551 -0.07844632 0.07314712 0.2016891 0.23764805 0.022160558 0.19010647 0.07186931 -0.14441243 -0.10288586 0.052063186 0.07702751 0.13749938 0.01447097 -0.0048620855 -0.017560987
ÐÂ»ªÉç¼ÇÕß -0.0069618407 0.0104047675 0.0036333222 0.0020399229 0.004286416 -0.006829783 -0.0013636656 0.012700662 -0.0032954346 0.007751 -0.0020648374 -0.0074370443 -0.00031405425 -0.00026858677 0.005267574 -0.00692244 -0.0052022263 0.00927568 0.0009081798 0.00078629213 0.0049091065 -0.0023102441 -0.0061193635 0.0041113407 -0.0033860821 0.00064440473 -0.0025431765 0.0050151087 -0.011403856 0.0021258157 0.0059240037 0.0068292376 0.0049385484 -0.0009647119 -0.0007124807 0.0038750442 -0.00549519 0.005175514 -0.0050310683 -0.007290814 -0.0037108446 0.0006568843 8.5077045e-07 0.007806504 -4.5854365e-05 0.0025277808 0.0014656287 -0.0034768535 -0.002854368 -0.001681233 0.0022105107 -0.0035567998 0.0025488492 -0.006820902 -0.0013941305 -0.0052717947 0.0031404386 -0.007975877 -0.0070846835 0.0022000982 0.0030832768 0.0030300578 -0.008018822 -0.00015464249 -0.005348416 0.0007008219 -0.008570913 0.0141671775 -0.009811038 0.0038853558 -0.0018942637 -0.0053857807 0.0058119097 -0.0046042376 -0.003622616 0.0046298336 0.00559313 -0.009466302 -0.0034017449 -0.0022676263 -0.003342424 -0.007262775 0.0044345474 -0.0004986731 -0.00068251014 0.00034532225 -0.0019989538 0.010040197 0.006245874 -0.010805488 -0.0020026867 0.0034022606 0.010308937 0.00088473153 0.012763451 0.019032946 0.0010292134 0.0061252113 -0.011950757 0.013444599 -0.010351441 0.006947369 0.00053056754 0.00073383946 -0.0106883785 0.001840072 -0.0052900696 0.0059414795 0.00036794366 -0.011708637 -0.0015327558 -0.007782763 -0.0022906102 -0.0055866153 -0.00041958436 0.001726544 0.008611696 -0.008138471 -0.0054185707 0.0061866795 0.0023608631 0.0046622087 -0.0019334733 -0.010126426 0.0027492163 0.009366256 -0.013932148 0.00029344775 -0.0037810658 0.0038830345 0.005904134 7.4764714e-05 -0.00621433 0.0059225177 0.00269506 0.010254445 -0.0066450145 -0.0115239 0.0010785765 0.0023816016 -0.00323532 0.0053405054 0.0078982515 0.00018037677 0.0035955876 -0.0016717768 -0.0029581315 0.00024732595 -0.006057611 -0.0036135907 -0.0015712242 -0.004496454 -0.00083819765 0.0014712107 -0.007242225 -0.0031734665 -0.0030006638 0.0005385424 -0.008319184 0.00794261 0.004150551 0.0014677724 0.006754379 0.0024139087 0.0019323296 -0.0009693 0.009199888 0.000543899 0.0027161615 0.008148054 -0.00914191 -0.00213554 -0.0005825785 0.00086959795 0.009009183 0.0057292716 0.0023126458 0.0047667897 0.007987422 -0.004142864 0.0014101459 -0.008619913 0.00889069 -0.0069552534 0.0014733854 -0.008421549 0.0017321954 0.01022522 0.009466566 -0.0031004578 0.007020569 0.006202501 -0.0046875677 -0.010958112 0.003905596 0.008109551 0.0045671384 -0.0017589467 -0.0041103396 0.0035055543
9 -0.122447506 0.09333302 -0.018684449 0.091739774 0.049605295 -0.094326 -0.012552535 0.12758127 -0.071846426 0.08268449 0.030242799 -0.043188233 -0.06633477 0.039154157 0.14767921 -0.11647159 -0.05939344 0.07992457 -0.039274123 -0.063964926 -0.0043539885 -0.098486446 -0.03147306 0.038003307 -0.093048476 0.009237311 -0.017759452 0.04367553 -0.14571707 -0.03845595 0.032423798 0.062006507 0.07454625 -0.018924367 -0.033390507 -0.0017905057 -0.04480462 0.026349748 -0.13724124 -0.13991554 -0.11749377 -0.0021752187 0.055716094 0.054002985 0.055623066 0.009083198 0.08652458 0.00010685129 -0.010528234 0.016774844 -0.013696656 -0.044021506 0.010155561 -0.07917915 -0.025443675 -0.08956701 0.09530027 -0.10029256 -0.08903386 0.000547796 0.06954843 0.099062696 -0.05998021 -0.07386981 -0.08896991 0.0834456 -0.12876478 0.19894254 -0.097151145 0.0085389195 0.017895421 -0.030647835 0.1365848 -0.047235046 0.0005201831 0.06793762 0.05695733 -0.16858524 -0.13806164 -0.018920038 -0.046359427 -0.1663516 0.08497209 -0.009419749 -0.021745933 -0.027060326 -0.030992143 0.15401015 0.025167886 -0.106485 0.04655934 0.030393802 0.1054651 0.050111983 0.15968938 0.27778673 0.004905578 0.022748047 -0.12075207 0.16781285 -0.114414275 0.045712646 0.004077206 0.036373373 -0.10696274 -0.033614706 -0.10646408 0.10102032 -0.033029094 -0.11471499 -0.07942008 -0.09848335 -0.04052892 -0.054535504 0.007555586 -0.03075936 0.06988998 -0.10809626 -0.028275441 0.020819189 0.039661583 0.077701814 -0.0033769067 -0.08922303 -0.013840039 0.14127079 -0.15299356 0.0656113 -0.06444945 0.00014455646 0.013777842 0.073328294 -0.044079226 0.10587085 -0.032126907 0.11650308 -0.043771613 -0.15110877 -0.057166822 -0.015163522 0.015042807 0.031000137 0.0795404 0.023202434 -0.0052705626 -0.013011901 -0.00021178513 -0.04425715 -0.06572275 -0.045796137 -0.0047343527 -0.008677196 0.026490504 0.004942514 -0.072897315 -0.01725554 -0.05379036 -0.026874961 -0.11164805 0.1876716 0.07299747 0.07453105 0.04481773 -0.0076822336 0.008034742 0.012079418 0.088355556 -0.04461154 -0.0061064605 0.05520648 -0.08685703 -0.072417215 0.04875361 -0.032788232 0.07042131 0.118970454 0.044648293 0.077621214 0.098339364 -0.058975797 0.023345793 -0.08884094 0.071491875 -0.040842827 0.005909848 -0.07530617 0.06893919 0.18710747 0.23047236 0.02176611 0.18207718 0.07132381 -0.13417579 -0.10046641 0.056532387 0.07113821 0.13379242 0.006270046 0.0051503773 -0.019477306
2 -0.09334038 0.07223703 -0.015549928 0.066927485 0.037641276 -0.07589491 -0.01685327 0.098044 -0.05774541 0.07043348 0.022271272 -0.0334119 -0.05207461 0.023816511 0.10907462 -0.09129708 -0.0492702 0.059260953 -0.033376627 -0.049235374 0.0014367768 -0.07581722 -0.023653114 0.025204487 -0.07155885 0.004903495 -0.015130346 0.03240489 -0.10612149 -0.03031073 0.02791781 0.0400047 0.064223394 -0.010275289 -0.031442348 -0.00296475 -0.031216353 0.020556327 -0.10465568 -0.11267404 -0.085796416 -0.004144079 0.048185226 0.039446842 0.040336758 0.003447164 0.06307838 -0.0013499681 -0.011174945 0.013569688 -0.004543445 -0.037179377 0.011360241 -0.061421156 -0.020547155 -0.070701264 0.0682332 -0.07445056 -0.070843786 0.0038372828 0.05364952 0.0763215 -0.045661155 -0.05910948 -0.067435235 0.066111185 -0.0973676 0.15811205 -0.07960312 0.005997995 0.014584434 -0.026498526 0.10052692 -0.035410844 0.0031524017 0.05222644 0.038628697 -0.1317189 -0.10382519 -0.007718134 -0.037266426 -0.1320771 0.067322955 -0.014290669 -0.015062912 -0.017359316 -0.023368575 0.11689943 0.016325485 -0.08210978 0.038582876 0.026133649 0.07800773 0.03412377 0.12599076 0.21582347 0.0003377805 0.015652169 -0.0939604 0.12836869 -0.08720424 0.030617198 0.008793173 0.02845771 -0.08076232 -0.021100717 -0.08235112 0.07691717 -0.021788782 -0.0879003 -0.054497097 -0.077680096 -0.03521467 -0.05133302 0.011002013 -0.029690323 0.052980445 -0.086330414 -0.02685487 0.015376953 0.028715098 0.06613573 0.0021005706 -0.068894036 -0.008056275 0.10413478 -0.11090736 0.04926468 -0.04193602 0.004884057 0.015183109 0.06078477 -0.031957902 0.0820265 -0.02358633 0.08763797 -0.03490476 -0.115094416 -0.03985031 -0.012790542 0.009748224 0.02642366 0.065848 0.016750906 0.0003742717 -0.0054054516 0.008029398 -0.035865083 -0.04375164 -0.029102894 -0.0032128072 -0.0017171763 0.019383136 0.004991643 -0.05220046 -0.017818829 -0.048338924 -0.017357325 -0.08636919 0.14621104 0.057123788 0.05327952 0.041258182 -0.009100511 0.0078055663 0.0068695988 0.067777224 -0.03723193 -0.0074863927 0.041646812 -0.06801521 -0.05005186 0.038036473 -0.0276244 0.05453292 0.090789 0.03786862 0.05734823 0.08016435 -0.044854715 0.0177192 -0.06323441 0.05619839 -0.026822416 0.00025814708 -0.052587233 0.049098436 0.14252228 0.17873427 0.024159307 0.13764697 0.05507094 -0.09790617 -0.07940194 0.04203205 0.05860225 0.11003311 0.007325336 -0.0028350707 -0.017037906
Jun -0.13805713 0.1007931 -0.025288453 0.112794094 0.062317833 -0.12570196 -0.01681614 0.14981666 -0.092374206 0.09972611 0.032402314 -0.057404175 -0.084494255 0.046071675 0.16804689 -0.13947153 -0.06889593 0.09297497 -0.05008669 -0.078711316 -0.0006405165 -0.12172205 -0.035635643 0.04719989 -0.10197668 0.008580524 -0.019283904 0.04563741 -0.17951576 -0.05371821 0.049144976 0.06331784 0.09838594 -0.0141143445 -0.042474523 -0.00660997 -0.049634703 0.024500512 -0.17150913 -0.17005837 -0.14227499 -0.0009579872 0.07963247 0.07257821 0.06856566 0.00871977 0.09815565 0.0013337226 -0.0114202965 0.027311409 -0.01662365 -0.055087224 0.021330122 -0.09752443 -0.026594162 -0.09824259 0.1178353 -0.11915446 -0.10428444 -0.0014813198 0.09187801 0.11806064 -0.07576784 -0.09381986 -0.11828649 0.096959285 -0.1508098 0.24188745 -0.11129709 0.0048421174 0.02523584 -0.03859942 0.16655198 -0.047900844 0.010859964 0.07264496 0.06692357 -0.20109908 -0.17272133 -0.019282851 -0.061806936 -0.1981461 0.105688915 -0.014219003 -0.02352574 -0.024013346 -0.027184758 0.17650585 0.025267763 -0.13011377 0.07172141 0.042199682 0.12386695 0.06073276 0.19126952 0.3420879 -0.0041526402 0.02968919 -0.14320855 0.19870086 -0.13451618 0.048565585 0.008730978 0.049834788 -0.120360136 -0.037220247 -0.12895502 0.12059381 -0.046730306 -0.13432485 -0.097075745 -0.1153909 -0.048246227 -0.078308225 0.011440556 -0.03846186 0.07994392 -0.13222215 -0.034653857 0.031951804 0.051863898 0.10274283 0.0010662437 -0.112216175 -0.013866608 0.16367383 -0.1718858 0.07668346 -0.07248187 0.005690099 0.012238013 0.09571659 -0.055501886 0.116148256 -0.034093685 0.13550337 -0.06254955 -0.18512765 -0.07037726 -0.024072899 0.011290178 0.041000895 0.09991321 0.026371732 -0.0062358323 -0.012854794 0.006341795 -0.047407504 -0.07499448 -0.04684774 -0.008391169 -0.0032126817 0.03029414 0.0076924 -0.085286275 -0.026325077 -0.07451612 -0.020329496 -0.13860321 0.23001911 0.09186734 0.08502986 0.06611009 -0.015091756 0.013875161 0.0049467464 0.11787333 -0.06173204 -0.0057293107 0.064988315 -0.112183 -0.07967442 0.052249774 -0.033744354 0.0716841 0.15053658 0.05572173 0.09642562 0.114374414 -0.06596136 0.035148837 -0.10426051 0.08335304 -0.04372042 0.0073526935 -0.08216275 0.08040929 0.21883065 0.28202954 0.03558977 0.21459725 0.09149007 -0.15453571 -0.12294198 0.06974632 0.093916595 0.1640379 0.00070818485 0.0013233235 -0.028021859
£³ -0.20669344 0.17377944 -0.036135625 0.1649146 0.08420304 -0.17954133 -0.032839958 0.22925481 -0.14518242 0.1680421 0.051650487 -0.07293063 -0.11255332 0.06504039 0.26711398 -0.20745291 -0.105474055 0.15332814 -0.07331845 -0.11003547 -0.005700726 -0.17717455 -0.06077154 0.06778045 -0.16042604 0.027039 -0.033774346 0.071158215 -0.25608394 -0.08094329 0.06817812 0.10751855 0.14603469 -0.027739929 -0.05623162 -0.013490274 -0.07510181 0.051608603 -0.24373108 -0.26156685 -0.2078436 0.0073240637 0.1025928 0.095610306 0.10163044 0.016292464 0.1614127 -0.0020996346 -0.021332758 0.042903047 -0.019397827 -0.083175644 0.021514647 -0.13624364 -0.03655108 -0.15697306 0.16000824 -0.16081059 -0.1513747 -0.0007070369 0.1337935 0.167775 -0.10718951 -0.13802299 -0.15415755 0.14315423 -0.21870165 0.35932043 -0.17637871 0.026074661 0.029287254 -0.062557645 0.2313632 -0.08668777 0.0058246935 0.11839054 0.10193691 -0.30393487 -0.2448464 -0.017229334 -0.0806279 -0.31003854 0.15650626 -0.024430487 -0.028083414 -0.058152873 -0.05460832 0.27438262 0.061296053 -0.18141499 0.08227367 0.057177074 0.18135214 0.07469803 0.28265426 0.49366412 0.0035565873 0.03660953 -0.22970343 0.3005792 -0.20528866 0.07386364 0.011666108 0.073376544 -0.18632302 -0.05490283 -0.20239428 0.18289547 -0.059732176 -0.22085512 -0.12916394 -0.18409446 -0.07170973 -0.103048556 0.015607911 -0.052709494 0.11715616 -0.1948417 -0.053565554 0.047699876 0.06042503 0.147848 -0.00581314 -0.16907127 -0.027793773 0.24593599 -0.2724477 0.11619323 -0.11568443 0.0026783922 0.029145699 0.13470843 -0.08033152 0.18851721 -0.04743954 0.21054824 -0.08764437 -0.2834353 -0.09039919 -0.013497416 0.017042406 0.07307175 0.14231993 0.037603572 -0.0022879834 -0.014282898 0.01409847 -0.07753527 -0.116653435 -0.073302045 -0.024865432 -0.012532762 0.04236566 0.018155202 -0.12280053 -0.035365716 -0.10721278 -0.039809287 -0.20817815 0.34937164 0.12608978 0.12559342 0.08155326 -0.017673759 0.011239962 0.018943481 0.16147247 -0.10002211 0.004518174 0.110009395 -0.16453336 -0.117553264 0.08100111 -0.054802053 0.117899954 0.22691718 0.08465353 0.13476011 0.19555913 -0.10272056 0.042783786 -0.16160898 0.13274762 -0.07891991 0.009155304 -0.12762211 0.1300431 0.3387404 0.41085353 0.041719213 0.32094002 0.12508374 -0.24799661 -0.17984591 0.09315046 0.1343364 0.2502587 0.022791063 -0.0065318714 -0.041131087
£¹ -0.18525319 0.15561312 -0.036287885 0.13682994 0.077474385 -0.16274272 -0.020466818 0.20280208 -0.12982406 0.14220503 0.042896077 -0.07276125 -0.10194057 0.051870495 0.23408794 -0.18400432 -0.088153526 0.14291848 -0.061631154 -0.09877146 0.003808704 -0.16288269 -0.059757866 0.059304208 -0.14904653 0.017767342 -0.024296578 0.065947846 -0.23151927 -0.0721148 0.055316247 0.0992816 0.12994143 -0.026808064 -0.053251833 -0.010583603 -0.07003367 0.038879886 -0.21694063 -0.23068598 -0.1837215 -0.0011388313 0.086769685 0.09142468 0.08735071 0.012425841 0.15144432 -0.007115668 -0.019708334 0.033525698 -0.017316246 -0.08093503 0.019619491 -0.12342956 -0.03370029 -0.14369975 0.14244123 -0.15124084 -0.13571626 -0.0029873694 0.11763057 0.15003245 -0.08807167 -0.12365836 -0.1367729 0.120525315 -0.19664209 0.32068554 -0.15916513 0.016361266 0.023974042 -0.0529886 0.2074004 -0.074360326 0.010346046 0.10062964 0.08934689 -0.26903728 -0.22025274 -0.013179208 -0.07421227 -0.27094263 0.13558719 -0.019183228 -0.026289258 -0.055634897 -0.048323907 0.24534835 0.057559967 -0.16560374 0.07582816 0.058665935 0.16126557 0.07246527 0.25509635 0.43933335 0.0067628617 0.03323191 -0.20695448 0.26848334 -0.18338236 0.06674725 0.0050808443 0.07109849 -0.1689008 -0.044256307 -0.17961977 0.16181159 -0.054483917 -0.19794033 -0.11378532 -0.15872735 -0.06505944 -0.0905595 0.009402615 -0.052753445 0.106268145 -0.17073911 -0.05162658 0.04879564 0.055137523 0.12878543 -0.0047879675 -0.15400046 -0.02349433 0.21887963 -0.24586356 0.105636954 -0.097860046 0.0005138799 0.024823377 0.1174187 -0.068237 0.16249621 -0.042714536 0.1868578 -0.085732 -0.24985984 -0.08893487 -0.008357274 0.017270457 0.06643735 0.12591878 0.03289291 -5.7230827e-05 -0.0047585284 0.012268991 -0.07358982 -0.09863815 -0.061333466 -0.018074563 -0.010819992 0.03752696 0.011187588 -0.11103197 -0.025336856 -0.09569797 -0.042224765 -0.18946822 0.30893394 0.10853127 0.10659058 0.0731897 -0.011012023 0.009934905 0.015074659 0.1432125 -0.08192928 -0.001430972 0.094419956 -0.14593516 -0.110606015 0.070814446 -0.047562215 0.11281591 0.19568776 0.077565536 0.12403851 0.17483431 -0.09379295 0.039534647 -0.1492419 0.11915258 -0.06485924 0.008456874 -0.12115483 0.1122042 0.30396008 0.36792284 0.03975977 0.2889931 0.11438342 -0.21840794 -0.1551404 0.085979216 0.117969014 0.22007346 0.022942076 -0.0008412299 -0.033462908
Ì¹ -0.2268452 0.17672016 -0.03173683 0.16842201 0.09483839 -0.18705322 -0.02782865 0.24129136 -0.15484968 0.16992518 0.047440305 -0.07613576 -0.122377925 0.061650805 0.28529337 -0.22460306 -0.11606584 0.16773829 -0.06836898 -0.12049273 0.0031161155 -0.18504356 -0.064184256 0.07702122 -0.1696523 0.027720524 -0.027856244 0.076580256 -0.27308363 -0.08320561 0.066679925 0.109463446 0.14609842 -0.031299554 -0.062072195 -0.011751497 -0.084406115 0.05195469 -0.25591528 -0.2719785 -0.2233032 0.0062730224 0.10650898 0.10780335 0.104218334 0.015756719 0.17331786 -0.0040821303 -0.032745127 0.03993915 -0.020057125 -0.0980488 0.03029571 -0.146043 -0.044399053 -0.16748568 0.17453323 -0.17329748 -0.15887989 -0.000693778 0.13920657 0.17544307 -0.11161908 -0.14786856 -0.16449848 0.15280457 -0.23121502 0.37976468 -0.18769854 0.016249008 0.027938077 -0.06587195 0.2507374 -0.08721881 0.0025949308 0.12507367 0.105167486 -0.31382 -0.2581931 -0.016600424 -0.090520434 -0.32515785 0.16226186 -0.022664107 -0.03003648 -0.06010221 -0.05041491 0.28707495 0.059017926 -0.1967667 0.09012356 0.06027371 0.19899212 0.08120375 0.30106705 0.51433957 0.004428593 0.034066767 -0.23639147 0.32015085 -0.21232803 0.07515115 0.0145078 0.081402116 -0.19768573 -0.05455552 -0.2199213 0.18621227 -0.070859 -0.22717905 -0.14061448 -0.19321084 -0.073027074 -0.10725361 0.014794182 -0.058001567 0.12206785 -0.2020739 -0.065010056 0.053163793 0.06853338 0.15394835 -0.007204482 -0.17296502 -0.034104235 0.26547793 -0.28687432 0.12858067 -0.11453445 0.0055571445 0.027172754 0.13801856 -0.07858562 0.20204906 -0.051854007 0.21941403 -0.09940356 -0.29320085 -0.104446314 -0.01538501 0.026531238 0.08071712 0.14478453 0.043438476 -0.008642103 -0.011478208 0.007487321 -0.08116667 -0.11414714 -0.07456025 -0.023582207 -0.013133203 0.04765448 0.009522232 -0.13038452 -0.039648995 -0.108736984 -0.048519645 -0.2240814 0.36837363 0.13261129 0.13559435 0.093167596 -0.016595332 0.019363102 0.025470817 0.17190723 -0.09669603 -0.00020888852 0.11467148 -0.16631845 -0.13055749 0.08278612 -0.05533665 0.12735364 0.24006982 0.09267111 0.13874689 0.2050607 -0.112312324 0.04137675 -0.1726208 0.13731952 -0.07619358 0.00850668 -0.14449923 0.12722468 0.35703278 0.4350157 0.04326321 0.33679676 0.127515 -0.2570559 -0.18688281 0.09586912 0.14312153 0.25503054 0.017276362 -0.006499411 -0.031406727
Îä -0.15964729 0.13100879 -0.020986665 0.11443181 0.05716178 -0.13670501 -0.020020658 0.17296216 -0.107368425 0.13111067 0.03140066 -0.060372837 -0.08168132 0.046207357 0.20185386 -0.15530904 -0.084026426 0.12256213 -0.051775143 -0.07840032 0.00054537435 -0.12883405 -0.052684385 0.045479607 -0.121102914 0.019006062 -0.027984217 0.057488598 -0.18804796 -0.058345787 0.042726755 0.08015523 0.10385026 -0.025470296 -0.04546816 -0.009939907 -0.052464154 0.042127885 -0.179995 -0.1929368 -0.15070385 0.003972115 0.07977346 0.07365961 0.07308159 0.009867605 0.12703079 -0.008098195 -0.02288904 0.030795215 -0.021488998 -0.069264285 0.021196708 -0.103062406 -0.026669323 -0.11983872 0.12645915 -0.120922685 -0.10958168 -0.0040895957 0.1034659 0.12479961 -0.07702164 -0.09953491 -0.11261064 0.10185974 -0.1600599 0.2598303 -0.12969202 0.018404696 0.021391554 -0.04399574 0.16989455 -0.06990675 0.011059709 0.08624507 0.070384026 -0.23042765 -0.175472 -0.008222511 -0.06380475 -0.22857964 0.118083894 -0.015952155 -0.023551375 -0.048267774 -0.042521894 0.2072465 0.04501173 -0.13965373 0.0599231 0.040271144 0.13359639 0.05921536 0.20769344 0.3632979 0.008129884 0.033451393 -0.16932566 0.23001032 -0.15079328 0.06052242 0.010227429 0.055347655 -0.13487524 -0.037543096 -0.15655918 0.13144219 -0.0464108 -0.16819026 -0.098982215 -0.14311095 -0.049468197 -0.07077786 0.012956795 -0.042685434 0.093671806 -0.14246172 -0.04723719 0.033104714 0.04994692 0.10048873 -0.0072029615 -0.12422127 -0.03058232 0.1914498 -0.20274957 0.08886933 -0.078018844 0.0061215158 0.017153598 0.09785686 -0.06494945 0.14658992 -0.04193679 0.16057374 -0.07286245 -0.20658657 -0.06649352 -0.010495703 0.012898442 0.058200043 0.101146646 0.027914634 -0.005458178 -0.0042606182 0.0024491851 -0.055195987 -0.08543511 -0.05728908 -0.023486793 -0.012729465 0.035476267 0.013554785 -0.1004091 -0.021600954 -0.08403355 -0.033189725 -0.1605404 0.262856 0.08946061 0.08897612 0.061141945 -0.006025433 0.007279365 0.022767525 0.11815544 -0.07200355 0.003595563 0.07926688 -0.12380555 -0.092304155 0.059212573 -0.038886987 0.09554462 0.16943489 0.066596515 0.09835372 0.14666502 -0.07449774 0.035228856 -0.122911565 0.09855708 -0.062655605 0.006847976 -0.10634458 0.09235973 0.253409 0.30270258 0.025715796 0.2409787 0.09371823 -0.18683217 -0.13506325 0.07401193 0.0994978 0.18138406 0.016555795 -0.00289957 -0.02685146
¾È -0.2190691 0.1812735 -0.03400286 0.1657401 0.09500982 -0.1896355 -0.027930913 0.24258202 -0.14645992 0.17964631 0.05207037 -0.08378529 -0.12666298 0.070408404 0.2780742 -0.22143319 -0.11236064 0.1612762 -0.073870756 -0.11434129 8.47816e-05 -0.18806589 -0.068416685 0.0769934 -0.17130248 0.021910647 -0.036439188 0.072205 -0.26806116 -0.086908124 0.06522234 0.11176054 0.14596169 -0.03197059 -0.068290345 -0.00975211 -0.084493384 0.0520119 -0.25734898 -0.26753098 -0.21544918 0.0041061686 0.10294727 0.10760052 0.10212827 0.016372075 0.1698704 -0.0082492195 -0.022732608 0.041532762 -0.027079258 -0.097045496 0.028084157 -0.14730372 -0.039311815 -0.16806453 0.17845576 -0.17641206 -0.16275665 -0.0050595226 0.14882895 0.17824918 -0.105720244 -0.14654365 -0.16601737 0.14605826 -0.2362366 0.37874603 -0.18787377 0.020082068 0.0334665 -0.061260607 0.24766067 -0.08579359 0.013792055 0.11993348 0.10726048 -0.3201331 -0.25938064 -0.020923547 -0.08706406 -0.3300127 0.16009578 -0.022219775 -0.03659514 -0.062455628 -0.05704779 0.28544658 0.06359892 -0.19354805 0.082462825 0.059475653 0.19539316 0.078517914 0.30264273 0.5186792 0.012391975 0.038337857 -0.24175307 0.32694817 -0.21485616 0.084587716 0.016509775 0.07372828 -0.18995216 -0.06397369 -0.22051993 0.19107391 -0.06589897 -0.23077667 -0.14419767 -0.20028442 -0.06964766 -0.10267327 0.012931743 -0.062072914 0.1296352 -0.20306753 -0.056555767 0.055529084 0.069405764 0.15358812 -0.0050901417 -0.18114942 -0.037172344 0.26998937 -0.2918666 0.12751544 -0.111795716 -0.0010418025 0.028459257 0.13966091 -0.077567965 0.1938449 -0.055906586 0.21633211 -0.09620516 -0.29394752 -0.10226925 -0.009193754 0.01664402 0.0759255 0.14826086 0.03761311 -0.008687748 -0.008339652 0.01407172 -0.08425398 -0.11687274 -0.076097794 -0.023416085 -0.0077976314 0.049702648 0.012397519 -0.13310748 -0.033934966 -0.10662852 -0.050126832 -0.21643187 0.36579537 0.13742186 0.13566451 0.090880565 -0.0110117765 0.021935068 0.026270913 0.17014489 -0.10037032 0.0002589037 0.11572026 -0.16979171 -0.12326367 0.08212996 -0.055962913 0.12570117 0.23482983 0.085640445 0.14554167 0.20503786 -0.107642666 0.04445987 -0.17511435 0.13920124 -0.08154718 -0.0009709151 -0.1381257 0.13573043 0.35947868 0.43712094 0.042039346 0.3405403 0.1294806 -0.25654513 -0.18564244 0.095736325 0.13756599 0.26362434 0.017777896 0.0037234544 -0.033963095
Ê± -0.17574511 0.13849834 -0.029957997 0.12829928 0.06946466 -0.14163323 -0.027739784 0.19415767 -0.119098075 0.13635114 0.03716428 -0.06202116 -0.094506666 0.049531225 0.22040677 -0.16827036 -0.09015518 0.12651727 -0.06005439 -0.08625321 0.0014078235 -0.14857128 -0.055573873 0.05312527 -0.13088186 0.016931709 -0.025154218 0.05795948 -0.2131641 -0.06373531 0.043529876 0.091148 0.11064668 -0.024162509 -0.049135637 -0.00314095 -0.063809715 0.04426525 -0.19673173 -0.20979425 -0.16982602 0.000758394 0.081753924 0.07520411 0.07724358 0.011304613 0.13590255 -0.0016458288 -0.018642934 0.032110736 -0.01587593 -0.07738937 0.018015329 -0.11519017 -0.029611018 -0.1269875 0.13158067 -0.13343237 -0.11731631 -0.005461948 0.108898185 0.13987897 -0.08720409 -0.11681375 -0.12471828 0.11385497 -0.17887297 0.28762978 -0.14391811 0.014388547 0.023223696 -0.048666306 0.19475529 -0.06686907 0.0062560015 0.09749766 0.08069194 -0.25049192 -0.1962437 -0.011236524 -0.06684138 -0.24753381 0.12854423 -0.014410484 -0.028872725 -0.05068519 -0.042523425 0.22511254 0.044323247 -0.14890997 0.06380755 0.04907138 0.14853573 0.064874 0.23411386 0.39983857 0.011913509 0.030513674 -0.18982661 0.2526384 -0.1651288 0.057286657 0.009892432 0.061133094 -0.15305364 -0.04394624 -0.16647442 0.14031646 -0.05004223 -0.181884 -0.10122765 -0.15060183 -0.053801592 -0.07676236 0.00510721 -0.044616275 0.10233849 -0.15958183 -0.049568456 0.043846775 0.047655113 0.11091021 -0.010692834 -0.13219155 -0.027298586 0.2093338 -0.22470666 0.10490089 -0.0928161 -0.002784707 0.018262377 0.100703426 -0.06468851 0.15221778 -0.04420481 0.1721288 -0.06871817 -0.22683308 -0.074132755 -0.0046669543 0.011676367 0.05955944 0.10878933 0.032210585 -0.005584272 -0.010966755 0.0042727254 -0.06309516 -0.08749746 -0.057284296 -0.016957423 -0.011655249 0.03250277 0.012641679 -0.10965024 -0.030114492 -0.08574208 -0.03434196 -0.17358644 0.28941414 0.099496745 0.10564021 0.07098072 -0.013260395 0.014764211 0.016515946 0.1305516 -0.07813694 -0.0014111805 0.087804765 -0.13237737 -0.09945287 0.07043906 -0.0461592 0.102595516 0.1870751 0.06599601 0.106424436 0.15580733 -0.08009531 0.031029092 -0.13617106 0.10313955 -0.059572514 -0.00049408805 -0.10994199 0.10328265 0.2795291 0.3395865 0.03221723 0.26551783 0.09931022 -0.20520024 -0.14268221 0.076668166 0.11004183 0.19922768 0.012958488 0.0037925702 -0.030059436
Êý -0.1780772 0.148284 -0.03053877 0.1353885 0.070430785 -0.1483497 -0.023431933 0.19933374 -0.12844929 0.14182094 0.044837248 -0.06641325 -0.09939431 0.05619089 0.23533489 -0.1778856 -0.09135335 0.13807498 -0.05589281 -0.09629958 -0.0046706586 -0.14885347 -0.052290335 0.060632877 -0.13807936 0.024985326 -0.031572767 0.057847314 -0.2162583 -0.06799863 0.053507872 0.09738104 0.1219554 -0.025416851 -0.046860095 -0.006819588 -0.07045544 0.045281596 -0.21494392 -0.22164804 -0.1844025 0.0066790045 0.09077083 0.08229009 0.08554076 0.011619318 0.14046405 -0.0032126126 -0.018682495 0.030546997 -0.025622258 -0.07506836 0.025314987 -0.11812953 -0.0355966 -0.13603239 0.14571252 -0.14807335 -0.13005406 -0.0046876306 0.12194946 0.14884424 -0.09290854 -0.11809588 -0.14182678 0.11597032 -0.19019206 0.3040063 -0.15098386 0.015688637 0.028407652 -0.05214362 0.20631823 -0.07114678 0.007470971 0.09709825 0.0886833 -0.25768054 -0.20977429 -0.012671781 -0.072134666 -0.26185447 0.1412848 -0.025483815 -0.032429237 -0.047793183 -0.043503646 0.23682083 0.05101761 -0.15656008 0.06458012 0.052470256 0.16335428 0.06701465 0.24448398 0.42033568 0.0064669177 0.030941617 -0.19535148 0.26851445 -0.17222956 0.06102945 0.006615519 0.065859616 -0.16075747 -0.041825045 -0.17478976 0.15464094 -0.058273755 -0.19267389 -0.11048546 -0.15833879 -0.06152433 -0.083901286 0.011605225 -0.048759643 0.109903134 -0.17152525 -0.046311907 0.04797958 0.05681645 0.12111408 -0.007963519 -0.1470445 -0.027050806 0.21898271 -0.23291756 0.104940385 -0.09851191 9.2778304e-05 0.019044165 0.109957606 -0.072552726 0.1613796 -0.043730956 0.17736998 -0.07715441 -0.23902586 -0.08319179 -0.013378346 0.016849454 0.061479483 0.11645642 0.025928043 -0.00011550982 -0.008011203 0.0047506723 -0.07152449 -0.091724 -0.06578842 -0.016351039 -0.0071483073 0.043419905 0.011716162 -0.10904209 -0.033454366 -0.0927162 -0.033809524 -0.18208988 0.3051052 0.10647488 0.10747825 0.069760576 -0.0072104693 0.012609654 0.022483474 0.13575308 -0.08261794 0.0023911255 0.088932134 -0.13980965 -0.10752959 0.06908764 -0.052596148 0.10621773 0.19301052 0.07073012 0.11566059 0.16996773 -0.087400824 0.04162974 -0.13795634 0.10717083 -0.06871249 0.0016859222 -0.12226505 0.10770355 0.28958023 0.35239226 0.03737858 0.2826883 0.101669006 -0.20893411 -0.15148121 0.08193785 0.11517825 0.2123077 0.016756073 -0.0026977041 -0.03226711
¸÷ -0.19258866 0.15389657 -0.03552635 0.14697678 0.07598113 -0.16299011 -0.028955154 0.21513169 -0.13464715 0.15018722 0.039028 -0.06984724 -0.1095303 0.056845147 0.24962087 -0.19692746 -0.10060896 0.15059231 -0.065350704 -0.105560474 0.0038836573 -0.16092984 -0.06181349 0.06504856 -0.14528441 0.025057612 -0.031931907 0.063335635 -0.23641992 -0.078902826 0.059179276 0.099703096 0.13280785 -0.03252868 -0.054741994 -0.010099716 -0.07603729 0.04945208 -0.22469606 -0.23590586 -0.18860677 0.0061437585 0.08933396 0.09029314 0.09543056 0.0076004267 0.15064831 0.00064329326 -0.02172397 0.03640444 -0.026532218 -0.08182583 0.020048287 -0.13117033 -0.033416487 -0.15033789 0.14757267 -0.15709361 -0.13254033 -0.005830672 0.12729217 0.15434997 -0.1005613 -0.124841414 -0.14927864 0.132572 -0.20175503 0.32517973 -0.161008 0.015450082 0.028880848 -0.059943017 0.21685451 -0.082594 0.0025739218 0.110758275 0.09257227 -0.28360996 -0.22014688 -0.017888997 -0.077393815 -0.2874603 0.14716017 -0.019456584 -0.028971579 -0.0580283 -0.047054816 0.25400123 0.053261813 -0.17072752 0.07173501 0.053168327 0.16703697 0.06784271 0.26539072 0.4516488 0.0012591523 0.031577002 -0.21369554 0.28550273 -0.18120055 0.0672276 0.012970564 0.06901906 -0.17070845 -0.04481933 -0.1901169 0.16335526 -0.058263958 -0.19851018 -0.12275225 -0.17287841 -0.06612533 -0.087727 0.011884284 -0.05366087 0.11414461 -0.17669551 -0.04982948 0.04748857 0.05577042 0.12971209 -0.009612183 -0.15050353 -0.024437604 0.2283604 -0.24917732 0.10755249 -0.10282499 0.0003226514 0.0211589 0.117768966 -0.071069956 0.17462084 -0.051127836 0.19381699 -0.08720479 -0.2595661 -0.089080445 -0.007078921 0.024157709 0.065109104 0.13104407 0.03614163 -0.0067788335 -0.0039907712 0.0076163616 -0.078379996 -0.10576594 -0.066322334 -0.016656486 -0.008656255 0.03988932 0.014261912 -0.11772156 -0.03345292 -0.093212515 -0.043966897 -0.19681486 0.32692522 0.11454471 0.11834769 0.081772305 -0.015044724 0.013524249 0.0237343 0.14556825 -0.09123707 -0.0036498404 0.09862712 -0.15378042 -0.106798865 0.07310505 -0.04795123 0.108080156 0.2083016 0.08332744 0.12218026 0.18099292 -0.09620343 0.037965696 -0.1544089 0.122079834 -0.0759198 0.0059135426 -0.121021286 0.11907107 0.30869696 0.3788989 0.03483106 0.30086797 0.11797026 -0.23169184 -0.16165867 0.08734131 0.12775813 0.22340085 0.021590522 -0.0055569145 -0.03605861
Òª -0.2476755 0.19775908 -0.037111785 0.18513955 0.09619956 -0.20484261 -0.0379092 0.2629793 -0.15721786 0.19213486 0.05126929 -0.09163997 -0.13854495 0.073758475 0.30787972 -0.24417414 -0.12040586 0.17683057 -0.07699918 -0.12876062 0.0042493087 -0.20836323 -0.0744124 0.079299495 -0.18642405 0.027766032 -0.032544117 0.07700236 -0.29792067 -0.09679358 0.068318 0.123944 0.15757653 -0.033696696 -0.064631745 -0.0033881364 -0.085491836 0.055305183 -0.28743812 -0.29175732 -0.24218252 0.0017153354 0.1139433 0.11513993 0.11184453 0.012663576 0.18367217 -0.0056551057 -0.030662337 0.04123958 -0.020248802 -0.10307931 0.02647577 -0.15829575 -0.047176953 -0.1868997 0.18914884 -0.19409174 -0.17741369 -0.0046097958 0.15784678 0.19841743 -0.12277954 -0.16096841 -0.18755744 0.15930793 -0.2602949 0.41095662 -0.20437561 0.023292901 0.032271475 -0.06943111 0.2720068 -0.09408679 0.0068208077 0.13500679 0.11142776 -0.34975722 -0.28392383 -0.02004632 -0.09350777 -0.34935588 0.18091877 -0.024309747 -0.03579117 -0.06573286 -0.05560242 0.31525943 0.06932646 -0.21779823 0.09178079 0.072071895 0.21788901 0.09178066 0.323842 0.56545967 0.0071876375 0.048093434 -0.26220945 0.3517047 -0.23608868 0.08854242 0.0076150293 0.08180357 -0.21527353 -0.06879982 -0.23915917 0.20225519 -0.0686843 -0.25646645 -0.15498236 -0.2159167 -0.08256128 -0.118487775 0.012404257 -0.06400373 0.13976477 -0.23002346 -0.06280766 0.055828225 0.069634184 0.1649181 -0.013701913 -0.18893841 -0.038853224 0.28817713 -0.316507 0.13806106 -0.12548977 -0.0030442935 0.028861186 0.15271288 -0.08904657 0.21311879 -0.061365455 0.24433435 -0.098803684 -0.31605768 -0.104610085 -0.009608309 0.0220531 0.0835399 0.15971926 0.045412444 -0.006891944 -0.012425248 0.009153141 -0.094347425 -0.13126579 -0.086933516 -0.021926157 -0.010876533 0.055581797 0.018757299 -0.15297951 -0.036989264 -0.12258606 -0.052055944 -0.23531781 0.40494692 0.14601065 0.13969268 0.09621967 -0.01327871 0.021435961 0.02409879 0.18491335 -0.11222177 -0.002077521 0.12277277 -0.1905047 -0.13882567 0.0946389 -0.06505208 0.14355655 0.25876325 0.09468501 0.16014272 0.22103415 -0.119794555 0.050390117 -0.19004415 0.14445184 -0.08907995 0.00640835 -0.14964066 0.14237547 0.39584047 0.47653636 0.047603864 0.3734948 0.13904116 -0.2892087 -0.20725574 0.106521435 0.15952155 0.2833877 0.020018153 -0.004816379 -0.035758216
ÔË -0.15491569 0.1239731 -0.024392003 0.114743076 0.06360871 -0.13069724 -0.021754732 0.17349666 -0.109585986 0.12641676 0.03539807 -0.060699865 -0.0823138 0.03959846 0.19677234 -0.15511884 -0.082450524 0.12071135 -0.047189947 -0.08216716 -0.0055084783 -0.13390562 -0.0451534 0.04974594 -0.12117373 0.017108139 -0.027393913 0.04740922 -0.18547373 -0.061768897 0.045747884 0.08351095 0.104791366 -0.022155592 -0.04685043 -0.0029705493 -0.057554264 0.034241192 -0.1845413 -0.19026394 -0.15090872 -0.0021478052 0.07504589 0.07603373 0.07941892 0.013145904 0.11726649 -0.004242508 -0.022627167 0.027553648 -0.015071469 -0.066288926 0.023391852 -0.10389497 -0.025777286 -0.12189341 0.12571453 -0.12722147 -0.10607741 0.0017134594 0.09756195 0.118799396 -0.07346976 -0.1049792 -0.11183358 0.1024569 -0.15778893 0.2669735 -0.12513429 0.013591929 0.02002357 -0.048846237 0.17484988 -0.06281808 0.00398531 0.08767453 0.07374195 -0.22528462 -0.18351507 -0.013914353 -0.06286134 -0.23174238 0.12162841 -0.014957749 -0.023526631 -0.043983996 -0.037090823 0.20325293 0.04666222 -0.134862 0.05583887 0.04705814 0.13608117 0.061324753 0.20426543 0.35520414 0.0063011376 0.030551717 -0.17017385 0.22272816 -0.14893284 0.053636316 0.009624126 0.053073477 -0.13806462 -0.040332183 -0.15001546 0.1307415 -0.04207125 -0.16278152 -0.09921394 -0.13639618 -0.055838756 -0.07344783 0.004571445 -0.047069363 0.09395067 -0.14740738 -0.038893666 0.03371361 0.046548 0.10341766 -0.004126172 -0.12307089 -0.02903299 0.19148272 -0.20032111 0.08721968 -0.08030996 0.0046226257 0.02228607 0.09657494 -0.055800296 0.14164165 -0.03609699 0.14995538 -0.071090974 -0.20630166 -0.06585366 -0.007814527 0.018201364 0.051297855 0.105865546 0.022054436 -0.0044921637 -0.0070039043 0.0062785908 -0.05894555 -0.078445345 -0.05867139 -0.016631497 -0.00957983 0.037510972 0.004273644 -0.09892234 -0.028067008 -0.07938978 -0.037209634 -0.15959437 0.2588859 0.0910013 0.09029291 0.057075694 -0.010137148 0.015124655 0.022681976 0.11036662 -0.0701734 0.003231053 0.07325082 -0.118560985 -0.08900503 0.058943994 -0.04553853 0.08518531 0.170726 0.06724385 0.10149438 0.14699 -0.07127847 0.031962413 -0.12613435 0.09228791 -0.05845451 0.0028637145 -0.103938356 0.090519845 0.2540206 0.30182543 0.029342923 0.23539515 0.08908765 -0.18290125 -0.12994511 0.07562708 0.100434735 0.18798341 0.013640021 0.0011445364 -0.022798011
£º -0.17835326 0.14178014 -0.024754828 0.12973881 0.072025366 -0.14899464 -0.02109707 0.19259953 -0.120318964 0.13477562 0.03945737 -0.06684781 -0.1007333 0.04951635 0.2181195 -0.17092672 -0.09187603 0.13446791 -0.053807866 -0.09968872 0.0025565422 -0.15132362 -0.05712897 0.061517924 -0.13651696 0.020535875 -0.026435338 0.059177212 -0.21258076 -0.06371229 0.053242248 0.09327794 0.120779164 -0.024154605 -0.05229319 -0.0036740145 -0.061221782 0.04132289 -0.2007286 -0.21316701 -0.17076449 0.0077236914 0.087656796 0.08449609 0.082175806 0.009411529 0.13872734 -0.004645322 -0.016637517 0.036504313 -0.015469228 -0.07124244 0.018084457 -0.11393071 -0.03338427 -0.13251026 0.14339195 -0.14544192 -0.12662444 -0.00040380377 0.11452196 0.13824636 -0.090855375 -0.12019079 -0.13831598 0.11615564 -0.18117903 0.29522887 -0.14793861 0.017886836 0.023083562 -0.05086018 0.20001411 -0.07184573 0.008978516 0.09453947 0.07845028 -0.2505945 -0.20699422 -0.020153347 -0.06646249 -0.2592535 0.13495013 -0.016570272 -0.025568487 -0.04334304 -0.042028427 0.22636822 0.052233037 -0.14993918 0.06910477 0.054755013 0.15513892 0.061977193 0.23622154 0.4090301 0.0032657355 0.034947775 -0.18542087 0.2548338 -0.16807158 0.06754252 0.008127628 0.06445021 -0.15702786 -0.046676863 -0.1696814 0.14426838 -0.05506377 -0.18069191 -0.11255722 -0.15124351 -0.059713203 -0.089344196 0.012703712 -0.047147125 0.10512911 -0.16129854 -0.053161554 0.043382414 0.04940986 0.12515286 -0.002650084 -0.13895492 -0.025263092 0.21260077 -0.23194234 0.09947538 -0.09537615 0.0005267274 0.020825785 0.10622984 -0.06204722 0.15210618 -0.046910398 0.17493534 -0.07137649 -0.23656295 -0.079893716 -0.0087559605 0.013104428 0.057493273 0.11986972 0.031316437 -0.0041848607 -0.010853147 0.0038101436 -0.06623649 -0.09261135 -0.05956295 -0.013773164 -0.01017834 0.041248627 0.011454468 -0.10605414 -0.02763372 -0.089399405 -0.031510178 -0.17600518 0.29228812 0.10506738 0.10813433 0.07382489 -0.0063589434 0.0150613 0.018752722 0.13916194 -0.079193674 -0.0031184237 0.09451181 -0.13587801 -0.10148326 0.07136702 -0.042562373 0.1022754 0.18760538 0.07479455 0.116983354 0.16251458 -0.08871331 0.038350184 -0.13258453 0.10512414 -0.06454661 0.0043612565 -0.11403648 0.09925337 0.28587914 0.35100043 0.03266954 0.27196532 0.1077961 -0.20694523 -0.14827397 0.08429378 0.114984766 0.2056046 0.015281917 -0.0039994186 -0.023713842
11 -0.11383141 0.082554355 -0.015205826 0.09364517 0.055526145 -0.09730384 -0.016363 0.12000484 -0.071145296 0.07720022 0.028679905 -0.03822194 -0.06771327 0.037287652 0.13674007 -0.114562854 -0.053161055 0.07842554 -0.046127956 -0.06047133 0.005396327 -0.09881324 -0.030599201 0.0389075 -0.08707896 0.007402251 -0.013277388 0.04342812 -0.14336565 -0.03976966 0.043570656 0.05709507 0.07746929 -0.017232593 -0.03761772 -0.0066598346 -0.03712161 0.018136574 -0.14432582 -0.13940339 -0.118353054 -0.004095159 0.06483262 0.060968883 0.05752876 -0.00032857707 0.07719801 0.0060540484 -0.013050121 0.022619803 -0.011498714 -0.048425224 0.009867931 -0.08313233 -0.029937148 -0.08143685 0.093305334 -0.0982111 -0.086110905 0.0041569127 0.06941877 0.09454689 -0.054720994 -0.07070722 -0.09420143 0.07856005 -0.12109355 0.20275266 -0.09306424 0.0051417537 0.019503508 -0.029093722 0.13296197 -0.035487365 0.0025248944 0.06635407 0.050213058 -0.16147012 -0.13659672 -0.014653414 -0.042226866 -0.16375117 0.08609606 -0.00912106 -0.019648533 -0.01786967 -0.027812868 0.14404438 0.019180216 -0.10760783 0.056918986 0.03767759 0.09696669 0.051027853 0.15550171 0.27714613 -0.01020566 0.019322166 -0.112165414 0.15814124 -0.109922126 0.034291223 0.009143632 0.03823367 -0.10118698 -0.02704957 -0.10462211 0.09017497 -0.035915665 -0.11011542 -0.069671296 -0.100369446 -0.033736046 -0.061935585 0.015969284 -0.03556322 0.059105523 -0.10871212 -0.02663481 0.024473522 0.0482333 0.0829612 -0.0067134695 -0.08716052 -0.0126692355 0.13490306 -0.13699187 0.057888594 -0.05795251 0.008235796 0.010883657 0.07276158 -0.04121024 0.09087359 -0.028472971 0.10961906 -0.04421671 -0.14267401 -0.057939492 -0.019279327 0.0091518955 0.031154336 0.083625056 0.016664147 -0.0010311835 -0.010679842 0.007153916 -0.036114097 -0.05979903 -0.04397311 -0.009889994 -0.0016419594 0.027495146 0.008013469 -0.06421047 -0.024835855 -0.055024233 -0.019738391 -0.107434236 0.18087927 0.076810114 0.068292305 0.04737971 -0.01619797 0.0094647175 0.0022119884 0.096592665 -0.05193752 -0.009415537 0.0508396 -0.09041518 -0.066032514 0.04056498 -0.034631744 0.06482755 0.11769663 0.04949577 0.07106972 0.09262502 -0.057546638 0.02981671 -0.07790075 0.06537733 -0.04289986 0.005909276 -0.074994914 0.058210786 0.1816364 0.22765674 0.024270697 0.1809135 0.07387998 -0.12534337 -0.0934982 0.05404412 0.07369119 0.14140439 0.0057949624 0.005312708 -0.027713722
1 -0.08151406 0.06550484 -0.017371656 0.065056086 0.03610715 -0.07430119 -0.008348351 0.09256934 -0.057957534 0.067418635 0.021711314 -0.028870298 -0.048609696 0.020956945 0.102461934 -0.08034335 -0.045918617 0.06311257 -0.026112525 -0.039665505 -0.0021786639 -0.0709235 -0.025371738 0.027760869 -0.064069085 0.010435017 -0.0117122475 0.024064917 -0.10026027 -0.029544227 0.021585261 0.036719564 0.055998605 -0.01381828 -0.027193615 -0.0016733214 -0.030014617 0.01950705 -0.0979907 -0.10417065 -0.08539415 0.0053927037 0.04142745 0.039938096 0.036637355 0.008074737 0.0633967 0.00011857417 -0.007328839 0.01595074 -0.011556852 -0.038819313 0.013351516 -0.0550136 -0.019625425 -0.06305093 0.06522497 -0.068609074 -0.056762796 -0.0029201142 0.05172887 0.066003114 -0.04020997 -0.05189868 -0.06063909 0.057759173 -0.082566105 0.1358146 -0.06476388 0.0107653495 0.0140244365 -0.02283932 0.09271862 -0.030880256 -0.0010575401 0.047347948 0.03850222 -0.1184697 -0.09207647 -0.0065977424 -0.029945685 -0.120517485 0.06482683 -0.01199769 -0.007624313 -0.019512301 -0.016634585 0.10455462 0.024744956 -0.07003171 0.03403716 0.029066201 0.0730736 0.03309914 0.114894226 0.19070238 0.0065356065 0.018734511 -0.08366079 0.115976974 -0.08076211 0.032295965 0.006461218 0.029364552 -0.07652563 -0.019519482 -0.07686689 0.06522729 -0.022424048 -0.084130734 -0.05134309 -0.06943784 -0.030474113 -0.046035692 0.0076050893 -0.028301846 0.046291422 -0.07292839 -0.02038738 0.020906182 0.02569754 0.055407796 -0.0004586321 -0.07038984 -0.0134091 0.09919706 -0.11028847 0.05030489 -0.046019837 0.003366357 0.011606159 0.05680107 -0.028484259 0.07721791 -0.017836237 0.07897531 -0.037712086 -0.10745758 -0.04288685 -0.008608283 0.010302803 0.021435408 0.058533993 0.01590932 -0.0048877914 -0.0021114936 0.0032224706 -0.028373845 -0.0459442 -0.027189076 -0.0029545152 -0.004590566 0.022218969 0.008565644 -0.05094597 -0.01544259 -0.04283142 -0.0152769815 -0.084556974 0.14232205 0.04672533 0.05383859 0.033251856 -0.0025200108 0.005470651 0.009981877 0.06506127 -0.031693377 -0.005975586 0.038606394 -0.06794936 -0.051301997 0.029289486 -0.023048883 0.045888018 0.08552069 0.037189014 0.05177642 0.069681875 -0.0376313 0.015634093 -0.0673214 0.05312914 -0.02568354 0.00061219675 -0.05524646 0.0500597 0.1377405 0.16248134 0.01637344 0.13052787 0.050748352 -0.099591725 -0.07277964 0.036062457 0.05238009 0.095150895 0.00560682 0.0029403148 -0.014987077
ÐÇÆÚËÄ), -0.035843346 0.026243303 -0.007049985 0.024287675 0.012139768 -0.027334012 -0.0072472813 0.03409102 -0.023727141 0.026386304 0.008161252 -0.00843842 -0.022211486 0.015741313 0.048007913 -0.033612277 -0.021100387 0.025010528 -0.009007384 -0.023966651 0.00084853 -0.03220055 -0.0053677955 0.011077281 -0.022967326 0.000725699 -0.008547316 0.012731196 -0.043641437 -0.01281071 0.014645325 0.019900937 0.026273936 -0.0005597907 -0.010495127 -0.0011721125 -0.012486208 0.011360078 -0.038795613 -0.04090317 -0.03549123 0.0030320145 0.017079316 0.020203881 0.014573098 0.0010456821 0.021177802 0.0012334229 -0.005699777 0.0025578665 -0.004850587 -0.016567003 0.0012921509 -0.027446585 -0.004859838 -0.026834007 0.02703428 -0.0329168 -0.026238428 -0.00012067438 0.021692744 0.026784148 -0.021437194 -0.026150106 -0.03481673 0.029002894 -0.03426067 0.06061782 -0.023735581 -0.0002478981 0.008067296 -0.012535618 0.0378102 -0.009516634 0.0005918498 0.018328995 0.017664311 -0.051446818 -0.04424527 -0.00259846 -0.0151398415 -0.049720682 0.031278946 -0.0068969084 -0.008582851 -0.010601732 -0.01280967 0.044328928 0.006043674 -0.030374443 0.021456948 0.006018836 0.028053429 0.017369153 0.045203835 0.085687466 0.0016079146 0.009045079 -0.03698583 0.049735468 -0.030884745 0.010983045 -0.0009412928 0.016700296 -0.02851084 -0.0085610235 -0.03074549 0.027711686 -0.010282168 -0.039425332 -0.024923855 -0.033179987 -0.014449305 -0.019548299 0.00794335 -0.016309578 0.016340826 -0.035706736 -0.010006558 0.0056877295 0.017260578 0.029672548 0.004045834 -0.029712824 -0.0019792854 0.043555025 -0.04159181 0.016692959 -0.016244518 0.00046969383 0.0017875829 0.019531112 -0.012345937 0.026282998 -0.0045541544 0.033037342 -0.010045901 -0.04741187 -0.016555022 -0.008217319 0.003561023 0.005375477 0.026427073 0.006452438 -0.004776407 0.00025084498 0.0056703286 -0.010556973 -0.0155096045 -0.016371641 -0.0066846227 0.0015531684 0.0084487805 0.006945391 -0.022927376 -0.008137651 -0.02083781 -0.0030233408 -0.0393428 0.05343102 0.018042404 0.016570427 0.016036797 -0.0017720243 0.0014856457 -3.1800468e-05 0.031331677 -0.016110446 0.0045717303 0.019055037 -0.02871515 -0.01712193 0.018011762 -0.008509349 0.017430356 0.033565335 0.011388275 0.018760843 0.03342166 -0.014712267 0.009224978 -0.025643857 0.022553472 -0.013019781 0.0048524593 -0.02536009 0.020516653 0.058616377 0.07195525 0.0117119495 0.0572154 0.021429349 -0.039822854 -0.029486196 0.02030295 0.023463404 0.046055693 0.0033830563 0.0023661405 -0.011613351
10.100.139.19] -0.040127177 0.029312683 -0.0083244275 0.0312529 0.023044886 -0.03783362 -0.011200442 0.04786438 -0.022591164 0.036254816 0.0053208666 -0.020965807 -0.019718241 0.017728655 0.046308808 -0.042355437 -0.019535407 0.030485647 -0.009305002 -0.02284901 -0.0030198775 -0.03599213 -0.010353572 0.011774535 -0.03335738 0.0010763546 -0.007072918 0.01848949 -0.047568433 -0.01700412 0.01431348 0.019326515 0.026593829 5.6468863e-05 -0.017822348 -0.002304127 -0.02046557 0.010295972 -0.055245582 -0.047469653 -0.040896468 0.0059263776 0.015940696 0.018434832 0.018143773 0.00092090823 0.033724662 -0.013734774 -0.0117213605 0.0067348625 0.0012094732 -0.009885738 0.00877855 -0.034291957 -0.014348329 -0.03471725 0.03197907 -0.030319937 -0.028548948 -0.0015895405 0.027575813 0.03461141 -0.018053386 -0.032177612 -0.037708182 0.027706772 -0.045430947 0.0653326 -0.029929914 0.0012946136 0.0061341817 -0.014501423 0.04930712 -0.019126128 0.006927168 0.017996496 0.021429554 -0.059520744 -0.047585927 -0.0009776091 -0.019787543 -0.05613565 0.029538719 -0.001118204 -0.0048759594 -0.008818572 -0.0011724078 0.055837464 0.010921596 -0.03424816 0.020436067 0.011332305 0.03711697 0.015336283 0.05111808 0.09338829 0.0012244364 0.0050838725 -0.048027292 0.05947197 -0.0411871 0.017632814 -0.0022233038 0.018929515 -0.0419549 -0.013136246 -0.04131324 0.030559849 -0.007972339 -0.04413827 -0.029559879 -0.0326236 -0.016740583 -0.027039882 0.0004481121 -0.016713426 0.025773074 -0.049573243 -0.017897794 0.005404516 0.0045817452 0.030910386 -0.0008615059 -0.026218647 -0.0061417413 0.056666773 -0.05283432 0.03143584 -0.022197457 -0.0028418312 0.006604833 0.031168927 -0.008795559 0.03784835 -0.003986869 0.0347878 -0.015597632 -0.054190654 -0.013052846 -0.007258724 0.0009312296 0.012794683 0.027460262 0.0034899618 0.0019115057 -0.00042087559 -0.0037728339 -0.017591836 -0.02421219 -0.009710812 -0.00087916973 -0.0031467688 0.0045178207 0.0029106569 -0.026419606 -0.011654571 -0.020505602 -0.014034933 -0.03891377 0.07020252 0.021623865 0.030902028 0.011640593 0.0050116186 -0.0005964437 0.004664433 0.040401522 -0.009569862 -0.0045793857 0.020437421 -0.033693064 -0.024545114 0.011306176 -0.0055297734 0.017332865 0.04508454 0.014954953 0.03083972 0.034559812 -0.015468968 -0.0013571449 -0.030289285 0.032466106 -0.010906754 -0.004269474 -0.030760305 0.020144014 0.070719525 0.07947626 0.009037731 0.06318939 0.027507382 -0.04796493 -0.027527891 0.016415743 0.03150376 0.049834885 0.01149852 -0.011444805 0.00043849164
£· -0.24543111 0.19994831 -0.043462984 0.18613032 0.10492631 -0.21337827 -0.03075506 0.27410275 -0.16205402 0.19379544 0.054224305 -0.09325673 -0.13253658 0.07236167 0.30640182 -0.24725077 -0.12136429 0.17760557 -0.07969801 -0.12849234 -4.364208e-05 -0.20868383 -0.07070778 0.07584672 -0.18550244 0.03192515 -0.0317979 0.08026933 -0.2944963 -0.09224938 0.069076255 0.12926033 0.1657096 -0.02970883 -0.07598631 -0.010521698 -0.092550285 0.04900024 -0.28369576 -0.29854777 -0.24610354 0.003406793 0.11601066 0.11278376 0.11723719 0.011208534 0.18820864 -0.008495707 -0.03416754 0.047060862 -0.020500926 -0.09874489 0.026995601 -0.16009042 -0.04233094 -0.18951398 0.19183175 -0.19383791 -0.18122455 0.0029923453 0.15563223 0.1908376 -0.12580037 -0.1634908 -0.19032134 0.16437002 -0.25363654 0.4160515 -0.2104783 0.025641833 0.032083232 -0.074103214 0.27420908 -0.09517998 0.010107593 0.14225583 0.117018625 -0.34935695 -0.28826043 -0.028055185 -0.09535733 -0.35983235 0.17614457 -0.02655794 -0.037414793 -0.062475935 -0.05944483 0.3198398 0.07159865 -0.21737821 0.093931265 0.07611933 0.21362656 0.08932737 0.3349784 0.57333505 0.0034819613 0.042883687 -0.27022812 0.35695398 -0.23672429 0.09270343 0.012781085 0.0818112 -0.21494918 -0.06295695 -0.23277168 0.20952542 -0.0704087 -0.25300214 -0.15732072 -0.20974459 -0.08163738 -0.122161746 0.019142874 -0.068795435 0.13577637 -0.23154119 -0.06450698 0.05906274 0.068835095 0.1729583 -0.003005974 -0.20206788 -0.039821677 0.28718385 -0.32345724 0.14334284 -0.12657613 0.0038980383 0.034685265 0.15718815 -0.09128453 0.21647093 -0.056308135 0.2393203 -0.104532234 -0.32112375 -0.109155364 -0.01812162 0.019765474 0.07989447 0.16031887 0.047448713 -0.0007682311 -0.014656085 0.016573986 -0.08997291 -0.13690217 -0.083985694 -0.024759525 -0.011739215 0.058217477 0.012440622 -0.14962538 -0.034133635 -0.11662215 -0.046501294 -0.23815574 0.40738767 0.14702325 0.14975366 0.095374994 -0.01637455 0.018816905 0.020052828 0.1858823 -0.10785856 1.1793569e-05 0.12557845 -0.1901341 -0.14022847 0.09297789 -0.06491165 0.14705634 0.2580446 0.102066666 0.1561999 0.22751382 -0.11862682 0.0500975 -0.18976587 0.15441684 -0.0850564 0.0030485962 -0.1517185 0.1424555 0.3906826 0.47664288 0.045880366 0.37466946 0.14667797 -0.29072335 -0.20466515 0.11310465 0.1553435 0.28887767 0.019436153 -0.007843514 -0.044093825
> -0.08687062 0.0713582 -0.017929742 0.06250917 0.03634624 -0.069538936 -0.0070897546 0.09389372 -0.058749843 0.061346408 0.020003723 -0.03704312 -0.049937394 0.021742044 0.10927765 -0.08484301 -0.04062201 0.06370463 -0.023299458 -0.04135752 0.00013999829 -0.06989551 -0.021966511 0.02939284 -0.07273762 0.010394653 -0.0173617 0.027335476 -0.11270677 -0.03220683 0.021889217 0.048462603 0.058321387 -0.008273099 -0.024293425 -0.0033472863 -0.0251321 0.017083775 -0.09652755 -0.10565734 -0.0892184 0.0058074547 0.041681312 0.039297733 0.043597225 -0.0010928242 0.061339516 -0.002412291 -0.0096402215 0.019332388 -0.0022642438 -0.034581102 0.006676452 -0.06001548 -0.011158213 -0.07018007 0.06604017 -0.07642933 -0.06772803 -0.0043111737 0.05575496 0.07030401 -0.04017264 -0.05192805 -0.06074626 0.06415937 -0.09264115 0.14295836 -0.06886215 0.01041747 0.015324835 -0.026141629 0.0972047 -0.03335653 0.0014868815 0.04586905 0.036937375 -0.121723704 -0.09853002 -0.005178436 -0.037770372 -0.12139088 0.058208447 -0.0063495417 -0.016795062 -0.024889877 -0.018892366 0.11807854 0.024782905 -0.07339646 0.032570746 0.022476416 0.08290261 0.038186245 0.11775483 0.20112124 7.068209e-05 0.012439032 -0.09587053 0.12206378 -0.08565505 0.028589593 -0.0012536165 0.030482573 -0.080151536 -0.028755838 -0.08708672 0.07358715 -0.019452017 -0.09627749 -0.05194506 -0.07447608 -0.031489037 -0.043810576 0.009196442 -0.02308971 0.044421107 -0.08409728 -0.026224218 0.01811222 0.024375254 0.06268517 0.0023457066 -0.06964141 -0.01526067 0.10060265 -0.1149538 0.051128577 -0.041371364 0.00093293993 0.007028937 0.04977603 -0.027841737 0.08237427 -0.020965967 0.08897965 -0.040619 -0.11209433 -0.04644835 -0.0052713635 0.0045732115 0.027941348 0.054127824 0.011297596 -0.002031037 -0.0056832624 0.0040687826 -0.028649895 -0.046485938 -0.024215136 -0.010209365 -0.0029792476 0.01887245 0.0037748446 -0.05864055 -0.0177804 -0.047369618 -0.01966283 -0.08947443 0.14834058 0.058926508 0.04941081 0.03948311 -0.009025381 0.0018527664 0.0030681407 0.06738112 -0.04317588 -0.0060849343 0.048229914 -0.064843364 -0.05724184 0.0340775 -0.019171609 0.04672619 0.091344304 0.03325088 0.05814461 0.0759848 -0.040011577 0.022566678 -0.066242255 0.047208212 -0.028560089 0.0054326486 -0.052192997 0.046145987 0.1443396 0.17323817 0.02052947 0.13456747 0.051827133 -0.10535451 -0.067701206 0.043525975 0.051416304 0.10567968 0.008232187 -0.0062899683 -0.012270276
2003-04-30 -0.00056626915 0.004680494 0.00042414904 0.00059511664 -0.0022741782 0.0046961545 -0.0034024352 0.002310146 -0.0033255506 0.00014495193 -0.0007889855 -0.004983104 0.0023934054 0.0031405466 0.0015831089 0.002199375 0.0006833816 -0.0028475248 0.0048478153 -0.0042732633 0.0045788246 -0.004679548 -0.0036801612 0.0040831473 0.0041299528 -0.002019627 0.004853421 0.0027762759 -0.004872219 -0.0048548602 0.0014823216 0.00081579626 0.0018116862 -0.0023478763 0.0036897247 0.0030356657 0.003946999 -0.004183118 0.0005025178 0.0041315686 5.8811904e-05 -0.00080732943 0.0016951584 0.002814409 0.0002626276 -0.0017313248 -0.002866891 0.002265697 -0.00324207 -0.0012202698 0.004593496 -0.002881856 0.001965694 -0.0032545435 -4.4264794e-05 0.0010834069 -0.0046231803 -0.0015114963 -0.00019911765 -0.0016932952 -0.0028772259 0.00038049996 -0.0026059425 0.004865849 -0.0026521957 -0.0033024924 0.0017204505 -0.0009938914 -0.0019335705 0.004753034 0.0019647635 0.0027511185 0.0009904951 -0.001928057 0.0005311024 0.0041663474 -0.00016318978 -0.004909037 0.0044925804 -0.0048061823 0.004858154 -0.0029385816 0.00086980045 -0.00062371313 -0.0017317164 -0.0027420854 0.002015478 -0.004300467 0.0026175547 0.0038890052 0.0013878376 -0.0047701444 5.9486032e-05 -0.0012416828 -0.0017762089 0.004873071 0.0035283607 -0.0021527226 0.0026816516 -0.004371784 -0.0025477402 -0.001698323 0.0027192968 0.0022410047 -0.0034246903 0.0027381307 0.000235551 -0.002980591 -0.0024015354 0.0039331377 0.003772384 -0.0034162998 0.0046332967 0.0036852222 0.003939582 0.00065087614 -0.00011968672 4.389703e-05 -0.0042393846 -0.004883734 -0.0004975218 -0.004359495 -0.000688678 0.0010327047 0.0028249002 0.0023929905 -0.0038341032 0.0016729182 0.0030993754 0.0032110685 0.004140109 0.0018806761 0.00061450957 -0.0022535576 0.0009934515 0.0029065376 -0.0011251259 0.0034966434 -0.00055437087 -0.0026203191 -0.0014016443 0.0048653414 0.00044085324 -0.0046348628 -0.00077210483 -0.0020180566 -0.002439512 0.004795918 0.0026378375 -0.0030626566 -0.0019131637 -0.0027741946 7.563174e-05 -0.0010449463 0.0010987413 -0.0049554277 0.004599288 0.0028378302 0.0026980871 0.0008265078 0.0010230117 0.004945752 0.002466687 0.004400019 -0.0046617966 -0.004927687 0.0027494961 0.0048204614 -0.0025960142 0.0025655203 -0.003687985 -0.00042512 -0.000668323 -0.001616695 -0.000258345 0.0023787385 -0.0048375335 -0.0036695676 -0.0017201173 -0.00038107336 0.0023346753 -0.003008136 -0.0027612306 0.0042085066 -0.0016712779 0.004615318 -0.0027128512 -0.004215275 -0.004428455 0.0029019301 0.0007466072 0.003709644 0.003052671 0.0042878897 0.0015706193 -0.00060696003 -0.0023287474 0.00041899085 0.0038567334 0.00065192103
ÂÃ -0.15062502 0.12980604 -0.026289731 0.114857644 0.06531663 -0.13333899 -0.022176536 0.16474387 -0.10300314 0.12683603 0.0311264 -0.0540195 -0.08084261 0.04811571 0.20273505 -0.15430233 -0.074951924 0.11408978 -0.049303412 -0.0835546 0.000598344 -0.1312849 -0.04613804 0.04632341 -0.11893376 0.02010515 -0.020340778 0.0500019 -0.18813732 -0.053362515 0.042949077 0.07985814 0.10026121 -0.023429438 -0.04344717 -0.008459665 -0.06000797 0.03919539 -0.174095 -0.19372973 -0.15427546 0.004799914 0.070128135 0.07117663 0.075863555 0.010481479 0.1239041 -0.0008101679 -0.023936061 0.025664387 -0.015010839 -0.06274311 0.014851753 -0.10153341 -0.026037745 -0.11169578 0.12219827 -0.119644284 -0.11295019 0.0030326315 0.09813164 0.12163982 -0.07914797 -0.09962026 -0.11574467 0.10244266 -0.16622648 0.2603058 -0.13021906 0.016767804 0.020332579 -0.04712506 0.17125069 -0.06432551 0.002144598 0.087185144 0.07414633 -0.21757574 -0.17825118 -0.01480527 -0.06041737 -0.22723486 0.118125744 -0.018532626 -0.025576003 -0.043438468 -0.03434604 0.19671704 0.0503466 -0.13063067 0.0571034 0.040020116 0.13061647 0.052418366 0.2068137 0.35797 -0.00021736977 0.030787567 -0.16577145 0.21920995 -0.15005499 0.051182725 0.009665137 0.054291166 -0.13726117 -0.039811637 -0.14730872 0.13157731 -0.050632693 -0.15731192 -0.09447641 -0.1360551 -0.052313942 -0.07498757 0.011687688 -0.044904426 0.08651287 -0.1429302 -0.045647975 0.038475674 0.04660316 0.102387816 -0.007834407 -0.12412437 -0.020096922 0.18601611 -0.19892053 0.090416856 -0.08671485 -0.0028623382 0.021747896 0.09718933 -0.05539563 0.13711144 -0.044053745 0.15472862 -0.06617406 -0.20859183 -0.064353414 -0.004954718 0.014934455 0.05629092 0.09955941 0.021420628 -0.0010606392 -0.0013610612 0.009787194 -0.055565633 -0.07628685 -0.058322508 -0.013696458 -0.007456427 0.027670415 0.0114971455 -0.09189165 -0.025780186 -0.08265057 -0.033030793 -0.15418836 0.2522725 0.08939221 0.0934052 0.061057523 -0.008455458 0.008418818 0.020968674 0.11492038 -0.07474427 0.0037483294 0.07890522 -0.11530234 -0.085129164 0.0551002 -0.041614946 0.084906854 0.16794428 0.066787966 0.092927024 0.14538431 -0.07273735 0.035607826 -0.12453268 0.09492426 -0.05640148 0.0044355416 -0.09889939 0.08918114 0.24503191 0.29634017 0.028795425 0.23978108 0.085022286 -0.18389553 -0.13399278 0.066222966 0.09665513 0.17722987 0.015200324 -0.0059141433 -0.027852269
·½ -0.17313449 0.13570413 -0.02300705 0.13271119 0.06851387 -0.14533766 -0.02588734 0.18562905 -0.11152274 0.13619393 0.036232248 -0.059406076 -0.095489636 0.053223714 0.21942456 -0.16426505 -0.086996645 0.12519301 -0.05672521 -0.09406772 0.0002564899 -0.14629026 -0.05121418 0.059232797 -0.1272325 0.021711012 -0.02040884 0.052531604 -0.20663114 -0.06730319 0.052420504 0.0893964 0.119368516 -0.022305584 -0.045872148 -0.002216645 -0.06665498 0.034901686 -0.20118453 -0.20611411 -0.16666928 0.0016508825 0.08469127 0.08369887 0.07829303 0.015370529 0.13462262 0.00096734235 -0.026365476 0.031496573 -0.014936901 -0.070523635 0.019313538 -0.1085577 -0.030295959 -0.12953164 0.13117819 -0.13154791 -0.11760229 -0.005184511 0.108839326 0.14126581 -0.089052774 -0.11184493 -0.12902442 0.11004711 -0.18522009 0.28469768 -0.14690419 0.022383746 0.028354183 -0.042845346 0.19310069 -0.06926492 0.0028967892 0.09756061 0.08640341 -0.2508707 -0.20197275 -0.013118461 -0.072951205 -0.25164703 0.13160375 -0.022784196 -0.023681834 -0.045019373 -0.037727702 0.21873711 0.052970834 -0.14996034 0.06358631 0.046812024 0.15394591 0.06101778 0.22858204 0.3954673 0.0038149566 0.030040463 -0.19053452 0.2503501 -0.16553247 0.065485924 0.011609634 0.057152744 -0.15010236 -0.04049002 -0.17211209 0.14762661 -0.048710644 -0.17694002 -0.104755394 -0.15031339 -0.0566967 -0.08606342 0.010660906 -0.045133207 0.1029245 -0.16178235 -0.048027974 0.04203786 0.052644197 0.11173189 -0.0056885337 -0.13896146 -0.023869336 0.20079681 -0.21897808 0.10145122 -0.08558919 0.0041118762 0.025346382 0.10967615 -0.063982315 0.15595216 -0.04245876 0.16589735 -0.06824306 -0.22170496 -0.07247285 -0.00690424 0.020837711 0.05601109 0.10957264 0.0326002 -0.006202334 -0.008518256 0.012847181 -0.062067647 -0.09050409 -0.060309917 -0.021137675 -0.009658727 0.042236246 0.006090991 -0.10240298 -0.027170526 -0.08642878 -0.037000075 -0.16596384 0.28370816 0.10037984 0.102170475 0.07282125 -0.0066169463 0.018177014 0.013726725 0.12989976 -0.07304731 0.0002697057 0.08845625 -0.1323394 -0.09900314 0.064784795 -0.04519637 0.094560824 0.17778166 0.06916888 0.10863156 0.15876015 -0.08450032 0.032354806 -0.13497548 0.10261517 -0.059037093 0.0051090266 -0.105084985 0.09657615 0.27267197 0.3352861 0.03759755 0.26247552 0.10373135 -0.20362532 -0.14795244 0.08227194 0.107883364 0.19586404 0.013872427 -0.0013127354 -0.030290145
³ö -0.17988014 0.14082694 -0.028070007 0.13600779 0.069686785 -0.15485467 -0.020648606 0.19832578 -0.11918843 0.14322793 0.035941605 -0.06696416 -0.09635341 0.051352613 0.22765489 -0.17732376 -0.088259295 0.13597757 -0.05706871 -0.093505554 0.0005789932 -0.1533683 -0.050971076 0.05907591 -0.14088574 0.023354264 -0.02683214 0.05682962 -0.22208549 -0.0712504 0.046929903 0.08636155 0.1186486 -0.025357647 -0.05280411 -0.005915691 -0.0690408 0.041011892 -0.21145812 -0.21924002 -0.17940058 0.0022860316 0.08669222 0.087861486 0.08161785 0.007455808 0.13857178 -0.0097659165 -0.019896448 0.038085755 -0.015145376 -0.078686066 0.01743622 -0.11523012 -0.029794272 -0.1357266 0.13780372 -0.14733228 -0.12357251 -0.0047480445 0.1203513 0.14845353 -0.089780726 -0.117447935 -0.14057738 0.11694598 -0.19062805 0.31004485 -0.14654715 0.01747795 0.025152296 -0.047245406 0.19831322 -0.076065965 0.0051426115 0.10342615 0.08223199 -0.25812492 -0.21334954 -0.015875146 -0.07625662 -0.25907257 0.13756545 -0.02325212 -0.027202928 -0.05044683 -0.038412947 0.23796982 0.04945183 -0.16025166 0.0673664 0.057255447 0.15606767 0.070947535 0.24007387 0.41867977 0.006063967 0.034750782 -0.1963246 0.2632329 -0.1695624 0.06549704 0.009139281 0.06524907 -0.16206443 -0.04741943 -0.17337333 0.14941701 -0.05544244 -0.19160588 -0.10926904 -0.15732521 -0.063594654 -0.08388575 0.0072803027 -0.05466167 0.10173142 -0.16235413 -0.05016084 0.044120606 0.054982547 0.11776563 -0.0073785596 -0.14846934 -0.032064483 0.22019817 -0.23071566 0.10098247 -0.09422019 -0.0020164812 0.027713226 0.11494891 -0.06489588 0.15989316 -0.043774344 0.17355818 -0.07481024 -0.23530263 -0.07794483 -0.00822055 0.013277523 0.05780905 0.1159698 0.029307352 -0.0005231168 -0.004955227 0.011275765 -0.06844605 -0.10059412 -0.058328137 -0.022043483 -0.005951767 0.032513563 0.01252672 -0.109406166 -0.027286984 -0.09240255 -0.033022042 -0.17844787 0.30242395 0.11209628 0.10982755 0.072977684 -0.014331729 0.010289405 0.0164645 0.13277385 -0.08271231 -0.0056034867 0.088932715 -0.1440114 -0.10297789 0.07108774 -0.044780683 0.10171943 0.19655208 0.072346665 0.11901487 0.16195041 -0.08501565 0.03694668 -0.14355204 0.113731876 -0.06378541 0.0020930169 -0.117272735 0.103840716 0.29165572 0.35650945 0.035409886 0.2765705 0.10293768 -0.21242343 -0.1495123 0.08277575 0.11181149 0.21331708 0.013003459 -0.0011814212 -0.02580015
²½ -0.17118824 0.1371006 -0.024075843 0.13561328 0.065898985 -0.14345247 -0.02648765 0.19055043 -0.121545315 0.1398824 0.04189304 -0.065856725 -0.09857174 0.05413814 0.21917151 -0.17332059 -0.092915066 0.13274914 -0.053457554 -0.0890284 -0.0063250666 -0.14869982 -0.0562305 0.054594357 -0.13063507 0.023221824 -0.027640592 0.05643207 -0.2181662 -0.06689185 0.045836464 0.0915827 0.12015915 -0.020958686 -0.05404576 -0.005820041 -0.060327623 0.037638567 -0.19946012 -0.21389677 -0.1684426 0.0008657313 0.086605154 0.07852514 0.083655 0.01255849 0.1356084 -0.0018126318 -0.02590991 0.02746206 -0.022239644 -0.07785904 0.018363222 -0.1104143 -0.033960704 -0.13448793 0.13683346 -0.13842198 -0.11987543 -0.0062081874 0.11829191 0.13788179 -0.089961834 -0.117464185 -0.13788308 0.11423814 -0.18047024 0.29260784 -0.15121768 0.015203134 0.021507006 -0.04885689 0.19706047 -0.07330626 0.0044940473 0.10180296 0.07966816 -0.24953622 -0.20460504 -0.010293793 -0.068494715 -0.259637 0.13613597 -0.017904961 -0.02186913 -0.04709263 -0.03867788 0.23423378 0.052296836 -0.1520784 0.06185412 0.05405116 0.15378281 0.059679016 0.23253676 0.40703002 0.008481091 0.030817762 -0.18929349 0.25053215 -0.16620094 0.05955083 0.008087088 0.060957078 -0.15436208 -0.04791558 -0.1696654 0.14623043 -0.055190947 -0.18289939 -0.11368062 -0.15658997 -0.057743452 -0.08197229 0.0123104835 -0.046612304 0.104240395 -0.16497296 -0.046944566 0.045160104 0.048661504 0.12013174 -0.0073431395 -0.141574 -0.025585122 0.20817594 -0.23210329 0.09892569 -0.09636223 0.0046368367 0.025430784 0.105962954 -0.060832504 0.15228762 -0.043751642 0.17378461 -0.071859665 -0.22886743 -0.07197568 -0.006589347 0.014783847 0.059166234 0.11853623 0.031559266 0.00039784572 -0.00811922 0.0049352963 -0.06730242 -0.090352185 -0.061294347 -0.020935677 -0.009213675 0.04009094 0.010088628 -0.105432 -0.025017202 -0.08983815 -0.039466877 -0.17829673 0.28973326 0.102622904 0.10516215 0.07068414 -0.012150328 0.011645018 0.01574624 0.12855569 -0.082300805 -0.002856954 0.0890663 -0.13718282 -0.09665658 0.07248305 -0.043144036 0.098368265 0.18858409 0.07109784 0.113625705 0.16400598 -0.088052824 0.03186798 -0.13779354 0.10525469 -0.064764 0.0018331227 -0.1116817 0.10234936 0.28343147 0.3471123 0.03727642 0.2668419 0.102435075 -0.21010002 -0.1443081 0.0755906 0.11599668 0.20252158 0.01921875 -0.001188595 -0.023869239
´ú -0.17335768 0.13757679 -0.02715026 0.12992823 0.062076688 -0.13850883 -0.023022586 0.18567133 -0.1171003 0.13607943 0.03856116 -0.058893524 -0.087672174 0.051965497 0.20900024 -0.16339122 -0.08453061 0.12757938 -0.052380674 -0.08805302 0.002441022 -0.14511852 -0.04882885 0.05341758 -0.12894593 0.021532658 -0.020123053 0.060087156 -0.20642489 -0.06409453 0.049136363 0.090018585 0.10908271 -0.027101658 -0.05190986 -0.004321574 -0.059085652 0.035704084 -0.19465634 -0.2024505 -0.16854833 -0.00018672783 0.07650671 0.07507686 0.07637589 0.013892835 0.13122152 -0.006019147 -0.020570576 0.026689779 -0.023706729 -0.06672229 0.017593574 -0.112359755 -0.030923625 -0.12973915 0.12908673 -0.13158923 -0.122516826 1.0519541e-05 0.114203915 0.13580137 -0.081786685 -0.11342929 -0.12419202 0.11511119 -0.1768849 0.28802046 -0.14510132 0.015484245 0.020736845 -0.043329477 0.1927976 -0.062034596 0.0052903183 0.09461891 0.07858844 -0.23684318 -0.1963981 -0.012372315 -0.0643316 -0.24831173 0.12602068 -0.020931777 -0.021474177 -0.04327929 -0.038494892 0.21526814 0.045178745 -0.14506252 0.067794405 0.04645125 0.14834726 0.058187976 0.22463718 0.3880559 0.0048670834 0.028871108 -0.17842934 0.24585412 -0.16106872 0.054175638 0.011913756 0.054999538 -0.14617749 -0.048326485 -0.16431092 0.13995354 -0.04900421 -0.17703573 -0.10379662 -0.14691992 -0.054302253 -0.075774975 0.0053737108 -0.043638673 0.099211134 -0.1586588 -0.04613838 0.040246002 0.044645853 0.1115662 -0.006807757 -0.13732556 -0.030594306 0.19982561 -0.22032993 0.101018645 -0.08888743 -0.0004718337 0.019385647 0.1051386 -0.06310109 0.15409729 -0.04543525 0.16854605 -0.07545472 -0.22025399 -0.07681193 -0.0120650325 0.015778137 0.05639383 0.106658936 0.030268585 -0.008114591 -0.002773598 0.007584473 -0.06601839 -0.09198322 -0.05400123 -0.016517594 -0.009453222 0.035165627 0.009529965 -0.10431502 -0.023856064 -0.08760298 -0.032574162 -0.16737874 0.27601317 0.09855592 0.10164954 0.065600894 -0.014894547 0.01584757 0.017069565 0.12941058 -0.07935379 0.0011601244 0.080048576 -0.13098802 -0.0930695 0.06654445 -0.046666615 0.09168985 0.17894726 0.063277096 0.11139624 0.15138403 -0.07741703 0.03637354 -0.13305742 0.10628687 -0.05889542 0.0012084075 -0.11048854 0.101787426 0.27542046 0.33291548 0.028076967 0.2572244 0.100880556 -0.20081735 -0.14112057 0.07707634 0.11174434 0.19799863 0.01895684 -0.0070629357 -0.03168848
¿É -0.15082648 0.11905343 -0.022598894 0.11387062 0.06396426 -0.12114468 -0.0155614065 0.16339451 -0.10548638 0.11966842 0.031729378 -0.050855327 -0.07875282 0.04637964 0.1862126 -0.14992228 -0.07589757 0.11462775 -0.05226384 -0.0810517 -0.00042870795 -0.12638901 -0.050706785 0.04344429 -0.11484313 0.013639678 -0.021800682 0.0494945 -0.17838229 -0.05932089 0.046436734 0.080193214 0.10486177 -0.023433335 -0.04721425 -0.00019744436 -0.04962475 0.029784964 -0.17562047 -0.18112098 -0.14297707 -0.0029101798 0.07298654 0.07376919 0.07216295 0.012470089 0.11351147 -0.00024036258 -0.018320154 0.023086734 -0.019006394 -0.062924646 0.013452512 -0.10092794 -0.027757917 -0.11513208 0.117831424 -0.119440146 -0.100555226 -0.0044199345 0.094409004 0.123242386 -0.06896383 -0.09825286 -0.111069396 0.09766276 -0.15255699 0.25680727 -0.12711744 0.017346533 0.016310444 -0.0437502 0.16796827 -0.058538202 0.009515308 0.08168098 0.07175137 -0.21585001 -0.1710962 -0.01320702 -0.062531814 -0.22008172 0.11228637 -0.02103488 -0.020601736 -0.038823247 -0.03547382 0.19750048 0.040889293 -0.13499227 0.060726017 0.04737451 0.1309828 0.053576227 0.20046422 0.3455337 0.0059320396 0.02714702 -0.16388257 0.2160877 -0.13995886 0.057179496 0.009168111 0.047379643 -0.12572517 -0.037473932 -0.14958093 0.1288865 -0.04775704 -0.15893254 -0.09538004 -0.13087395 -0.054054104 -0.07091508 0.0060702595 -0.04578585 0.08991074 -0.13859664 -0.03824359 0.032255378 0.03994145 0.102703944 -0.0103521915 -0.11782085 -0.026918245 0.18250936 -0.19911903 0.08755425 -0.07364863 0.0036490094 0.015994096 0.09682541 -0.052606508 0.13454689 -0.037295382 0.15133382 -0.06769374 -0.19932505 -0.06545727 -0.0074352287 0.011340551 0.05538771 0.09783919 0.020860724 0.0011339951 -0.010292761 0.0085378885 -0.059782676 -0.07610142 -0.05536361 -0.019680256 -0.006329967 0.029580483 0.01392044 -0.09080369 -0.025701303 -0.07835163 -0.029763106 -0.14723133 0.24698438 0.09365006 0.0851047 0.05891216 -0.008367969 0.006739981 0.016802838 0.112351075 -0.064161904 -0.0042342143 0.07076003 -0.11731118 -0.08277716 0.05951904 -0.041835863 0.08823839 0.16334757 0.061490595 0.09709934 0.13874203 -0.077306464 0.029843844 -0.11249896 0.09290761 -0.056073718 0.002001271 -0.09461071 0.08592916 0.245248 0.29772136 0.025236819 0.23160356 0.082701266 -0.17096108 -0.12224339 0.065758415 0.09280067 0.17642191 0.016682338 -0.003052224 -0.020322692
Ãæ -0.22302006 0.17925066 -0.039585818 0.16980506 0.088768 -0.18132098 -0.029772187 0.24404016 -0.14965862 0.17483014 0.04591156 -0.081411466 -0.11961899 0.063110545 0.27057344 -0.21262111 -0.10795497 0.16604221 -0.07098632 -0.116510496 0.0022179591 -0.18581022 -0.064687036 0.07003039 -0.1655731 0.031207351 -0.032910988 0.076504864 -0.26586524 -0.08329811 0.061566174 0.1095968 0.14323507 -0.027585054 -0.06735984 -0.0019085131 -0.07442489 0.050150875 -0.2506236 -0.26589277 -0.21142708 0.0047836564 0.11004393 0.09758786 0.102485456 0.017369082 0.16548297 -0.008946306 -0.02794563 0.036368202 -0.023539295 -0.09221345 0.02157081 -0.14391404 -0.043080617 -0.16402222 0.16965227 -0.17246532 -0.1539478 -0.006022983 0.13661967 0.17018119 -0.10835985 -0.14166968 -0.16526811 0.14154199 -0.22990608 0.36389711 -0.18747112 0.020275088 0.029845556 -0.05711952 0.24850646 -0.08470604 0.0038618695 0.11989705 0.10271861 -0.31205747 -0.25016165 -0.024987098 -0.0884015 -0.31750935 0.16250591 -0.020335168 -0.030186737 -0.059972372 -0.04536532 0.27917352 0.0652144 -0.19025469 0.089002736 0.06474839 0.18801233 0.08689719 0.29747233 0.51004004 0.009153196 0.03602811 -0.23580725 0.31427965 -0.20408174 0.0826738 0.00951274 0.07126677 -0.1947388 -0.058641557 -0.21301429 0.17978229 -0.06250258 -0.2289417 -0.13852878 -0.18580945 -0.07213482 -0.09960813 0.0135524105 -0.06294123 0.122407295 -0.20027544 -0.058468424 0.055395044 0.06848228 0.14856265 -0.008670717 -0.17159213 -0.037422847 0.25557232 -0.28877792 0.12425094 -0.10930031 0.0022587222 0.031116303 0.13865837 -0.08337665 0.19376218 -0.052696574 0.21482013 -0.09157027 -0.2895531 -0.10153873 -0.010697731 0.022978732 0.0711371 0.14609821 0.036898974 -0.009590817 -0.0074145296 0.015189229 -0.08161121 -0.110939994 -0.07412805 -0.024107238 -0.012742048 0.047804136 0.01794484 -0.12930673 -0.033909723 -0.10893103 -0.04962794 -0.21954621 0.36351547 0.13479498 0.1271486 0.08837231 -0.009770155 0.015525661 0.018218027 0.16873136 -0.10020526 -0.004432284 0.11499592 -0.16478704 -0.124400005 0.0800708 -0.05218107 0.12088395 0.23479177 0.086045444 0.138118 0.2017268 -0.104633704 0.04911114 -0.16555816 0.12882668 -0.07432979 0.0064238217 -0.13559058 0.12475477 0.34770226 0.42968488 0.046922114 0.33649507 0.123348236 -0.25482118 -0.17750487 0.09830321 0.13876985 0.2502402 0.018991088 -1.7452436e-05 -0.03259951
Î» -0.16656536 0.13322462 -0.024726287 0.13192385 0.07244164 -0.14402568 -0.020967243 0.1862842 -0.11793036 0.13039248 0.033434168 -0.058718186 -0.09325732 0.045967687 0.22171749 -0.16996148 -0.08681451 0.12789983 -0.06063903 -0.08963679 -0.0041236216 -0.14296825 -0.05108741 0.05192717 -0.130295 0.018059459 -0.02137629 0.061608456 -0.2080431 -0.06442826 0.048860893 0.08934639 0.110465616 -0.021042509 -0.046454694 -0.0062468085 -0.05729556 0.03591929 -0.1946291 -0.21145794 -0.16643201 0.0074288878 0.08314721 0.08542154 0.07687813 0.012286849 0.1337984 -0.0032640356 -0.021057826 0.03125407 -0.018870465 -0.07116696 0.015459947 -0.11318308 -0.025449893 -0.1262287 0.13673444 -0.13684912 -0.11777107 -0.0015404798 0.11637248 0.13815512 -0.08299649 -0.11341609 -0.12627558 0.11079001 -0.17618062 0.28549716 -0.14240357 0.021408513 0.02890864 -0.043022092 0.1909894 -0.06429092 0.0014827438 0.09584202 0.08127158 -0.24236616 -0.20024575 -0.019951083 -0.06794171 -0.24927175 0.12903969 -0.022175232 -0.030822933 -0.047756016 -0.042232342 0.21991041 0.04495117 -0.15016596 0.06546929 0.04599106 0.14766198 0.05936148 0.22526476 0.39588842 0.010839819 0.030861314 -0.18951215 0.24533883 -0.16453497 0.05834447 0.00783412 0.055440124 -0.15023138 -0.044587497 -0.16811273 0.14838856 -0.046198234 -0.18281598 -0.10658771 -0.15114085 -0.0600463 -0.085646816 0.00982479 -0.045800783 0.10014983 -0.15707 -0.04375997 0.039111 0.047523897 0.11432639 -0.0044036144 -0.13845679 -0.028920759 0.2029774 -0.22223018 0.10438542 -0.090347216 0.0016986352 0.019658862 0.10487331 -0.06527479 0.15562029 -0.04612873 0.17313185 -0.07369791 -0.2255943 -0.07764308 -0.0039320025 0.016481142 0.06193883 0.1134109 0.024106905 -0.0061174426 -0.010357596 0.0124226175 -0.06260944 -0.094497286 -0.05803068 -0.018019333 -0.008068289 0.03091227 0.007828563 -0.10753906 -0.026843641 -0.081048094 -0.037241533 -0.16453221 0.28252357 0.10401037 0.0981705 0.070737384 -0.013243007 0.009149144 0.022328377 0.12535042 -0.07779134 -0.0018671534 0.08140119 -0.1330993 -0.09529746 0.06301251 -0.04585706 0.096999824 0.18329236 0.065885976 0.11000867 0.15760396 -0.085299805 0.029834531 -0.1285279 0.102592334 -0.06765632 0.006408265 -0.10670254 0.10327977 0.2783335 0.33172828 0.038127452 0.26301506 0.10287471 -0.2006731 -0.1438667 0.07912512 0.11037773 0.20380479 0.012957132 -0.0059284 -0.024862092
¡¡¡¡ÑÝ³ö×÷Æ·£º 0.003170305 0.0021597678 0.00026147126 0.004655366 -0.0027982313 -0.0029112815 0.0020301742 -0.002454188 0.002410612 0.003038162 -0.003156293 -0.0014950663 -0.0020423455 -0.003648638 9.755373e-05 -0.0019481045 -0.0024771357 -0.0015687912 0.003625242 0.003997045 0.001856004 0.0024812825 -0.0024863994 0.00013804555 -0.0038373345 -0.002320149 -0.004558288 -0.0020637726 0.0040771365 0.0026129377 0.0046261717 0.00087384286 -0.004998047 -0.0034367687 5.0019622e-05 0.0034740872 0.003734309 0.00463696 3.7156344e-05 0.0035626953 -0.0026898938 -0.0021108382 5.846262e-05 0.0017777282 0.0042762514 -0.0035554564 0.0028588886 -0.0006709981 0.002572506 0.002848649 -0.0010644085 -0.003219264 -0.0014507723 -0.0049117673 -0.0032594185 -0.0013639104 0.0037484383 0.004801206 0.0002929467 -0.0020018935 -0.0010487569 -0.003915604 0.0035988975 -0.0036771256 -0.0019303936 0.0032690328 -0.000587852 -0.003679766 0.0010088182 -0.003330605 0.0025768043 -0.0022311287 0.0033562768 -0.00220055 -0.003394717 0.0029757856 0.0036020435 -0.0016909051 0.0031253726 -0.0009215194 -0.0026607441 -0.0028792953 -0.00043648423 0.0048924084 -0.00372452 -0.0038917642 -0.0021647024 0.0007379907 -0.0025171035 0.004875431 -0.0047028614 0.0007907432 0.003259219 -0.0014523279 -0.00031759322 0.00047716557 0.00045579136 0.0012939792 0.0017310994 -0.001681528 0.0046900725 -0.00196558 0.0020329868 -0.0032336963 0.0012647319 -0.0043384647 -0.0023430036 -0.0021953464 5.363643e-05 0.001882559 0.0006108332 -0.0013343447 0.00030043244 0.0024378537 0.0038448363 0.0041798637 0.0030420877 -0.0007771987 -0.003964009 -0.00414217 0.0022894836 -0.0021109385 0.002494595 0.00036569298 0.003195743 0.0017311323 0.0020081764 0.002285174 0.0030375456 0.002232132 -0.004836297 0.004460479 0.0019463087 -0.0035901666 0.0007577449 -0.004048728 -0.0017202032 0.004611199 0.0042277505 -0.00029554724 0.0019665314 0.0033617741 0.00050571264 -0.0002983564 0.003952954 -0.0018418252 -0.0044814283 0.00019676209 -0.00055686536 -0.0001427114 -0.0044840123 0.00031882286 -0.0031977224 0.0008556789 0.004900223 0.0046903808 -0.0033266342 -0.0028290527 -0.0036025352 0.0010780978 0.0015316027 0.00082004664 -0.0020586657 -0.004541716 0.0039382027 -0.0009592313 -0.0042347223 -0.0027802056 -0.0039443267 0.0002907157 -0.004312634 0.0005524963 0.0013421881 -0.0018301797 0.0044152956 -0.0034716225 -0.001334939 -0.0010061127 0.001035713 -0.0017054152 -0.0037649702 0.00023339211 0.0015612119 -0.0020785355 0.0029175729 0.0046782168 -0.001269117 0.0007710987 -0.0030522598 1.2091398e-05 -0.0009472775 -0.0046728374 -0.0045566205 -0.003014027 0.0035419078 -0.0016867251 -0.0030420995 -0.0025053269 0.0020813006 0.0028186238
2002) -0.13853048 0.10724836 -0.020870188 0.106684215 0.058128614 -0.11214981 -0.014506195 0.14626315 -0.08325413 0.100780435 0.034878258 -0.052792683 -0.075088196 0.045467343 0.17156813 -0.13337345 -0.069775 0.09113629 -0.04913314 -0.07323766 0.0029680727 -0.11814232 -0.034253873 0.044121962 -0.09857413 0.010898141 -0.015404638 0.047738962 -0.16452098 -0.052550234 0.046864223 0.06909019 0.08902796 -0.018752739 -0.038567293 -0.0045369724 -0.04597366 0.026846537 -0.16601755 -0.16254503 -0.13883965 -0.0005541355 0.069008775 0.07134401 0.06942079 0.00927272 0.10145173 -0.0050984244 -0.011510847 0.02017148 -0.015929667 -0.057911307 0.018247593 -0.09200993 -0.02260934 -0.100618176 0.11105444 -0.112293124 -0.099290624 0.0019849504 0.089468524 0.11548977 -0.07002056 -0.09376894 -0.10327923 0.09565413 -0.1389404 0.23588553 -0.1123587 0.0063653206 0.023197016 -0.041061383 0.15874259 -0.052923046 0.011010665 0.07296922 0.05911468 -0.19198915 -0.16370012 -0.01937525 -0.057790782 -0.19528224 0.10244452 -0.010466102 -0.019814933 -0.033658106 -0.025518542 0.16996144 0.03389726 -0.12306747 0.061646827 0.036099736 0.11524146 0.05784004 0.18272929 0.316066 -0.0028482843 0.027916603 -0.14574532 0.19429599 -0.13118947 0.04898291 0.011391119 0.048495993 -0.118731536 -0.038158234 -0.1258315 0.11641314 -0.038525358 -0.13819073 -0.088465184 -0.119890064 -0.050022226 -0.067752026 0.011516012 -0.03859783 0.077923805 -0.1291064 -0.04044395 0.0237096 0.05164587 0.09350047 -0.0034890673 -0.10884099 -0.014443181 0.15982921 -0.16804643 0.06903152 -0.06750836 0.005216234 0.011781838 0.08193783 -0.056158267 0.114716165 -0.03745125 0.13733351 -0.058398772 -0.17903826 -0.0661303 -0.016758729 0.010756965 0.04481517 0.08880643 0.024456896 -0.0055157933 -0.0087754205 0.0046068667 -0.04352407 -0.06845195 -0.051331583 -0.008612666 -0.003152352 0.027982755 0.007967658 -0.07708078 -0.026466433 -0.071288355 -0.02313706 -0.13483076 0.22236927 0.08235317 0.07943414 0.058097783 -0.0087165395 0.0097154165 0.012581845 0.10086829 -0.058898985 -0.0086018015 0.06811749 -0.10558237 -0.075099275 0.05297144 -0.03745841 0.0765191 0.14169124 0.05304053 0.082814194 0.11292526 -0.0666657 0.03493777 -0.09737319 0.07974382 -0.047888953 0.0011476962 -0.08555396 0.07607611 0.21642978 0.2648122 0.026319819 0.21161804 0.07805415 -0.1517592 -0.11750511 0.06203594 0.08307103 0.16507709 0.005571513 0.004506548 -0.02218349
Kernel -0.11646821 0.092372656 -0.018240357 0.08183679 0.056611348 -0.09500833 -0.018847309 0.13067351 -0.07240283 0.08389511 0.03212317 -0.043292355 -0.07140921 0.030353323 0.14323686 -0.11865855 -0.06308598 0.0884107 -0.04316611 -0.06367312 0.00062003423 -0.100115344 -0.031975843 0.03751601 -0.0966051 0.011504811 -0.016330352 0.039733462 -0.14428803 -0.036600597 0.033420965 0.051750984 0.075501636 -0.011969043 -0.031278346 -0.0024847682 -0.04473414 0.028456192 -0.13359475 -0.14252022 -0.1165912 0.0090592215 0.05487932 0.060723603 0.058506038 0.0018235418 0.08990824 -0.0099764075 -0.016714085 0.019565007 -0.0036090566 -0.055914152 0.010440954 -0.07783305 -0.017291121 -0.0934677 0.09235636 -0.0899628 -0.07994404 -0.0029557426 0.076167926 0.09059148 -0.051136512 -0.079299495 -0.09266124 0.07258731 -0.11417275 0.19382596 -0.10461627 0.011145369 0.01817841 -0.034427293 0.13173603 -0.047700074 0.002307366 0.0677115 0.05233217 -0.17255048 -0.13574001 -0.011347374 -0.044405483 -0.16286135 0.08445293 -0.015704889 -0.014396177 -0.0335322 -0.030117545 0.1550346 0.031019721 -0.10370641 0.045240503 0.042420235 0.10549455 0.04307899 0.15940036 0.27363992 0.0026513252 0.022659464 -0.12532306 0.16887636 -0.11796488 0.047100168 0.0072792657 0.045081034 -0.10624224 -0.03567422 -0.10993156 0.09321676 -0.029625345 -0.12452215 -0.07594546 -0.10500065 -0.041545052 -0.063878626 0.0076764426 -0.030937476 0.05941247 -0.10959605 -0.03716101 0.031798325 0.030362772 0.09018056 -0.005215388 -0.09437218 -0.01686573 0.14252776 -0.1528705 0.060466368 -0.06821352 -0.0003424369 0.022090651 0.075962156 -0.0412125 0.101309896 -0.030351572 0.11700591 -0.052600414 -0.15016782 -0.05635059 -0.0063078613 0.015506877 0.03424148 0.07754266 0.019323679 -0.011382211 -0.005605264 0.004078975 -0.052357305 -0.06750804 -0.03647846 -0.01279399 -0.0076174876 0.022583468 0.00999136 -0.07930073 -0.010591849 -0.052009474 -0.020825854 -0.11412203 0.19734238 0.06630032 0.06980463 0.04411358 -0.0051488993 0.013259871 0.0072543924 0.099359564 -0.048583712 -0.0050581424 0.06689538 -0.0891629 -0.07662325 0.047810998 -0.025798505 0.072795 0.13228811 0.04733049 0.080963515 0.10422207 -0.054281533 0.024697648 -0.09156455 0.07232235 -0.04413016 -0.0035886965 -0.07162244 0.07424785 0.18744305 0.23125814 0.016934585 0.18064079 0.07601769 -0.13262177 -0.10349567 0.05193364 0.071744345 0.13596472 0.007536442 0.0012313334 -0.01407305
(Wed -0.107250765 0.08163832 -0.019767784 0.08291214 0.052849643 -0.09192054 -0.019774772 0.118881494 -0.06713303 0.07577217 0.02435491 -0.0426358 -0.06514864 0.03357659 0.13667092 -0.10823323 -0.051783975 0.074503124 -0.039673626 -0.0629645 0.004803425 -0.09208528 -0.03211843 0.03973111 -0.08268714 0.011932873 -0.0172202 0.042842396 -0.13355729 -0.03441377 0.0403377 0.050683927 0.07328152 -0.010360548 -0.037796225 -0.003246269 -0.036171477 0.017666206 -0.13078359 -0.13148832 -0.10754208 -0.004328045 0.062561445 0.054040145 0.05909697 -7.1980845e-05 0.07373229 0.002113154 -0.0040893233 0.01942012 -0.009629065 -0.0431513 0.010064398 -0.07497158 -0.02978409 -0.07783988 0.0889696 -0.09542314 -0.08185207 0.0045012753 0.069400184 0.09265777 -0.058332205 -0.07074336 -0.09090252 0.078970775 -0.11130488 0.1854993 -0.09364337 0.0022470548 0.015995659 -0.03100872 0.13010275 -0.037834875 0.00085850287 0.057797305 0.05055408 -0.15881146 -0.12896538 -0.01672829 -0.041034758 -0.15089183 0.07622385 -0.011748714 -0.011774732 -0.017456006 -0.024566915 0.13605961 0.023241842 -0.09970629 0.052569207 0.03509452 0.09606328 0.0461299 0.14432064 0.26235873 -0.011130914 0.021092085 -0.1096377 0.15988106 -0.10449417 0.039834987 0.0063896906 0.036254775 -0.09690173 -0.03480262 -0.09262126 0.090323105 -0.030010624 -0.11006071 -0.07417535 -0.086755104 -0.031813458 -0.06416268 0.007910335 -0.032781865 0.06546872 -0.10666458 -0.025356805 0.02567506 0.040751673 0.08305634 -0.0023284552 -0.09075716 -0.005620493 0.12617145 -0.13009259 0.058560804 -0.057494387 0.005958069 0.010122482 0.06982277 -0.04070254 0.09259635 -0.025812587 0.10624241 -0.040734135 -0.13884409 -0.05640033 -0.013318508 0.012900545 0.036129195 0.07636011 0.023373023 -0.0006022111 -0.011387148 0.0039463677 -0.035732303 -0.052162524 -0.035048604 -0.0076352796 -0.0068429024 0.030764313 0.0021356507 -0.06532176 -0.023705384 -0.054062363 -0.016529502 -0.10433568 0.17379124 0.0694136 0.06466601 0.04611305 -0.01362542 0.012504055 0.0027994758 0.084524035 -0.04893783 -0.0023080488 0.053997643 -0.08319663 -0.06957885 0.041881163 -0.029094242 0.057227697 0.11216243 0.0416798 0.07369065 0.08922021 -0.05306805 0.031522047 -0.07422851 0.059293713 -0.032591376 0.0066204276 -0.067872204 0.05743789 0.17285001 0.21482147 0.029742353 0.17315108 0.06876308 -0.11522338 -0.09522668 0.049541526 0.06602486 0.12680504 -6.551821e-05 0.00026700128 -0.02454818
* -0.10787396 0.09050208 -0.019263366 0.08394404 0.049089584 -0.0988189 -0.013419289 0.1212921 -0.067968786 0.08413523 0.025166363 -0.042505637 -0.06651046 0.034310665 0.13807419 -0.10912092 -0.051124066 0.088351525 -0.036564674 -0.058600724 -0.0010596091 -0.09703697 -0.03253367 0.031045455 -0.087467596 0.014605321 -0.01950537 0.04019019 -0.1416299 -0.042258363 0.027610598 0.049737524 0.07167867 -0.01645477 -0.037988774 -0.0074859047 -0.045047186 0.020020124 -0.13025922 -0.13360299 -0.1060549 -0.002256434 0.050314695 0.050780676 0.056811154 0.0052922973 0.08497647 -0.0023524282 -0.013353597 0.017189346 -0.0051363567 -0.050289117 0.013725242 -0.07332648 -0.02535198 -0.08396719 0.09149262 -0.08574066 -0.08397723 0.0037585876 0.07364321 0.08409697 -0.05491374 -0.074216165 -0.08564697 0.07195523 -0.11949451 0.1908862 -0.09527012 0.0127893025 0.010225282 -0.03122508 0.12507193 -0.045412116 0.0008417762 0.058063064 0.055881314 -0.16227183 -0.13323593 -0.008765144 -0.050091498 -0.16405457 0.08007751 -0.008414876 -0.014126992 -0.03276293 -0.023300461 0.14613892 0.029057067 -0.09676446 0.046874486 0.030004388 0.09403466 0.04774714 0.15430474 0.26814148 0.0028985 0.01860291 -0.114628814 0.16827945 -0.10769097 0.03539502 0.011082888 0.04116804 -0.09968173 -0.03236073 -0.10810246 0.094372645 -0.034275945 -0.118122056 -0.06631553 -0.09521496 -0.04221659 -0.055655446 0.009691186 -0.037751023 0.062196832 -0.10308135 -0.028376468 0.02794713 0.039159033 0.079486914 -0.008013581 -0.08485637 -0.018784195 0.12924142 -0.14500785 0.061824366 -0.06033131 0.0021624549 0.016078316 0.07321028 -0.042432018 0.10168181 -0.021788908 0.11599103 -0.045978434 -0.14963004 -0.0469638 -0.004626942 0.008740248 0.030744703 0.07557537 0.015234007 -0.008173432 -0.0054379543 0.008513076 -0.04656416 -0.060460232 -0.034607302 -0.00587511 -0.00472399 0.018639078 0.0064157858 -0.06670137 -0.021732932 -0.04948005 -0.016970277 -0.10488182 0.18301535 0.06755333 0.06918149 0.040843215 -0.0077074934 0.011577091 0.010223316 0.085022904 -0.053756412 0.0013448275 0.051633302 -0.08225371 -0.067875504 0.041942574 -0.031050177 0.07075298 0.11636816 0.04736954 0.0699221 0.09520822 -0.057599302 0.02133768 -0.080486126 0.064760834 -0.042111833 -0.0019382257 -0.06488496 0.059709582 0.18079497 0.21960942 0.023747157 0.17262404 0.0705183 -0.13062596 -0.090758294 0.048494484 0.06972128 0.13632368 0.004000955 -0.004524528 -0.023892745
ÖØ -0.17706369 0.14811622 -0.027372302 0.13777491 0.06991302 -0.1545185 -0.028703608 0.19600187 -0.123850025 0.14643252 0.038126227 -0.07056783 -0.09985393 0.055380583 0.22591874 -0.180552 -0.087952904 0.13613252 -0.06166852 -0.09338379 -0.00037379746 -0.15609989 -0.05547622 0.05917988 -0.1428833 0.0196916 -0.025422767 0.058798514 -0.22134855 -0.067836836 0.04789601 0.09551199 0.116790265 -0.026012748 -0.05083629 -0.007996637 -0.06178117 0.04101566 -0.2160064 -0.2189346 -0.18172796 0.0022413614 0.08366361 0.08902961 0.08301003 0.0080745155 0.1395382 -0.008285216 -0.017999608 0.02879981 -0.022476139 -0.07189464 0.01796586 -0.11950147 -0.030828865 -0.13358088 0.14453891 -0.14140044 -0.12955353 -0.0009801589 0.121003695 0.1427729 -0.09234994 -0.114961915 -0.13913082 0.11878915 -0.19365844 0.30267936 -0.15486412 0.017740143 0.026484841 -0.051394004 0.20156908 -0.06843635 0.010652995 0.10291491 0.08047929 -0.26282176 -0.2072998 -0.01677047 -0.06862766 -0.26697704 0.13263741 -0.016678251 -0.027783113 -0.050114136 -0.03944237 0.23627357 0.05163904 -0.1566765 0.074226096 0.055956915 0.16254734 0.06651846 0.24660005 0.41613203 0.008078322 0.03176051 -0.19788936 0.25974208 -0.16888186 0.06620711 0.0048805336 0.06518342 -0.16102013 -0.043890487 -0.17352904 0.14998822 -0.053957473 -0.18977146 -0.11143585 -0.15550244 -0.06434797 -0.08978648 0.010562665 -0.047902443 0.10757702 -0.16254589 -0.044835646 0.040454112 0.05212849 0.12685363 -0.007992126 -0.1480423 -0.03091588 0.2202738 -0.2381361 0.10385881 -0.0903052 -0.002190831 0.028738031 0.11604379 -0.06946386 0.1571764 -0.04030821 0.18061909 -0.07822451 -0.24283856 -0.07861775 -0.0061543914 0.020461854 0.06664311 0.12480478 0.031323366 0.0009952764 -0.004453677 0.008282862 -0.07275727 -0.09177757 -0.05897187 -0.020341044 -0.011805749 0.040241048 0.009966037 -0.10878893 -0.029259887 -0.085775554 -0.032842543 -0.17640844 0.30050159 0.1076315 0.10746557 0.07474915 -0.008399886 0.018454611 0.022625163 0.13915795 -0.07969903 0.001441317 0.08891706 -0.1425194 -0.10217509 0.069028914 -0.050787304 0.10980165 0.19333 0.07160971 0.11609967 0.1627316 -0.092159785 0.03696262 -0.14435862 0.10794929 -0.07016199 -0.00017887529 -0.11634174 0.105247796 0.29380867 0.35320976 0.033818487 0.2786649 0.1070357 -0.20926559 -0.15029338 0.08464093 0.12019978 0.2150013 0.014752727 -0.0026117743 -0.024948465
¶Ô -0.16024795 0.1322118 -0.02130482 0.119335555 0.068714686 -0.13995744 -0.021779543 0.17976126 -0.10721587 0.12675652 0.03696664 -0.059408586 -0.08798268 0.04967889 0.20606427 -0.15957305 -0.08086333 0.12561646 -0.056071617 -0.08515089 0.002580881 -0.13731351 -0.05211757 0.055460405 -0.12601085 0.017663412 -0.01935741 0.05347016 -0.19752184 -0.058187123 0.050280154 0.08195181 0.10905179 -0.022982124 -0.049633864 -0.0066827275 -0.06074482 0.03635687 -0.19175877 -0.19863504 -0.16314316 -0.000496008 0.08144237 0.075408734 0.08251034 0.011913435 0.12178743 -0.001413559 -0.019422062 0.027765306 -0.013846479 -0.07041692 0.016519627 -0.10158069 -0.032457937 -0.12708412 0.12572819 -0.13288164 -0.11004132 -0.0065256446 0.1089342 0.13260439 -0.08011763 -0.10253441 -0.12690245 0.108718276 -0.16823852 0.27241984 -0.13811205 0.017626908 0.023919286 -0.04152766 0.1829863 -0.061164804 0.0056215078 0.0893391 0.08112022 -0.23052484 -0.19209886 -0.017315885 -0.06886383 -0.24108289 0.11902914 -0.022635153 -0.021594908 -0.043151807 -0.03721317 0.20932533 0.04455144 -0.14387026 0.062624425 0.048332434 0.1427883 0.06050723 0.22279729 0.38111693 0.009437512 0.03293777 -0.17191139 0.23520459 -0.15806033 0.060943466 0.0033917953 0.058311064 -0.14082341 -0.040961273 -0.16170985 0.13908836 -0.045025196 -0.16796963 -0.09672851 -0.14013202 -0.059326395 -0.074452326 0.0072182897 -0.042629715 0.0985251 -0.15311813 -0.04074131 0.03709016 0.04378921 0.11123475 -0.0071775434 -0.12912771 -0.030624075 0.1928576 -0.21404107 0.098637976 -0.08174317 -0.00024279683 0.02250425 0.10413351 -0.061985455 0.14900447 -0.043193556 0.16156767 -0.07118536 -0.21134864 -0.07024411 -0.008291173 0.020179657 0.057398986 0.106379144 0.02549535 -0.0023877693 -0.007882081 0.0047640093 -0.05953832 -0.08196406 -0.06131227 -0.017719211 -0.007853691 0.031550605 0.013027986 -0.101227075 -0.022200326 -0.08319248 -0.039214253 -0.16430663 0.27090934 0.09644355 0.09460315 0.06693935 -0.0072430284 0.013212642 0.02093772 0.117525764 -0.07245992 0.0052298782 0.086051084 -0.1230663 -0.09340533 0.058261197 -0.042211164 0.089013055 0.17359377 0.06114477 0.10223089 0.15057208 -0.08142437 0.029344693 -0.12335909 0.100524984 -0.062096514 0.003719652 -0.10580323 0.0979803 0.26083776 0.31879643 0.02777217 0.24888931 0.09963398 -0.18674801 -0.13252501 0.07092058 0.10807777 0.1886428 0.01530783 -0.005463154 -0.022161251
Ö÷ -0.19406103 0.15675789 -0.033873357 0.1386572 0.07442265 -0.16018249 -0.028119918 0.21123622 -0.13183339 0.14882042 0.044478923 -0.07389015 -0.10364755 0.060379323 0.23807718 -0.18466875 -0.09780887 0.1388935 -0.06595451 -0.09646457 -0.0027625002 -0.15675579 -0.057193544 0.061242748 -0.14506364 0.021734646 -0.026384238 0.062577635 -0.2308698 -0.06745091 0.057141736 0.09911862 0.13151556 -0.028727803 -0.058646202 -0.0044085686 -0.066545136 0.040453155 -0.22260176 -0.22872469 -0.19157459 0.0034826356 0.095979124 0.09261324 0.0939247 0.015494454 0.15005718 -0.00082209933 -0.028040022 0.034329962 -0.022205256 -0.08364582 0.024303239 -0.12688883 -0.036610875 -0.13939273 0.14473231 -0.14772664 -0.13161473 0.0008201695 0.123955406 0.15255907 -0.09860274 -0.1244527 -0.14109379 0.1310536 -0.19795392 0.32148212 -0.15923762 0.014750142 0.022836039 -0.05629621 0.21792684 -0.07346622 0.0102886325 0.10136352 0.08980471 -0.2719416 -0.21627733 -0.012065449 -0.079144165 -0.27788326 0.14463863 -0.024696874 -0.03357549 -0.05765268 -0.043560028 0.24257688 0.05630307 -0.16189604 0.071309395 0.056304507 0.16554205 0.07320048 0.2584997 0.43904394 0.0017413436 0.03243714 -0.21007888 0.28026316 -0.17753641 0.072010845 0.0076765036 0.06831956 -0.17145005 -0.05374401 -0.18224177 0.1636504 -0.05308175 -0.19568205 -0.1228446 -0.1656001 -0.06001244 -0.095885426 0.010981853 -0.053673327 0.11152273 -0.17557219 -0.05171345 0.048730176 0.060480103 0.12627767 -0.012578127 -0.1519894 -0.03175146 0.22913547 -0.24477403 0.11040355 -0.10249518 -0.00032864156 0.02075366 0.11775939 -0.07088729 0.17186742 -0.042612404 0.18412744 -0.08363667 -0.25210515 -0.08116508 -0.010650051 0.019875485 0.064573094 0.13024874 0.031541277 -0.004807044 -0.0081552 0.004444715 -0.07461709 -0.09871366 -0.06461963 -0.016276209 -0.012138624 0.04384564 0.009725806 -0.11778504 -0.02772109 -0.09013237 -0.0427614 -0.19255087 0.31774247 0.117447056 0.11192996 0.07311329 -0.0111369295 0.010006145 0.024124598 0.14634643 -0.08439723 0.00031301667 0.09221608 -0.14667115 -0.11284487 0.06843561 -0.052382838 0.112216346 0.20559773 0.080709524 0.11925642 0.17830817 -0.09669935 0.038479656 -0.1485325 0.1215318 -0.070659555 0.004757759 -0.11675765 0.114026435 0.30388728 0.3699221 0.041100655 0.29540476 0.11115074 -0.22683783 -0.1566212 0.08960529 0.11724387 0.2197848 0.017175598 -0.0053211097 -0.027580494
³¡ -0.17634648 0.14076854 -0.030756826 0.13071086 0.068571 -0.1414713 -0.028199356 0.18846257 -0.11970594 0.14097333 0.036660843 -0.067909524 -0.09612509 0.054111928 0.21610439 -0.16970743 -0.08244095 0.1327446 -0.05727993 -0.09496789 -0.0031177532 -0.14642178 -0.052629106 0.054582156 -0.1352308 0.019336246 -0.024426827 0.056073185 -0.20325011 -0.06244901 0.051870313 0.08624916 0.11416676 -0.02559976 -0.04790174 -0.002899203 -0.06642899 0.04109266 -0.20153995 -0.21123889 -0.16931354 0.0013576867 0.078565404 0.08445508 0.079258695 0.008588149 0.13674948 -0.00038936685 -0.02318768 0.03106958 -0.020566935 -0.07329605 0.021857716 -0.11576602 -0.03219825 -0.13318647 0.13645981 -0.13705309 -0.12177569 0.0012566139 0.10956245 0.14024639 -0.08802023 -0.111102946 -0.12809803 0.108414955 -0.18116863 0.29460216 -0.14095335 0.015705366 0.018694066 -0.051536947 0.18753636 -0.06910097 0.011409495 0.09524212 0.08558308 -0.2483287 -0.19418612 -0.019292314 -0.06962168 -0.24751712 0.1242495 -0.015311789 -0.026504077 -0.047286846 -0.038752537 0.22023074 0.052982606 -0.15280995 0.06403274 0.050531067 0.15143186 0.06553493 0.23255624 0.39511615 0.0049543693 0.03092358 -0.18197694 0.24595784 -0.1655614 0.061432526 0.0065406323 0.06448657 -0.15067329 -0.04958942 -0.16375709 0.14014047 -0.045933988 -0.17621475 -0.102800265 -0.15423885 -0.058742356 -0.08535667 0.009770396 -0.04369 0.09991581 -0.16084298 -0.051541384 0.045200963 0.049294703 0.11113318 -0.004324484 -0.13911662 -0.02363191 0.20648342 -0.22875203 0.10436645 -0.08621343 -0.0005024605 0.026500018 0.10061428 -0.064515166 0.15582201 -0.039236095 0.1639528 -0.07448421 -0.22524449 -0.07607458 -0.0072272513 0.014527789 0.06450484 0.11320977 0.033727907 0.0008555416 -0.011876823 0.0052660266 -0.06963543 -0.08904671 -0.060519062 -0.018961307 -0.012225346 0.035856068 0.011483717 -0.10768335 -0.02295747 -0.08746776 -0.039837476 -0.16707264 0.28139767 0.10196664 0.09621579 0.068010956 -0.0062359944 0.017139418 0.013321209 0.12620178 -0.07627251 -0.0043396475 0.08179955 -0.13319348 -0.09417991 0.068412215 -0.041646034 0.0956595 0.18672366 0.06488147 0.10786286 0.16217843 -0.086995624 0.03128587 -0.13597581 0.100979276 -0.061244845 -0.0017076498 -0.10704903 0.10128526 0.28090987 0.34085342 0.036131643 0.26010814 0.10015168 -0.19782676 -0.14518733 0.07525826 0.111391746 0.19727913 0.01870575 0.003887239 -0.023126282
¡ï¡ï -0.099601455 0.08184219 -0.020816572 0.06852669 0.043216478 -0.08277414 -0.014577546 0.10695886 -0.068794906 0.07267068 0.02473991 -0.03608273 -0.05780929 0.03433515 0.12554912 -0.098793216 -0.045254413 0.07498737 -0.03441931 -0.05642496 -0.0038043156 -0.0862951 -0.026703661 0.028276354 -0.077928334 0.007735197 -0.009529424 0.028726308 -0.116332464 -0.041294117 0.029429188 0.052722596 0.06770322 -0.010747473 -0.029441169 -0.0037736471 -0.03893591 0.017669633 -0.114858225 -0.118332654 -0.09386309 0.0043032593 0.045017913 0.050262067 0.04008771 0.005589617 0.07332572 -0.0018250436 -0.01568504 0.018777005 -0.010884245 -0.03914482 0.0072895684 -0.066606864 -0.02088874 -0.07248508 0.07221332 -0.07915505 -0.06867343 -0.0033722443 0.060631502 0.07551186 -0.047087487 -0.06466993 -0.070930146 0.06175062 -0.101230636 0.16708003 -0.086580195 0.0072257714 0.01610867 -0.023513773 0.10572522 -0.042071793 0.0068677566 0.05570852 0.049228255 -0.13653836 -0.11694581 -0.014166214 -0.037471835 -0.14326297 0.07181405 -0.00560165 -0.019722754 -0.02452988 -0.016560864 0.1260526 0.02232703 -0.089141995 0.043312915 0.024475744 0.08222153 0.0320108 0.13366845 0.23163246 -0.0018710931 0.021817628 -0.09746949 0.14117971 -0.09516146 0.032289762 0.004094789 0.03474095 -0.082174525 -0.023821382 -0.09491149 0.0793406 -0.026729906 -0.105335444 -0.06484875 -0.09052557 -0.02883341 -0.046778247 0.01128047 -0.026327338 0.05027614 -0.09276181 -0.02877127 0.021572324 0.032525543 0.061593834 0.0006793207 -0.079744294 -0.0087916395 0.119988956 -0.12450828 0.054322004 -0.048392292 0.005618468 0.0143908085 0.061923314 -0.036479644 0.08846813 -0.025138881 0.09357892 -0.036252785 -0.1245364 -0.05004333 -0.0036577792 0.014921741 0.025902452 0.066818 0.012127919 -0.0033950673 -0.010616231 0.0099644475 -0.040175077 -0.056844488 -0.030193256 -0.008624925 -0.0016301004 0.025643284 0.0017510033 -0.059640408 -0.01851908 -0.049965374 -0.024465684 -0.09245556 0.16487771 0.06325924 0.057071842 0.04050947 -0.006967879 0.007205274 0.005544032 0.07322944 -0.04737265 0.0043955306 0.04373892 -0.07062871 -0.05592739 0.03696531 -0.025617216 0.054461095 0.10061249 0.034973174 0.05819318 0.08655124 -0.043833025 0.018385494 -0.07367679 0.0595217 -0.031005539 0.00046641618 -0.06519262 0.05411663 0.15139258 0.19178982 0.016963469 0.1426858 0.056317866 -0.11152771 -0.08016684 0.041669864 0.060264505 0.11221743 0.010556615 -0.0023812493 -0.011462305
¹Ø±Õ´°¿Ú 0.001977282 -0.0033371984 -0.0010764503 -0.0026459075 0.0025264912 -0.00032094776 0.0023491306 0.0037169533 -0.0033759493 -0.0011354662 0.00034003495 0.0029756415 -0.0041938485 0.0033019476 -0.00018107235 0.0045049824 -0.00075243297 -0.0021083027 -0.001868866 0.004949895 -0.0025708885 -0.0046068747 -0.0048550116 0.0003971541 0.0045638066 -0.0011175334 0.0016920943 -0.0009952313 0.00037079156 -0.0010995233 0.0033297276 -0.0032320952 0.0047418918 -0.0003262347 0.0043290774 -0.0011541969 -0.0033663833 0.0044763065 -0.0011255229 -0.0011796087 0.004543968 0.0027841448 -9.512722e-05 0.0016008937 0.0039329208 0.0010165459 0.0008985937 0.0016726064 0.00024628223 0.001118148 -0.0048276894 0.0032811998 -0.0010058343 -0.0007853985 0.0032859892 0.0037523955 -9.901345e-05 -0.0030423736 0.003836981 -0.0016103458 -0.0010285467 -0.0018423265 -0.0032831514 -0.0022957826 -0.0012894481 -0.0005198956 9.295464e-05 0.003086487 -0.001055131 -0.0006294602 0.0011565567 -0.0027497185 -0.0015877462 -0.0014151025 0.0020003498 -0.0020406407 0.0005386436 -0.0033021534 -0.004966748 0.0009881424 0.000667879 -0.002157895 0.004007785 0.0041522067 0.0013285839 -0.0041318154 -0.00064819935 -0.0019423139 -0.0022237205 0.0014818483 -0.0048029255 -0.0022882926 -0.0040212367 -0.0012460334 0.0020272697 0.0013273692 -0.0022878111 0.0026756036 -0.001426987 0.0029052626 -0.00474214 0.003609069 0.004533955 0.00023351013 0.0015674978 -0.0013115221 3.8911105e-05 0.004387874 0.0014318585 -0.0013955772 0.0045921747 -0.004817143 1.2683869e-05 -0.0049878084 0.0027264147 -0.0037214821 0.0017168194 0.0040888432 8.4096195e-05 0.0046369503 -0.00075985846 -0.00013521314 0.0027859437 0.0031995166 0.00076363265 0.004972533 0.0002606535 -0.0029256367 -0.0006577766 0.0038643205 -0.0010994988 -0.0014975476 -0.00055481313 0.0011633205 0.0027824193 0.0035379839 0.0013007277 0.0025403446 0.003646292 0.004994166 -0.0009154195 -0.0040289015 0.0002386111 -0.00025435508 -0.0028374838 0.0039094216 0.0044980557 -0.0003115815 0.00043114962 -0.00062273326 -0.0036184806 0.001622448 0.0041221743 -0.0021180653 0.0003179413 0.00021210432 0.0005388093 -0.0041592885 0.0040310393 -0.0007183015 0.0037314415 0.0010741485 0.0038730549 0.004819265 -0.0029810148 0.0018593204 -0.0025323844 0.0017920488 0.0032276816 0.004796013 0.0034983028 0.00016788601 0.0034700448 0.0029371262 0.0027055503 0.001942144 0.0017957264 -0.0015174401 0.00044026913 0.002193085 -0.0018775528 0.0004909724 0.0042468566 -0.0042022695 0.0020088316 0.004763772 -0.0006716704 0.0016566992 -0.00036980154 -0.00011305809 -0.0009780413 -0.0016168809 0.0009799838 0.0030256242 0.0030399936 -0.002692526 -0.00084927795 -0.0026521564 0.0025651027 -0.0028367543
10.76.200.13] -0.064768255 0.054921664 -0.011744366 0.05375857 0.029358678 -0.062046934 -0.008725341 0.06613085 -0.039740868 0.04910363 0.010119076 -0.025270032 -0.036662117 0.024881244 0.07852404 -0.05762543 -0.029334256 0.045738462 -0.02402918 -0.041972224 0.0040470557 -0.05392282 -0.026096394 0.02518466 -0.050508324 0.0010448886 -0.016560532 0.018460518 -0.078504115 -0.02271772 0.02337433 0.030464627 0.04465923 -0.004087406 -0.019276561 0.00072406884 -0.022813981 0.012523437 -0.08377731 -0.080228634 -0.06872322 0.003708996 0.026981477 0.035089057 0.026934575 0.009997483 0.051702265 -0.011562497 -0.015535843 0.018900238 -0.0050385385 -0.02370778 0.009442081 -0.050340675 -0.018584708 -0.05093699 0.051752362 -0.05077163 -0.048622094 -0.0010892655 0.04060392 0.052930884 -0.03619161 -0.046680853 -0.055361513 0.043912567 -0.071898535 0.11146971 -0.056112137 0.00091786124 0.003752212 -0.026553987 0.07755073 -0.023613928 0.005317549 0.03213323 0.028666196 -0.08590957 -0.08439418 -0.012335551 -0.026807822 -0.09706912 0.046535864 -0.0061210473 -0.016566578 -0.0132657485 -0.0123623535 0.08065095 0.015463855 -0.057263143 0.028884107 0.023814427 0.0575427 0.025740175 0.09030259 0.15632825 0.0020218291 0.011876895 -0.071248084 0.10352244 -0.06238268 0.027154937 0.006171047 0.028861096 -0.060703594 -0.012295617 -0.07344441 0.055314895 -0.016887281 -0.07186074 -0.035466306 -0.063241236 -0.028575046 -0.0348408 0.0072870087 -0.027603608 0.03917535 -0.07057004 -0.015205187 0.013419139 0.014454242 0.05086247 -0.0031086411 -0.050814997 -0.0022245578 0.08575791 -0.08155079 0.04593491 -0.033727083 -0.003221908 0.0016882747 0.038419552 -0.018025607 0.054400086 -0.016502012 0.056687444 -0.025512554 -0.08632522 -0.023680514 -0.0021066081 0.0019970122 0.017988313 0.0514785 0.003781696 0.0016710114 0.0011914589 0.0016654843 -0.026847066 -0.037098467 -0.023230873 -0.005335734 -0.0049208053 0.006909365 0.011423222 -0.03806021 -0.012004573 -0.029208362 -0.016566755 -0.06984697 0.11035404 0.044195868 0.04154793 0.021982588 -0.0006187636 0.0057241437 0.0069680684 0.055126008 -0.025515657 0.00034232173 0.033296157 -0.0483928 -0.042410064 0.02660397 -0.018957907 0.033379607 0.07349497 0.027237881 0.039008595 0.058739733 -0.023384543 0.012560283 -0.0533352 0.038274538 -0.021903412 -0.007323944 -0.039019078 0.034991346 0.107686274 0.12431049 0.013322734 0.10101251 0.036560897 -0.07746905 -0.04551031 0.023029322 0.04550128 0.07342993 0.0039974395 -0.014279481 -0.009501953
_________________________________________________________________ -0.002796486 -0.002339043 -0.0035359997 -0.0019480485 0.0006375611 0.003652466 -0.0016318917 0.004594605 -0.0037581497 -0.0024755066 -0.0037565292 0.0029174655 -0.0038559109 0.001958682 0.0030074406 1.4230609e-05 -0.002901697 0.001438849 0.0037480206 -0.00232203 -0.0018473917 -0.0003211689 -0.004179541 0.004462057 -0.0019462281 -0.0015542347 -0.0025765644 -0.00020422519 -0.0015903104 0.0015144241 0.0018629313 -0.0010957622 -0.00038393974 -0.0012567735 -0.0009630251 -0.0023975861 -0.0044712187 -0.00045733154 0.0015608502 -0.003099312 0.003996411 0.001100694 -0.001519335 0.0019857222 0.00038957476 -0.0025091786 0.0046323454 -0.0013459355 -0.004189529 0.0008849627 -0.0044712955 -0.0040548253 -0.0015232771 0.0037592168 0.004624752 0.0042587277 0.002033378 0.004951988 0.0031757832 0.0042251437 0.0022540414 0.00069732906 -0.004965507 0.0015739304 0.0007768029 0.0035463434 -0.0013626969 -0.0022184164 0.0005889147 0.0036157519 -0.001249227 0.0017074484 -0.0001583612 0.0047509503 0.0017352169 0.0032487817 -0.0027361328 0.0011880732 0.0014179313 -0.0044973134 0.00088193 -0.0039505335 0.0017585319 0.0013556534 -0.0005417031 0.0015349812 0.0023648185 0.0024410696 0.004660253 0.00046698214 0.0035995566 0.0010204655 0.000841133 -0.0025374591 0.0033863508 0.002187105 -0.0016928273 0.0009897 0.0018382233 0.002185443 -0.002488538 -0.0029260397 0.0031580054 0.0034819734 -0.0038940352 0.00040563763 0.0046882816 0.0035981995 0.004771325 -0.0022811175 -0.0029229021 -0.0037469286 -0.004881492 -0.0001603198 0.004385577 -0.0021629177 -0.00055481674 -0.0030848468 0.0006605488 -0.0011080712 -0.0038677745 0.00035342932 -0.0020799644 0.0019379908 0.0018443299 -0.002120626 -0.0025582016 -0.0030999554 0.0038257844 0.0024011552 0.0042920215 0.0038038415 -0.0031933682 0.0030866433 0.0036541873 0.003130175 0.0024260664 0.0016435463 -0.00060172915 0.0042493264 0.0023198647 0.002231998 -0.0012815415 -0.0007226276 -0.0025845491 0.0049840254 -0.0026399153 -0.0022926407 0.0016019666 0.0041171564 0.001331132 0.0028912872 0.001653608 0.00245708 0.0046702474 -0.0030043079 -0.0008142477 -0.0034981489 0.00016388536 0.003725245 -0.0031316422 0.00419847 -0.0009904903 -0.0039436966 0.0046171243 -0.0007594419 0.0012726665 -0.0028926814 -0.001527192 0.0009118181 -0.0008344549 0.0031483925 0.0018749678 0.0022499072 0.002869904 -0.0028914935 0.0022912086 -0.0023079396 -0.004495962 0.0033722508 0.0008205122 0.0035975717 -0.00055492343 -0.0017399729 0.001978261 -0.0038157732 -0.004949631 -0.0045908415 0.0021480804 0.0037204428 0.0023356073 0.00029005707 -0.0015168213 0.0038688302 0.004581687 0.0022167938 -0.00058941543 -0.0033891858 0.002966817 0.00143615
Ó¡ -0.117397755 0.09340628 -0.01997427 0.09138738 0.045557324 -0.09441494 -0.01208369 0.12539743 -0.07684283 0.09126124 0.023778955 -0.047026236 -0.0611021 0.038743857 0.14423895 -0.11938807 -0.056155976 0.085133776 -0.036762226 -0.06584416 -0.00041309514 -0.10106392 -0.039047725 0.03979076 -0.09355347 0.009424997 -0.017697146 0.041706745 -0.14152673 -0.04268419 0.029141463 0.06211493 0.080798015 -0.012830415 -0.03150722 -0.0072962646 -0.04099952 0.030120783 -0.13189423 -0.1440163 -0.11753236 0.003464674 0.054226052 0.055993233 0.05898974 0.008809123 0.08826624 0.0008441193 -0.011743341 0.01719794 -0.013278676 -0.05237237 0.010750514 -0.08158424 -0.025619274 -0.08790475 0.09206967 -0.090372235 -0.0773032 -0.0026720522 0.07966772 0.09393294 -0.055439983 -0.08287533 -0.09126607 0.07842515 -0.12587434 0.19953372 -0.10046888 0.010376417 0.016680675 -0.033449497 0.13344143 -0.048148844 0.001991774 0.06720075 0.054754257 -0.16593987 -0.13224636 -0.007828871 -0.04553622 -0.1697678 0.08411477 -0.017349416 -0.013102274 -0.027827742 -0.02204 0.14879987 0.030443246 -0.105591245 0.04175373 0.029419856 0.102230765 0.04379637 0.15753146 0.2675556 0.004855686 0.016774245 -0.13045166 0.17360371 -0.1173668 0.038794383 0.0042382698 0.04087362 -0.1002512 -0.028889902 -0.11828228 0.09864717 -0.0340784 -0.11789188 -0.076946616 -0.102278985 -0.035096757 -0.05444509 0.006532403 -0.029910753 0.06813159 -0.10965768 -0.029776217 0.02509919 0.039932933 0.08231887 -0.0072324974 -0.09229182 -0.01849978 0.1376435 -0.14900693 0.07072314 -0.0664884 0.0005950414 0.017888926 0.06743734 -0.041705634 0.10021198 -0.029750515 0.11180203 -0.05011885 -0.15799654 -0.053394426 -0.007321493 0.010607819 0.035390902 0.08177266 0.024421284 -0.0039187763 -0.00063212065 0.0032648311 -0.04601187 -0.064632215 -0.04381038 -0.010339681 -0.004547548 0.026063107 0.0068210615 -0.07701795 -0.022952633 -0.053533565 -0.019742861 -0.1198372 0.19997849 0.0738696 0.07074792 0.04990503 -0.0051592467 0.0066410312 0.0104049845 0.08830463 -0.056898996 0.0022401602 0.061792623 -0.09476546 -0.06845591 0.04117842 -0.030272849 0.07211257 0.12224015 0.04228119 0.07995815 0.109427795 -0.057118285 0.01987281 -0.090230964 0.07562137 -0.043147717 -0.0014470627 -0.07290527 0.07020119 0.18989429 0.23016714 0.023355791 0.18180133 0.06713835 -0.13902146 -0.09650294 0.05251726 0.078184806 0.13245691 0.013207437 -0.0007006231 -0.023188407
±¾ -0.16133866 0.13370274 -0.02462024 0.1190205 0.06694022 -0.13212304 -0.023898147 0.1771792 -0.11027396 0.12237181 0.041594636 -0.059151877 -0.08794771 0.05074775 0.20580198 -0.16112217 -0.07930924 0.12383101 -0.050080966 -0.0851809 -0.0019957975 -0.13603683 -0.051077574 0.05040741 -0.11838705 0.014748123 -0.022575608 0.05198696 -0.19136612 -0.061051343 0.049355067 0.08776056 0.105833374 -0.026888302 -0.04587493 -0.0026435314 -0.053490616 0.038923196 -0.1846319 -0.19866271 -0.1627695 0.006279757 0.079419665 0.07404653 0.07945137 0.014660233 0.12547797 -0.0065457514 -0.022507101 0.029423596 -0.019578284 -0.065328486 0.01737264 -0.10304481 -0.032010227 -0.12378602 0.12608333 -0.12462665 -0.116687186 -6.426666e-05 0.10326651 0.13123451 -0.07446185 -0.10296714 -0.12463349 0.11056844 -0.16959706 0.2705108 -0.13283047 0.01976038 0.019311653 -0.041676648 0.18079022 -0.062052954 0.0062602065 0.08633186 0.079589725 -0.22891296 -0.18480653 -0.01367466 -0.06462304 -0.23061274 0.124324806 -0.019612048 -0.025100878 -0.04247649 -0.03753923 0.20969914 0.043668985 -0.13799496 0.063523166 0.04783125 0.13919671 0.06033414 0.21251291 0.3724972 0.0008955582 0.025524424 -0.17252599 0.23589966 -0.15433629 0.05568079 0.0073569883 0.058178727 -0.13961345 -0.04668848 -0.15656964 0.14138661 -0.052217916 -0.16733746 -0.104906425 -0.14314488 -0.058016006 -0.0820768 0.009700305 -0.040737934 0.08970974 -0.14682305 -0.041993987 0.033555415 0.045923643 0.10982919 -0.009713964 -0.12647738 -0.024458414 0.19059953 -0.20654158 0.0890031 -0.084800236 0.0035290678 0.020893026 0.10080684 -0.055115007 0.14685197 -0.038231045 0.16336727 -0.06969161 -0.2144418 -0.07099791 -0.010859353 0.018588435 0.059716217 0.1114421 0.024068661 0.0015139803 -0.0074431845 0.0053371075 -0.05786842 -0.088735454 -0.056016564 -0.013117569 -0.011317543 0.03104965 0.006188574 -0.10105619 -0.025904246 -0.080766186 -0.03651109 -0.15712863 0.26286885 0.09657118 0.09183393 0.06509673 -0.013089292 0.011127964 0.021939356 0.1172052 -0.068606846 0.00032438926 0.08274532 -0.12656376 -0.098073564 0.065591104 -0.04518551 0.09659764 0.16553906 0.0655106 0.10782079 0.15172218 -0.07845432 0.033519324 -0.12852882 0.09363056 -0.055228923 0.0069350693 -0.10091682 0.095306545 0.2570436 0.31911814 0.029636933 0.24226971 0.098671086 -0.18457752 -0.14034297 0.07658812 0.10096271 0.19025436 0.02005947 -0.007654709 -0.027506065
±È -0.14419805 0.11833456 -0.023210343 0.107407965 0.06394924 -0.12667985 -0.015975878 0.15998583 -0.09384566 0.11280618 0.036865417 -0.049361743 -0.078540854 0.046314415 0.18686531 -0.14952132 -0.07832965 0.10615745 -0.045581967 -0.07577581 0.0020878066 -0.12362534 -0.04269959 0.042824805 -0.11361275 0.016553968 -0.017311778 0.051090527 -0.17985858 -0.05082447 0.04053788 0.07072482 0.09544543 -0.022364974 -0.042269718 -0.0015313124 -0.05362986 0.029007694 -0.17430969 -0.17934582 -0.14843205 0.0062764413 0.07175528 0.06452142 0.072673194 0.005935663 0.1090117 -0.009653203 -0.01390674 0.03134646 -0.013671398 -0.06629043 0.016312437 -0.09437123 -0.026990075 -0.113908455 0.1156316 -0.11660963 -0.1043989 -0.0013443765 0.09926093 0.118055664 -0.07499079 -0.10008149 -0.111689806 0.10014919 -0.15676306 0.24925211 -0.1207403 0.01683898 0.021639159 -0.04043231 0.17021704 -0.054419033 0.010621713 0.084615 0.066067494 -0.21307126 -0.17411985 -0.019857546 -0.06375872 -0.21138512 0.108111896 -0.014293861 -0.021835437 -0.035326302 -0.036221236 0.18806249 0.044660583 -0.13348176 0.062128086 0.04505598 0.13119967 0.05116538 0.20362307 0.34225032 0.0012477207 0.025343236 -0.15797219 0.21194778 -0.1366464 0.050980583 0.0062611615 0.046514805 -0.12801224 -0.041463796 -0.14191099 0.1260061 -0.04665516 -0.15775019 -0.09564669 -0.12545851 -0.054686826 -0.07349396 0.008959561 -0.03946926 0.087168984 -0.13456894 -0.036907673 0.030086916 0.041407086 0.102706105 -0.00039213776 -0.11651989 -0.02263776 0.17064087 -0.18675765 0.07846112 -0.077818036 -0.0005104404 0.023753677 0.09004258 -0.052032568 0.12717706 -0.03641869 0.1493904 -0.06649331 -0.19182104 -0.066785745 -0.0055063404 0.014554851 0.04334538 0.09955932 0.025268747 -0.0016407799 -0.0034255844 0.005148567 -0.054100253 -0.07990715 -0.045957856 -0.014593003 -0.012260528 0.030804668 0.013875811 -0.09171696 -0.020457396 -0.07283725 -0.030400246 -0.14444748 0.24824812 0.09334336 0.08929636 0.06310823 -0.010211005 0.010420922 0.012308349 0.117553785 -0.0668445 -0.0036879948 0.07307099 -0.11790231 -0.08264503 0.059746414 -0.03780739 0.084434666 0.15591551 0.054707024 0.09305225 0.12843312 -0.069378965 0.02867162 -0.11221517 0.08655023 -0.052691776 0.003803415 -0.08795769 0.08111129 0.23433031 0.28589407 0.034523234 0.22475265 0.08577041 -0.17416379 -0.1250936 0.06282045 0.09513301 0.17757273 0.0125229135 -0.006090309 -0.025711456
ËÙ -0.21385142 0.17057511 -0.033213664 0.16236186 0.090167716 -0.17824934 -0.03356426 0.23850903 -0.14428192 0.17253506 0.047524773 -0.08481278 -0.12093669 0.064925514 0.267552 -0.21190657 -0.11358993 0.16397755 -0.07471211 -0.11995286 -0.0056615886 -0.18579708 -0.06250937 0.073880896 -0.16626821 0.025727607 -0.033752467 0.06881395 -0.26802018 -0.085356764 0.066166826 0.106504016 0.14152029 -0.03148964 -0.065362774 -0.0033311038 -0.08301344 0.0459806 -0.25426954 -0.26214388 -0.21697001 0.006455495 0.10375511 0.099079244 0.10665008 0.014150317 0.17006165 -0.0054789893 -0.03009666 0.039259125 -0.027754225 -0.0911334 0.029949775 -0.14323658 -0.040201902 -0.16173726 0.17260495 -0.17578773 -0.15745822 -0.0029511934 0.1428579 0.17464185 -0.107280575 -0.143804 -0.16936949 0.14416736 -0.22913612 0.3652788 -0.18669558 0.025858728 0.030541819 -0.05898362 0.24195167 -0.08762343 0.011533034 0.12311106 0.104353584 -0.31495807 -0.2518801 -0.0214696 -0.08359603 -0.31371424 0.16108324 -0.027176604 -0.036628686 -0.057690624 -0.049202543 0.27688718 0.056128524 -0.19048104 0.08353041 0.06120288 0.19064777 0.08212461 0.2965262 0.501738 0.0061832913 0.043438252 -0.23362686 0.31730822 -0.21056789 0.07741799 0.013089257 0.07578653 -0.18484181 -0.053578563 -0.21210913 0.18188761 -0.0681149 -0.2240445 -0.13832498 -0.18450272 -0.07074457 -0.106006496 0.0133576505 -0.05773589 0.124239415 -0.19966632 -0.054871377 0.048971474 0.059588317 0.14718103 -0.0051420867 -0.1698566 -0.03348299 0.25445968 -0.28472126 0.12383095 -0.11704888 -0.0017501421 0.02787353 0.13986881 -0.075975634 0.18893524 -0.050226256 0.21028125 -0.096002646 -0.28532073 -0.099527106 -0.010380436 0.024503898 0.07445612 0.14740132 0.038838334 -0.008684495 -0.0116854105 0.014264237 -0.084093705 -0.11814948 -0.07335551 -0.021614743 -0.015644373 0.04209136 0.017958296 -0.13051042 -0.03394122 -0.10297328 -0.04448093 -0.2132325 0.35878628 0.13392806 0.125662 0.08875435 -0.013123355 0.011487177 0.021024717 0.1652254 -0.10164777 -0.0016721815 0.109115206 -0.16660774 -0.12297711 0.08630425 -0.059301317 0.12570646 0.23289394 0.09027834 0.1365607 0.19939332 -0.102523915 0.042806998 -0.16221288 0.13530794 -0.08315055 0.00871439 -0.14120723 0.13173258 0.354468 0.42282453 0.044136018 0.33168098 0.1291045 -0.25848353 -0.17904478 0.09716389 0.13604437 0.25869277 0.020958025 -0.0050484454 -0.03207921
³Ì -0.21619134 0.17293295 -0.034632564 0.16309784 0.08258303 -0.18143798 -0.02724782 0.22805436 -0.14333212 0.16966134 0.047760088 -0.081321634 -0.11191901 0.06278361 0.27035198 -0.2109286 -0.10385123 0.15366253 -0.068924114 -0.11690014 -0.00019760527 -0.18044312 -0.06492358 0.07053546 -0.16515091 0.022898342 -0.02576184 0.066068985 -0.26068574 -0.083335035 0.06348418 0.108476564 0.1396271 -0.025354063 -0.062254403 -0.01069399 -0.07257698 0.046763003 -0.24425237 -0.25796333 -0.21092476 0.0016336637 0.09875243 0.10296813 0.10047346 0.015349394 0.1653038 -0.003945859 -0.026679749 0.04283553 -0.02152643 -0.08684143 0.02159893 -0.14197595 -0.04054991 -0.1589576 0.16283238 -0.16605683 -0.15471421 -0.002215357 0.13212165 0.16779383 -0.10811301 -0.13548832 -0.15571736 0.13926251 -0.21946774 0.3576047 -0.17917246 0.021721777 0.028663965 -0.061508507 0.23425719 -0.08317239 0.011209361 0.1169985 0.09578313 -0.29955286 -0.25020817 -0.021625172 -0.08528364 -0.30739877 0.15472758 -0.026808998 -0.028024005 -0.0554923 -0.053807043 0.27004793 0.05905441 -0.18774964 0.077787034 0.058007095 0.19074327 0.07980313 0.28605062 0.49060127 0.009674582 0.041353706 -0.22539791 0.3058802 -0.20619802 0.077262774 0.011844773 0.079172276 -0.18838808 -0.051089417 -0.20124274 0.17623773 -0.05830803 -0.21737176 -0.13092302 -0.18225849 -0.07009813 -0.09877912 0.008915678 -0.05727089 0.12344464 -0.19469807 -0.06080152 0.048659254 0.05882 0.14275108 -0.007814326 -0.17058696 -0.028151112 0.24956931 -0.27312523 0.12477504 -0.11155381 0.0034728672 0.028835256 0.13643926 -0.076812305 0.19244535 -0.052989937 0.2115977 -0.08798427 -0.27779594 -0.099374205 -0.016524516 0.022564951 0.07551918 0.13711809 0.03856944 -0.008020998 -0.010737849 0.013993086 -0.082273744 -0.11726106 -0.068461284 -0.017402211 -0.006827353 0.045770913 0.013159963 -0.12605865 -0.031455047 -0.10520411 -0.041055795 -0.20839106 0.35004407 0.128894 0.12944944 0.08764628 -0.012654083 0.011255897 0.024000706 0.15827124 -0.09001345 0.0007411782 0.10516611 -0.16233784 -0.124293506 0.07906356 -0.055015508 0.120178156 0.22765777 0.08626655 0.13391456 0.19007933 -0.10850447 0.045027014 -0.16646454 0.13304515 -0.07563892 -0.00048607157 -0.12876156 0.12219913 0.34077537 0.41474643 0.045927294 0.32659104 0.12164922 -0.25198725 -0.17293087 0.09140153 0.13189095 0.24921046 0.022484424 -0.0065326067 -0.034955412
ÈË -0.18428464 0.15355647 -0.03373689 0.14174062 0.076758 -0.15482473 -0.023136219 0.20501083 -0.12894034 0.14523593 0.042802084 -0.0692149 -0.10429488 0.05141551 0.23864913 -0.1833654 -0.09051659 0.13939527 -0.06226181 -0.10359488 0.0031496887 -0.16064906 -0.056875095 0.057432894 -0.14879513 0.023601528 -0.027057935 0.059083886 -0.23011188 -0.0726333 0.05260325 0.09554335 0.12767899 -0.026331283 -0.049242854 -0.0019726628 -0.06447762 0.042612065 -0.21427926 -0.22739701 -0.18003973 0.0024681948 0.09431171 0.09075859 0.08831292 0.008107443 0.1471361 -0.009645452 -0.021628773 0.03498501 -0.018376544 -0.07999084 0.022702461 -0.12268523 -0.03560512 -0.13806446 0.1436243 -0.15208173 -0.1316151 -0.0059912945 0.1224723 0.14549063 -0.087440036 -0.118787244 -0.13908274 0.12857875 -0.19636466 0.32202557 -0.15959844 0.015425163 0.021935303 -0.050345354 0.20574684 -0.07002741 0.012177921 0.10155309 0.083762534 -0.2737835 -0.21325697 -0.021664122 -0.076629974 -0.27515954 0.13682793 -0.022332437 -0.025518967 -0.049757667 -0.04604544 0.24643034 0.057441436 -0.16354915 0.07181856 0.049689896 0.1707232 0.06945113 0.24947448 0.43112755 0.010205585 0.033983365 -0.19871968 0.26817012 -0.18322514 0.06437722 0.0065867202 0.06297525 -0.16280784 -0.054331273 -0.17943294 0.16188234 -0.058730397 -0.20021312 -0.11796308 -0.16567715 -0.06341753 -0.08928814 0.015106974 -0.05639017 0.10697642 -0.17677815 -0.05276444 0.04658597 0.056335617 0.12927757 -0.0057580187 -0.14644377 -0.029317278 0.22346224 -0.24685635 0.10594601 -0.09521378 -0.0018063174 0.021218386 0.12137032 -0.0704133 0.16229998 -0.046180237 0.18765642 -0.080341116 -0.24361874 -0.08171928 -0.0073111807 0.0150356935 0.06270843 0.12525457 0.026898567 -0.0018715956 -0.010248133 0.01132675 -0.07285483 -0.095927104 -0.064044476 -0.02184514 -0.0070950775 0.037475754 0.011631431 -0.115185976 -0.028553339 -0.0944457 -0.040959585 -0.18841256 0.31516886 0.112732686 0.11145242 0.07757576 -0.013353165 0.011842745 0.023481442 0.14366183 -0.081805274 0.0042839153 0.0994676 -0.14293014 -0.10490765 0.06951553 -0.04861074 0.10792014 0.19737035 0.07334695 0.123553276 0.17366801 -0.08742088 0.036214616 -0.14361174 0.119016424 -0.07178199 0.003235998 -0.11554385 0.11344688 0.3050553 0.36710748 0.041504454 0.2836802 0.106418125 -0.2180661 -0.15620047 0.085703984 0.11847342 0.21502618 0.01589499 -0.0008585305 -0.029645178
¼° -0.16015919 0.13163128 -0.025400436 0.11664933 0.065286435 -0.13040702 -0.02525402 0.17479151 -0.11279002 0.12747757 0.03294438 -0.059366364 -0.09121825 0.043873727 0.19975245 -0.15717468 -0.082319714 0.11973622 -0.0477291 -0.08365151 -0.0029178276 -0.13836785 -0.046905503 0.04934932 -0.12286291 0.022501914 -0.028078996 0.05133474 -0.1937212 -0.058705505 0.04219662 0.07949022 0.10547399 -0.02397992 -0.04919146 -0.0050887647 -0.05966686 0.040129066 -0.18295625 -0.19103825 -0.15471666 0.0023121268 0.07978451 0.07781258 0.07819402 0.012963843 0.124613255 -0.0073319157 -0.021799069 0.028555125 -0.021924192 -0.06267075 0.017950885 -0.10907695 -0.024097031 -0.12038192 0.12617709 -0.124634184 -0.10775522 -0.0060054637 0.107616454 0.12453834 -0.08002061 -0.10921761 -0.12385987 0.10549718 -0.17141402 0.2689633 -0.1362023 0.021209171 0.023506658 -0.04779588 0.17437859 -0.06597122 0.004350491 0.09297579 0.07300443 -0.22519678 -0.18960954 -0.012129438 -0.06793567 -0.23452757 0.11935247 -0.019243909 -0.02392779 -0.04780762 -0.03516272 0.20234908 0.043070175 -0.14159374 0.06522081 0.040168155 0.13919757 0.05715717 0.21431866 0.37162477 0.0067913993 0.02847941 -0.1717981 0.22894302 -0.15249304 0.0526108 0.0043172115 0.052266337 -0.13747083 -0.038039327 -0.15624091 0.1310299 -0.048169125 -0.17008686 -0.10158447 -0.14258808 -0.049335584 -0.07081739 0.008326508 -0.049435373 0.08761939 -0.15055732 -0.04787156 0.03417594 0.04660682 0.104957834 -0.004045806 -0.12588961 -0.022139525 0.18717119 -0.20419163 0.091119416 -0.08202287 0.0038634066 0.022715941 0.09927088 -0.06099137 0.13833089 -0.039814956 0.15780656 -0.06540344 -0.21089493 -0.069957696 -0.012757811 0.014396837 0.05431988 0.104068235 0.028154446 -0.008003548 -0.011442378 0.0063740085 -0.063448615 -0.08603255 -0.05621476 -0.0138631575 -0.012035141 0.034770563 0.008470958 -0.097473145 -0.025725877 -0.07625111 -0.03044201 -0.1618646 0.26180878 0.092721716 0.09347595 0.06026656 -0.010405078 0.007095243 0.017706541 0.12283389 -0.07409577 0.0009881714 0.08501391 -0.118722275 -0.08845629 0.063430004 -0.045277156 0.08833381 0.1702514 0.060387097 0.10395618 0.14053369 -0.080652595 0.027859988 -0.12517788 0.0983117 -0.0623481 0.004365494 -0.09784032 0.097696334 0.25901723 0.31098005 0.028550286 0.23910066 0.093509294 -0.18314892 -0.13776469 0.07628806 0.09907709 0.18305646 0.010942364 -0.0027373212 -0.026581705
ÖÖ -0.1635663 0.13199957 -0.023625575 0.12059381 0.06339838 -0.14336744 -0.019946754 0.18338795 -0.11026964 0.13004816 0.038874328 -0.059746794 -0.08762764 0.050285585 0.20646963 -0.15998225 -0.0878925 0.12255181 -0.051508788 -0.08969047 -0.002367354 -0.14254436 -0.05523484 0.05679606 -0.13160335 0.024195105 -0.02437793 0.06039479 -0.20407577 -0.058527853 0.053054374 0.08849148 0.11464 -0.027771153 -0.049500953 -0.0076736854 -0.061160095 0.039143004 -0.19217828 -0.20464443 -0.16067654 -0.0017299873 0.08009216 0.0734457 0.07854571 0.011760611 0.12457469 -0.0022082103 -0.02534164 0.030300794 -0.015344621 -0.073395394 0.019406464 -0.11208692 -0.029405601 -0.12759666 0.1290139 -0.13361947 -0.121595964 -0.0034430039 0.10918769 0.12961252 -0.080662526 -0.11118886 -0.1255842 0.11470422 -0.17910102 0.28014374 -0.13516852 0.017055204 0.02448332 -0.049642473 0.1827479 -0.06393276 0.002289904 0.0927079 0.0738229 -0.23954558 -0.19096974 -0.014550835 -0.064403854 -0.24726953 0.129075 -0.013526104 -0.022645406 -0.050980523 -0.039388176 0.21484613 0.04422251 -0.14565806 0.067929454 0.045788903 0.14869295 0.057783037 0.22203004 0.38820428 0.006702268 0.029648112 -0.17592753 0.23612657 -0.1611305 0.053884666 0.004540598 0.054340728 -0.1450352 -0.041617744 -0.15929139 0.14539169 -0.050940465 -0.17154887 -0.10260889 -0.13945068 -0.05824601 -0.08421527 0.01081983 -0.04684897 0.09404682 -0.14954248 -0.044870667 0.04254442 0.05253959 0.108384736 -0.01178131 -0.13557333 -0.030036101 0.19858114 -0.22081718 0.095153496 -0.091362946 -0.0010783748 0.022854093 0.09903035 -0.065506406 0.15172406 -0.040562905 0.16703391 -0.06880244 -0.22360052 -0.07585422 -0.011318107 0.013048185 0.061606005 0.11394128 0.024265602 -0.0071990965 -0.004929473 0.00833624 -0.069319285 -0.08367862 -0.058447435 -0.017278936 -0.004392571 0.031779442 0.006571161 -0.099492885 -0.027719125 -0.08367694 -0.031974114 -0.16193154 0.2714042 0.10095332 0.096697845 0.06826534 -0.011498389 0.011351681 0.013664035 0.12281961 -0.078765996 0.001588433 0.083762474 -0.1312942 -0.096576765 0.06914901 -0.042803533 0.09381746 0.1729494 0.068111695 0.10686477 0.15289356 -0.07791344 0.03329621 -0.13384986 0.1036059 -0.057781674 -0.0012004605 -0.10836371 0.10223574 0.26536396 0.32751736 0.033060413 0.25574765 0.09219883 -0.19084397 -0.14020233 0.07333516 0.108699374 0.19526245 0.014842844 -0.0057228534 -0.030134548
Jul -0.12889792 0.098718084 -0.021350829 0.1043798 0.059530884 -0.114724815 -0.016445866 0.13845883 -0.08921912 0.093288206 0.02856185 -0.047251105 -0.08119499 0.04276526 0.16031064 -0.12441044 -0.06279512 0.09134335 -0.039965317 -0.07393654 0.0025234492 -0.10875114 -0.032232504 0.047005646 -0.10373623 0.0148198465 -0.021070406 0.045996558 -0.16355537 -0.045671318 0.041217882 0.059143815 0.09044589 -0.019313721 -0.036677446 -0.0010093667 -0.043927208 0.023870317 -0.15996015 -0.15691061 -0.12789062 0.00020937594 0.06555608 0.061775047 0.06076733 0.0035091783 0.0958907 0.001844306 -0.016389882 0.026590532 -0.01349881 -0.052826762 0.012617315 -0.08698091 -0.030527264 -0.09307905 0.1036603 -0.113389105 -0.09201286 0.0008404099 0.08085156 0.10638431 -0.060725372 -0.08191684 -0.10049847 0.09157452 -0.14295691 0.22245061 -0.108237885 0.008966246 0.022903133 -0.03880576 0.14795977 -0.04853345 0.0062395525 0.06947532 0.06348284 -0.18569447 -0.15816458 -0.013075799 -0.052455258 -0.18857051 0.09399502 -0.01256085 -0.01627661 -0.025723927 -0.031771205 0.16435467 0.0364422 -0.11842995 0.058987353 0.03706426 0.11643451 0.05248063 0.17300963 0.31126398 0.0009872467 0.01802972 -0.13910264 0.19026753 -0.124608316 0.051686652 0.005892015 0.047750585 -0.11086745 -0.03926998 -0.12204893 0.1094843 -0.03488336 -0.12816858 -0.07951905 -0.11218325 -0.041116063 -0.06828285 0.010896332 -0.03608606 0.07470503 -0.12254624 -0.038211916 0.03134427 0.042063277 0.09046505 0.00051297277 -0.10242474 -0.017351655 0.14970957 -0.16313778 0.06728339 -0.071031936 0.0010028061 0.015361829 0.085788 -0.053523783 0.11020311 -0.036983572 0.13059327 -0.057981484 -0.16569985 -0.056790497 -0.017244369 0.009993366 0.04294364 0.084809065 0.021359485 -0.005540471 -0.0069127227 0.006409931 -0.047641292 -0.070942566 -0.04142237 -0.012614076 -0.005403023 0.02798166 0.008043908 -0.07670749 -0.021384483 -0.061131798 -0.027802918 -0.13185343 0.21899989 0.07719972 0.08198587 0.05165432 -0.00994527 0.013330401 0.013544212 0.10228558 -0.051284306 0.00024644096 0.0666336 -0.10372615 -0.07633183 0.04981705 -0.030904742 0.074402355 0.13845772 0.048256293 0.08293428 0.10903964 -0.064392634 0.026861884 -0.092713416 0.07924207 -0.049621183 0.0038011079 -0.07966329 0.07071549 0.20378827 0.25704455 0.03377675 0.20319422 0.08419299 -0.15387078 -0.10665001 0.061455097 0.08580438 0.15246122 0.003479258 0.0043917224 -0.02877017
22 -0.098160796 0.0771305 -0.012120281 0.07653205 0.04192808 -0.08775212 -0.012598854 0.108238176 -0.06661045 0.06912565 0.023122681 -0.03623069 -0.057992686 0.029906292 0.11811118 -0.09761428 -0.05230189 0.06777269 -0.03525104 -0.056907047 -0.003969871 -0.08973707 -0.024442406 0.032212008 -0.07575979 0.007917604 -0.014727528 0.036082838 -0.11945297 -0.03588242 0.038766418 0.048810203 0.06860197 -0.008102265 -0.034579538 -0.0024516433 -0.034032945 0.018670414 -0.119810544 -0.12353397 -0.10185079 -0.00034685535 0.059524003 0.051687073 0.045204323 0.0020580157 0.06840111 0.006253289 -0.010733759 0.01584326 -0.007371474 -0.04053169 0.0092867445 -0.06717215 -0.0225049 -0.07149998 0.07745425 -0.085116334 -0.07553254 -0.0018966548 0.06446313 0.08303997 -0.049618784 -0.06432725 -0.08307448 0.07635116 -0.10270747 0.17740744 -0.08189855 0.008517934 0.021077804 -0.026916886 0.1126698 -0.035529744 0.002468012 0.05340165 0.046358533 -0.14216112 -0.11418092 -0.013388948 -0.04178547 -0.13953772 0.077298716 -0.015100002 -0.007572293 -0.015651245 -0.021363514 0.12202443 0.019724142 -0.09364544 0.04569706 0.028383614 0.09057246 0.04371273 0.13762248 0.24242449 -0.0101216035 0.020624068 -0.1025792 0.13724823 -0.09525063 0.033451296 0.010256975 0.03429817 -0.09272454 -0.031883914 -0.088810004 0.08563526 -0.026286723 -0.09669955 -0.0686863 -0.08267365 -0.02982488 -0.0599539 0.006934069 -0.034473028 0.05440636 -0.09376116 -0.025407782 0.022868758 0.035131212 0.07299269 -0.00364441 -0.07597809 -0.008088979 0.10843632 -0.12353742 0.055596694 -0.048683707 0.0056747966 0.0053763473 0.06778126 -0.0441425 0.0812256 -0.024181465 0.094688915 -0.039762992 -0.12810194 -0.05191497 -0.013043383 0.014720271 0.02540091 0.07140582 0.015474482 0.0026945192 -0.010692416 -0.0002594617 -0.036895122 -0.054087743 -0.031109527 -0.008387798 -0.007645191 0.021552647 0.009313662 -0.055416647 -0.017136868 -0.055433646 -0.017411882 -0.09351802 0.15964226 0.059430525 0.061593875 0.042646755 -0.012382105 0.011782188 0.0058364742 0.07884802 -0.043328136 -0.0048852093 0.046532374 -0.081706345 -0.06164133 0.03710911 -0.023479464 0.056804694 0.109401524 0.04166402 0.058969494 0.081948176 -0.046833616 0.022085803 -0.06849165 0.05827425 -0.030673943 0.0045162993 -0.06207862 0.05286248 0.15811524 0.19436082 0.029617574 0.15557188 0.06203102 -0.11108062 -0.08282306 0.04945109 0.06492301 0.12316677 0.0001383368 0.00249963 -0.02275992
µ¥ -0.16391647 0.13367048 -0.024478314 0.122795455 0.06894012 -0.13740131 -0.020631937 0.17280468 -0.11318078 0.12370621 0.03828492 -0.06319105 -0.08853175 0.045316894 0.20727277 -0.16397561 -0.07968918 0.11774929 -0.055643756 -0.08372952 0.0025484937 -0.13807736 -0.053815246 0.055966087 -0.12429424 0.023317995 -0.027893404 0.050968852 -0.2001483 -0.06406278 0.04972565 0.08440475 0.1104148 -0.02728821 -0.045641087 -0.007599316 -0.05500681 0.03680002 -0.18807814 -0.1960954 -0.15733778 0.00087914395 0.079531714 0.08004347 0.07638029 0.0048260815 0.12085623 -0.0042336113 -0.024482718 0.034142878 -0.0185575 -0.06674656 0.017381309 -0.10380523 -0.031901743 -0.118167885 0.13049611 -0.12443069 -0.11201932 -0.0031506983 0.102647044 0.13009842 -0.07938264 -0.11083216 -0.122232415 0.1095266 -0.17302242 0.27192026 -0.13790004 0.017887754 0.020101182 -0.048157007 0.185292 -0.061054148 0.001038896 0.09251535 0.080569975 -0.23361637 -0.18993491 -0.011398573 -0.06432604 -0.24012603 0.123791166 -0.018370748 -0.026103282 -0.048744287 -0.039379224 0.21411523 0.042057294 -0.13923909 0.066940375 0.04318677 0.14540608 0.055801433 0.21351339 0.37437874 0.0043728836 0.032362383 -0.17000821 0.23717701 -0.14985393 0.053271167 0.010138349 0.054641273 -0.14224082 -0.042382527 -0.15880793 0.13231462 -0.04586714 -0.16763489 -0.101174235 -0.13867204 -0.051956102 -0.078163795 0.0068465653 -0.043220904 0.09139938 -0.1451093 -0.04195156 0.036222357 0.05261339 0.10295815 -0.009936815 -0.12465734 -0.024354156 0.19431987 -0.20663734 0.09775635 -0.07920535 0.001097282 0.021248953 0.104340464 -0.06191126 0.14000578 -0.042884737 0.16157773 -0.06483691 -0.2125068 -0.072436474 -0.009437646 0.01883847 0.060506355 0.10630434 0.023181368 0.0013553093 -0.00494727 0.01272618 -0.06636568 -0.08073844 -0.052872438 -0.012856107 -0.005464743 0.029598154 0.012520145 -0.09604693 -0.026299568 -0.07595611 -0.030382903 -0.15796944 0.26494297 0.09699194 0.09213261 0.066863686 -0.010925025 0.008989253 0.017670488 0.11820522 -0.07437725 0.004809771 0.08433798 -0.1273962 -0.09606316 0.060602564 -0.037390128 0.096533805 0.17071308 0.0639315 0.099010564 0.14847848 -0.077851735 0.03238709 -0.12663522 0.09472976 -0.05976946 0.00094657566 -0.10605195 0.09213008 0.26200613 0.31452635 0.030824786 0.24746716 0.09446048 -0.19315723 -0.13607009 0.0731712 0.10418262 0.18596262 0.016903225 0.00015927078 -0.0274528
Ê±¼ä£º2003ÄêÈ«Äê -0.0026668585 -0.0011792374 -0.0041055195 0.004461702 0.0045876037 -0.0035030902 -0.0026597232 -0.0019993233 -0.0045172907 -0.0023018664 0.00022148668 -0.003421604 0.00077590527 -0.00022121667 0.0027842189 -0.004563914 0.0016344243 0.0033067209 -0.0029954296 0.0010477841 -9.009302e-05 0.0019801534 0.00047576605 0.0003895718 0.0006925714 0.0012378026 -0.0039149476 0.0004120642 0.0034473694 -2.7135015e-05 -0.00044698297 -3.0094385e-05 -0.0011567557 -0.0011195338 0.0028282225 -0.0016880005 -0.0046193395 0.002831117 -0.0026945334 0.0019640105 0.002591663 -0.0045691025 0.001346035 -0.004605854 0.0049396236 -0.0010526658 -0.0010760975 -0.0005510694 -0.0016374028 -0.0032812364 -0.0012574166 0.0004858327 -0.0010787481 0.0014496213 -0.0033834653 0.00029944122 -0.001735782 -0.0004972285 0.004369756 -0.0025755935 0.004796021 -0.00408728 -0.0022635548 0.0026806653 -0.0013133228 0.0034240717 -0.00407107 -0.0036417162 0.0013568109 0.0013377047 -0.0016602844 0.001722784 -0.0040033967 0.0029847878 0.0003033638 0.0007783872 -0.00401724 0.004063487 0.0031706947 0.0011614645 -0.0048398185 0.0014896363 0.004591831 0.0005374694 -0.0037694096 -0.004620354 -0.003833561 0.0042465352 -0.004539021 0.002324109 -0.0039398856 -0.00034765303 -0.0034180116 0.0037412369 -0.004261175 -0.0019827408 -0.0036929906 0.00015959382 -0.0049886703 0.0016950762 0.0035235374 -0.0013782852 -0.004244443 -0.0017433852 0.00289863 -0.0021398247 0.0043399376 -0.0044791973 -0.004619835 -0.00023942709 -0.0040698145 0.0013770056 0.004066152 -0.0015404004 0.002178797 -2.0425916e-05 0.0029128701 0.0013102561 0.002997124 -0.0048906375 0.0007311398 0.00057379005 -0.0011457736 -0.0035464324 -0.0009832806 0.0006083208 -0.0047036223 0.0026666461 0.0015475339 -0.0039324504 -0.001363849 0.0044168406 0.0008436239 -0.0041720904 0.0027373643 -0.0028554958 0.0012676162 -0.0019255853 0.0013363081 0.0045004683 0.00044039966 0.0034700066 0.0020652902 -0.0021826124 -0.00059610547 0.0046466803 -0.00010935247 0.00011884451 0.0032897014 -0.0036324977 -0.0025542355 0.0038084602 -0.0005298537 -0.003227865 -0.0018207312 0.0026624387 0.004584133 0.0038685042 0.0048613464 0.0020085168 -0.00018238128 -0.0014988893 -0.0019320947 -0.004527387 0.0011543513 -0.004896108 0.0013993639 0.0018824434 0.00026982545 0.0041642077 0.002431698 -0.00397748 0.00371463 -0.0035289133 0.0026309632 -0.0020431525 0.0026918023 -0.0026739466 0.0028190678 0.0026986676 0.00034027518 -0.0013513851 -0.00094334123 0.004412888 -0.00020133019 0.0014877212 -0.0048706494 -0.00055727304 0.0035112435 0.0008584046 -0.0034180612 0.0042780824 0.0041996515 -0.00085663557 -0.0036272032 0.002602635 -0.0007618183 0.00323972 0.0027870135 -0.0034155762
Hayek -0.07816014 0.06947809 -0.0066471533 0.05289259 0.03945154 -0.06731458 -0.0107089365 0.085543215 -0.049869876 0.054626044 0.021642128 -0.029363183 -0.046861656 0.02372683 0.09135811 -0.08087256 -0.037132636 0.06378765 -0.02601819 -0.04402242 -0.0022164693 -0.06372894 -0.025859492 0.029288843 -0.06422327 0.011771005 -0.013421828 0.024957228 -0.09233277 -0.024763882 0.02315458 0.032450184 0.051830422 -0.01003709 -0.02222705 0.0035176452 -0.026684904 0.013003948 -0.08848483 -0.09225282 -0.081119865 0.0035005868 0.033562463 0.039085712 0.039072406 -0.0009453403 0.060419712 -0.007253986 -0.0133917285 0.01765661 -0.0012446214 -0.034121636 0.012077603 -0.047766525 -0.00943811 -0.06504809 0.06257982 -0.06282845 -0.05507558 0.0025062207 0.049050577 0.061217684 -0.03444891 -0.05262325 -0.06343716 0.05223433 -0.0773946 0.13203298 -0.06940219 0.004198433 0.010555336 -0.016946983 0.08667983 -0.030591855 0.0024672 0.048564218 0.034661785 -0.12089099 -0.08893736 -0.01104853 -0.031611376 -0.10566147 0.05708715 -0.0110743195 -0.011256193 -0.019424476 -0.021583308 0.106645145 0.026909428 -0.067725584 0.030006697 0.02128345 0.07200342 0.031803515 0.111521825 0.1802836 0.0026079176 0.018830294 -0.08340669 0.11932882 -0.080833144 0.03257282 -0.0008096421 0.02985051 -0.067612424 -0.01851344 -0.07097941 0.06821674 -0.018895986 -0.08026139 -0.05234385 -0.07237842 -0.030439664 -0.044419836 0.006476444 -0.025974458 0.03739545 -0.066622145 -0.017653845 0.015012616 0.020363066 0.060047295 0.0026645174 -0.056633174 -0.0063675097 0.09305329 -0.09798829 0.039711118 -0.043996967 -0.0014635088 0.015476544 0.04879758 -0.027736643 0.066587724 -0.018306851 0.07874489 -0.0357686 -0.10213351 -0.036295604 -0.007144589 0.010187935 0.02308653 0.053871173 0.010042745 -0.006527125 -0.0063878545 0.004274627 -0.037086654 -0.047440134 -0.029747866 -0.0033202413 0.00047664286 0.012843358 0.006373698 -0.053150687 -0.0039921394 -0.031836808 -0.015504717 -0.07990412 0.13589595 0.041982025 0.05152664 0.037061207 -0.0046885144 0.0040596407 0.008400418 0.06883595 -0.036810514 0.002256947 0.038104847 -0.06422445 -0.051902317 0.027525228 -0.02281142 0.05271364 0.09199972 0.031530865 0.057804953 0.06585987 -0.035250064 0.019009192 -0.05709131 0.045018926 -0.028483966 -0.00020029342 -0.043911383 0.04838983 0.1250257 0.1621576 0.016361855 0.120923966 0.052102145 -0.09366776 -0.07217086 0.032086145 0.045443516 0.09436102 0.0014848718 -0.000105357765 -0.00952157
The -0.10717896 0.088525586 -0.019168712 0.08724917 0.043470174 -0.09791833 -0.019988826 0.12410296 -0.07373746 0.08422648 0.01969526 -0.043161273 -0.060513947 0.030625978 0.13993558 -0.10637306 -0.055421825 0.08295761 -0.035654522 -0.063322924 0.0034820624 -0.09777668 -0.02706681 0.03716489 -0.0808216 0.010493661 -0.013589539 0.037191823 -0.13563189 -0.036671836 0.027300872 0.0533536 0.07006859 -0.014505393 -0.028390383 -0.00043312748 -0.036908504 0.025025245 -0.13443704 -0.1354873 -0.10498589 0.0002640428 0.051976345 0.048915308 0.054601226 0.008526137 0.081152186 -0.008259397 -0.0172494 0.022889074 -0.011237002 -0.051119436 0.018687626 -0.07452531 -0.024201475 -0.08997226 0.09149546 -0.09160791 -0.07793393 0.00015004628 0.074171044 0.08275464 -0.056518834 -0.07466632 -0.087070666 0.072915 -0.1137284 0.18667012 -0.09916225 0.012232643 0.012954153 -0.034509778 0.12367869 -0.044255614 0.0009214611 0.06509086 0.047892194 -0.15839422 -0.12796256 -0.012696799 -0.04279282 -0.16606095 0.08264892 -0.01530997 -0.014073532 -0.02728602 -0.021638164 0.14674413 0.028287431 -0.09620743 0.048338033 0.030559944 0.09321571 0.045462947 0.14978918 0.26445293 0.0048522605 0.022267357 -0.11476001 0.16742004 -0.10657736 0.044595726 0.007644471 0.039739467 -0.09438683 -0.03215396 -0.10435285 0.0891643 -0.027870884 -0.11224957 -0.06937411 -0.09944045 -0.034488056 -0.05169358 0.009562929 -0.029144587 0.063009605 -0.10722824 -0.034638446 0.021130828 0.03034043 0.08015514 -0.004858996 -0.08377377 -0.019632215 0.13640021 -0.14740694 0.06156004 -0.056629784 0.0018258542 0.018481905 0.075148866 -0.043085944 0.09925203 -0.02842327 0.108228125 -0.04645277 -0.15088232 -0.053046107 -0.0031981887 0.01456954 0.03096476 0.075146236 0.022069369 -0.007982942 -0.0032100298 0.005339993 -0.03957158 -0.05558364 -0.034163754 -0.013895322 -0.0014661748 0.02577197 0.009399535 -0.07062569 -0.013777445 -0.0523369 -0.020321313 -0.113903604 0.19074745 0.07213276 0.06687678 0.041799843 -0.012508329 0.006438177 0.011950368 0.08981306 -0.04374675 0.0013980601 0.05873721 -0.08390121 -0.06533902 0.039693903 -0.02744403 0.06671375 0.11919055 0.04645927 0.07432429 0.09767421 -0.05572665 0.025061823 -0.08859115 0.06881062 -0.04365779 0.0025038614 -0.07168541 0.06092849 0.17690217 0.22508956 0.023582984 0.17234333 0.06217779 -0.12685548 -0.09167869 0.04649603 0.07219046 0.12608442 0.009897785 -0.0033952834 -0.018304018
ÉË -0.22409177 0.17707954 -0.030278813 0.16962652 0.088328466 -0.18088023 -0.03386272 0.24785781 -0.14366926 0.17642874 0.05220359 -0.08371562 -0.12406983 0.06329667 0.27532646 -0.22206017 -0.11472424 0.16470122 -0.07276913 -0.11504285 -0.0043604514 -0.18297687 -0.07005734 0.074155204 -0.16554087 0.027913623 -0.027114786 0.07865438 -0.26487154 -0.082221374 0.06737024 0.10848715 0.14658785 -0.02703836 -0.06465338 -0.0045221797 -0.07679318 0.04974059 -0.2543241 -0.26944238 -0.21668035 0.0035338607 0.106181115 0.10487686 0.10253634 0.011734747 0.17420515 -0.007351677 -0.027128704 0.03513583 -0.018983858 -0.090352826 0.02657803 -0.14041477 -0.03673519 -0.16240063 0.17219365 -0.17908674 -0.15590997 0.00020140754 0.14161053 0.1800456 -0.111040175 -0.14087829 -0.16986346 0.1474966 -0.23344524 0.36801797 -0.18000612 0.024245366 0.031182807 -0.05817389 0.2461605 -0.08352692 0.010334885 0.123942435 0.09941394 -0.3127325 -0.25419968 -0.023956783 -0.08477845 -0.31793177 0.1565687 -0.021531744 -0.031877354 -0.056676432 -0.049574282 0.28209093 0.059240364 -0.19626588 0.08407157 0.06619849 0.19620837 0.08337218 0.30075577 0.5171538 0.009974201 0.037923954 -0.24130897 0.31886026 -0.21189742 0.08139668 0.01613045 0.07178408 -0.18820122 -0.05888289 -0.20933773 0.18677464 -0.06804982 -0.22869301 -0.13402103 -0.1895407 -0.07055423 -0.10197737 0.01350295 -0.06193544 0.124649696 -0.20356339 -0.057315525 0.047176484 0.06613051 0.15361051 -0.0038058835 -0.17296556 -0.031235648 0.25752914 -0.2885558 0.12917213 -0.11255399 -0.00048647603 0.029966818 0.13897762 -0.08181893 0.19193138 -0.052198503 0.2191061 -0.08878804 -0.29422405 -0.1024688 -0.009395171 0.02522858 0.07847666 0.14968759 0.03858875 -0.002338562 -0.014147273 0.007495266 -0.0856525 -0.114717156 -0.07420872 -0.016643982 -0.009493763 0.05163284 0.016397286 -0.13575058 -0.035520464 -0.104943395 -0.04817399 -0.22287124 0.3620824 0.12774578 0.13097091 0.0874995 -0.017611528 0.0192466 0.016604856 0.16760239 -0.09799963 -0.0037336093 0.10904872 -0.16731617 -0.12833275 0.087479934 -0.0591131 0.12274089 0.23782794 0.09048587 0.13628344 0.20117122 -0.10589294 0.04793313 -0.17443258 0.139034 -0.07651369 0.0040245303 -0.1330286 0.12784699 0.3539318 0.43428773 0.04100396 0.3318361 0.13256003 -0.2549682 -0.18402544 0.10064468 0.14251985 0.25376597 0.01971023 -0.0015430937 -0.03486575
ÐÇÆÚÈý), -0.038577665 0.03519197 -0.005383133 0.03236668 0.022368401 -0.03134311 -0.009482133 0.045143165 -0.028732635 0.028372236 0.00920237 -0.018327462 -0.02983431 0.01865423 0.05234533 -0.04433758 -0.019875418 0.030757014 -0.013683598 -0.018814376 -0.0019157415 -0.03516243 -0.0070536803 0.015627023 -0.028386386 0.0071609477 -0.0060341125 0.019063001 -0.05566897 -0.016925987 0.014433383 0.022519771 0.02407828 -0.00502707 -0.01633208 -0.0016101358 -0.013717074 0.010825761 -0.049550936 -0.052194446 -0.041286327 0.00027580158 0.025710884 0.021786047 0.020050334 -0.00020611388 0.031134898 0.0007524847 -5.4763856e-05 0.010042031 -0.002187745 -0.011829748 0.010061409 -0.03218193 -0.010393327 -0.03527905 0.035394736 -0.040910117 -0.03596151 -0.0031865665 0.02916751 0.032498375 -0.019590491 -0.02426296 -0.03910587 0.024943521 -0.043104596 0.07035561 -0.032555908 0.0070851487 0.008532758 -0.007269814 0.050193135 -0.011543543 -0.0037252342 0.026207292 0.022004614 -0.05666149 -0.048619103 -0.008424924 -0.02144675 -0.06535556 0.029459175 0.0004702167 -0.006042058 -0.0059656315 -0.00945459 0.058205944 0.0056641144 -0.038337268 0.017069463 0.007718658 0.03910696 0.018382255 0.056873355 0.10360961 -0.00022870064 0.00635029 -0.04212606 0.062460598 -0.04136922 0.019581687 -0.0011693847 0.012965666 -0.03594107 -0.012413049 -0.042467922 0.03443242 -0.01673378 -0.03777672 -0.030213352 -0.03476549 -0.018665021 -0.019224731 0.004048088 -0.016404249 0.028716477 -0.04446799 -0.012555301 0.0061036535 0.017698303 0.03495352 0.002810407 -0.03414382 -0.0021803991 0.04966623 -0.053188134 0.017883271 -0.02295013 0.0044326712 0.008020349 0.028671017 -0.013515843 0.037824918 -0.010527969 0.047105398 -0.020466018 -0.0600295 -0.022693232 -0.0005411338 0.008331071 0.008255233 0.025607744 0.0064477096 -0.0043115355 -0.0054004947 0.0029808916 -0.014166281 -0.020900892 -0.013103481 -0.00049694366 -0.0038095573 0.0073400256 0.003586482 -0.020413507 -0.004415474 -0.017531076 -0.004509541 -0.040277347 0.07231414 0.029697599 0.020650525 0.021921419 -0.004532514 0.0040813154 0.004414325 0.032118946 -0.0142394 0.0042479318 0.018159196 -0.032384053 -0.028314056 0.01816878 -0.0074567557 0.027770389 0.04095082 0.015090757 0.027055789 0.03427107 -0.017243672 0.009915557 -0.03178593 0.020688664 -0.018775633 -0.00038854417 -0.027672226 0.02832363 0.068999015 0.08262786 0.012518856 0.06451519 0.02832792 -0.046480916 -0.0347675 0.017764132 0.028431052 0.04805653 -0.0008736567 0.0053651696 -0.008482986
ºÁ -0.21112531 0.17305435 -0.035629865 0.15760289 0.08253422 -0.18245988 -0.02996455 0.23537928 -0.14012982 0.1661365 0.051304974 -0.07656243 -0.11477146 0.06317732 0.2654893 -0.2083855 -0.10987487 0.15465528 -0.07366091 -0.11108823 -0.00024098181 -0.18055779 -0.06539555 0.07077256 -0.16448751 0.029689327 -0.0318758 0.0728919 -0.25463462 -0.07501362 0.06460002 0.113130495 0.14624676 -0.029123234 -0.061808266 -0.009853164 -0.07321342 0.047492914 -0.24206673 -0.25777894 -0.20972154 0.004357272 0.10398622 0.09531553 0.09889979 0.016435947 0.17070493 -0.005358893 -0.022288805 0.041694358 -0.017668443 -0.08598577 0.02953075 -0.14353025 -0.04258086 -0.16455643 0.16819875 -0.16922352 -0.15066463 -0.0025738894 0.14177302 0.16656174 -0.101014555 -0.13735534 -0.1602806 0.14120294 -0.2214174 0.36134055 -0.17993397 0.021312386 0.026600117 -0.059731107 0.23387171 -0.08480644 0.012674264 0.12035574 0.10491713 -0.31102923 -0.24236965 -0.022074541 -0.085728124 -0.31485462 0.16070417 -0.01958125 -0.029536486 -0.056333818 -0.04480912 0.27259982 0.056850683 -0.18335862 0.08376378 0.059878256 0.19231589 0.07842046 0.28211325 0.49311993 0.0040784082 0.032996725 -0.23325107 0.31075057 -0.20767413 0.077871 0.014340643 0.07790703 -0.18825403 -0.05486061 -0.20414737 0.18161409 -0.064910665 -0.22568862 -0.13111942 -0.17842083 -0.07665688 -0.103622586 0.012605032 -0.056391664 0.12375197 -0.19369493 -0.054660846 0.05360559 0.06610474 0.14430399 -0.0068776575 -0.17381456 -0.028021637 0.25183383 -0.27603117 0.120703556 -0.113462955 0.008333743 0.024391096 0.13629073 -0.075064264 0.19064596 -0.05010647 0.20624791 -0.09761845 -0.28338072 -0.09707151 -0.0105367 0.018294426 0.07430859 0.13779393 0.033291757 -0.0010895026 -0.014951505 0.011902143 -0.07932845 -0.11521542 -0.06830059 -0.025564278 -0.013973538 0.048105747 0.015852297 -0.12606058 -0.0356648 -0.103319675 -0.03914983 -0.2124121 0.3531344 0.12640208 0.12615944 0.08100985 -0.011806561 0.015180945 0.020700723 0.16311432 -0.10051229 0.004173543 0.11386458 -0.1603809 -0.12916698 0.08527989 -0.056029364 0.12109431 0.22372702 0.09006197 0.14076367 0.1990639 -0.10722994 0.04123297 -0.15967605 0.1273009 -0.081571765 0.009199269 -0.12774375 0.12922335 0.33806154 0.41974738 0.04190484 0.326652 0.12651604 -0.24584328 -0.1821283 0.09908597 0.13207611 0.24868564 0.02164154 -0.00013210076 -0.03615684
£¸ -0.2115328 0.17481533 -0.03910103 0.16135006 0.09073379 -0.1847404 -0.026766697 0.2315 -0.1415401 0.16427752 0.051889293 -0.07907999 -0.12515573 0.061490063 0.26859048 -0.21204223 -0.11176914 0.15734212 -0.06965215 -0.11970168 0.0006968747 -0.18616289 -0.06768744 0.06807343 -0.16852757 0.02267935 -0.03489928 0.076000415 -0.26678485 -0.0795294 0.064625874 0.11408623 0.14073531 -0.027401838 -0.058621928 -0.009765186 -0.07517543 0.0428281 -0.250525 -0.26590762 -0.21510032 0.007443993 0.10506016 0.103275776 0.10030326 0.011312832 0.16606069 -0.005175663 -0.024516761 0.036341146 -0.025342744 -0.0904395 0.027624888 -0.14738417 -0.042470314 -0.1669057 0.16965003 -0.17304139 -0.15640016 0.0012953688 0.14196523 0.17681246 -0.107139386 -0.14458917 -0.16454974 0.14175487 -0.222169 0.3639585 -0.18377195 0.02266683 0.032303996 -0.059507776 0.23888786 -0.08733622 0.008429227 0.118383415 0.104904115 -0.31145173 -0.24701275 -0.018198043 -0.08824712 -0.31023166 0.1556631 -0.018123226 -0.03520344 -0.05699347 -0.050665434 0.27665398 0.060693994 -0.18704295 0.08155777 0.06394924 0.1862398 0.08234042 0.28803065 0.502323 -7.754418e-05 0.03675296 -0.2284198 0.316172 -0.20395295 0.07602781 0.00888444 0.078918315 -0.18491882 -0.05629997 -0.20952936 0.18481907 -0.06640402 -0.22025728 -0.13643041 -0.19245292 -0.078922234 -0.1052156 0.015927054 -0.06206644 0.12712385 -0.20271474 -0.05611928 0.04847058 0.06506692 0.14505467 -0.003052085 -0.1759367 -0.026321951 0.2547749 -0.28458324 0.12217578 -0.10967786 -0.0003956376 0.029025955 0.13778447 -0.08024408 0.19430667 -0.05333253 0.21637663 -0.09312901 -0.28910437 -0.097034894 -0.007419697 0.022438454 0.06766695 0.14217286 0.038898613 0.0012617444 -0.008829514 0.01447552 -0.078809656 -0.117006555 -0.07119575 -0.019043824 -0.009547014 0.041827247 0.010822525 -0.13609062 -0.036207784 -0.11013801 -0.04795206 -0.21422781 0.358858 0.12948342 0.1252535 0.09069175 -0.017844263 0.016957141 0.02264764 0.15957385 -0.09468335 -0.0025904875 0.10679068 -0.16161495 -0.12772228 0.085099794 -0.05124418 0.1293396 0.23281871 0.0879242 0.13359608 0.1936413 -0.1081284 0.043005325 -0.16883573 0.13664654 -0.07982522 0.0015312304 -0.13633567 0.1274617 0.34327132 0.42646354 0.03876263 0.32529223 0.1265622 -0.2535726 -0.18443371 0.09838521 0.13651407 0.25257897 0.017796382 -0.0051350864 -0.039815657
/ -0.12734456 0.09838685 -0.02160953 0.09526169 0.05175245 -0.10481603 -0.019633798 0.14041978 -0.083392054 0.09417214 0.026987478 -0.04522078 -0.06613121 0.033692412 0.15092455 -0.12318747 -0.05795064 0.08949363 -0.0381743 -0.07004686 -0.003784975 -0.110084966 -0.0329352 0.03926947 -0.09100456 0.018787645 -0.021225754 0.04546013 -0.15083465 -0.045798615 0.033339866 0.062592946 0.081637554 -0.018230606 -0.03441279 -0.004774284 -0.03941758 0.030038094 -0.1412594 -0.14551318 -0.120352186 0.0014597679 0.064289786 0.056511056 0.05748021 0.006150465 0.09291989 -0.006336295 -0.015668714 0.021543344 -0.016305653 -0.05455812 0.012540645 -0.077864036 -0.017639333 -0.090925835 0.09847864 -0.09643025 -0.09176425 0.0023028352 0.07515276 0.09857187 -0.06037707 -0.076512404 -0.09739771 0.08225892 -0.12923123 0.20798892 -0.09953063 0.014315295 0.020786313 -0.037406217 0.13405778 -0.04493635 0.010110506 0.06616672 0.052325457 -0.17977878 -0.14932694 -0.018316736 -0.04545175 -0.17729944 0.08669879 -0.01008467 -0.023520343 -0.034083497 -0.02766384 0.15839702 0.034290593 -0.10936619 0.052904066 0.03296 0.10489633 0.04287404 0.17104772 0.2846488 -0.0013969247 0.018027663 -0.13325629 0.17848703 -0.11508263 0.0417046 0.0022871967 0.03756843 -0.10481012 -0.031020155 -0.11592885 0.10027972 -0.035277423 -0.1260626 -0.0802138 -0.112266704 -0.041115437 -0.060390554 0.00770966 -0.032637544 0.06648976 -0.1121265 -0.029169388 0.023999773 0.031278975 0.088061914 -0.0022753084 -0.093988664 -0.015047735 0.14650863 -0.16166976 0.06795511 -0.066130206 0.0028517782 0.012709226 0.07709485 -0.047832552 0.1112839 -0.02433866 0.12498462 -0.05287494 -0.16190523 -0.059926994 -0.00784419 0.016329983 0.0350823 0.07804753 0.020153329 -0.0043759714 -0.010830013 0.0108568305 -0.043066088 -0.060930464 -0.04239161 -0.015620642 -0.010175748 0.025784483 0.0084873 -0.07284975 -0.016594192 -0.056874268 -0.02976444 -0.11564031 0.20581865 0.07069872 0.07091755 0.04615929 -0.009309371 0.012029217 0.016258832 0.09190499 -0.0510183 -0.006452531 0.06438433 -0.090163566 -0.076246336 0.051940277 -0.03626569 0.06834362 0.13206582 0.054089427 0.07561245 0.11481927 -0.056617923 0.02810644 -0.095024854 0.075351715 -0.040269095 -0.001018626 -0.07837161 0.06676434 0.19891624 0.23978531 0.019643275 0.18538703 0.072157174 -0.13936237 -0.09811665 0.057102982 0.074664734 0.14560555 0.0121856 0.0006668114 -0.022812048
ÑÝ -0.11989162 0.09866372 -0.015993284 0.08978899 0.042142827 -0.097704634 -0.017347962 0.12509598 -0.082896456 0.09649916 0.024929509 -0.048243262 -0.060279913 0.030913565 0.15379193 -0.11851544 -0.06357591 0.090258665 -0.038661428 -0.058466673 -0.0027203253 -0.100671284 -0.037946053 0.039313905 -0.09243928 0.012243698 -0.018920086 0.041932628 -0.13915595 -0.04127088 0.028126452 0.055449914 0.07752507 -0.014661529 -0.02788257 -0.001013997 -0.04510024 0.02483028 -0.1366086 -0.14482991 -0.11341086 6.9336984e-06 0.055193845 0.054226425 0.05382565 0.010513282 0.0869988 -0.004807848 -0.010967118 0.020452261 -0.018129019 -0.052950587 0.015126826 -0.079545066 -0.016841086 -0.091118015 0.09432754 -0.09382659 -0.08536855 0.0027240526 0.07347078 0.0971578 -0.061027892 -0.080996245 -0.083658256 0.08082252 -0.12593195 0.19913167 -0.10177942 0.009832342 0.017006187 -0.028769005 0.13039856 -0.04319466 0.008002202 0.060576417 0.058484867 -0.16864191 -0.13481404 -0.012690179 -0.05050658 -0.17651929 0.092174776 -0.0084482245 -0.018586716 -0.03165118 -0.02614968 0.15631858 0.0327118 -0.10089915 0.039829154 0.035796545 0.106236495 0.040158723 0.15361832 0.27102682 0.008439633 0.018541697 -0.13198464 0.17350684 -0.112347305 0.039266933 0.009168752 0.041802626 -0.10098273 -0.026702615 -0.119008705 0.100292265 -0.035952605 -0.12081888 -0.07000242 -0.104646794 -0.03543586 -0.05624301 0.0015355332 -0.033416543 0.067406334 -0.10277331 -0.032883484 0.032812934 0.03161506 0.078283444 -0.011329801 -0.08913604 -0.015834905 0.14326139 -0.1535613 0.063940264 -0.06341174 0.00090889534 0.020041103 0.075215496 -0.04542639 0.103513 -0.032995045 0.1174014 -0.04451237 -0.15137838 -0.04681241 -0.0038673396 0.008956782 0.043466844 0.0814415 0.021132028 -0.0029108766 -0.0073614446 0.0067909835 -0.049495537 -0.057661008 -0.04240755 -0.016897626 -0.006571677 0.020262213 0.002074919 -0.07393457 -0.013994271 -0.055282775 -0.022514017 -0.11154655 0.19886252 0.06958708 0.06868727 0.050589938 -0.0032836476 0.007744631 0.016138105 0.0872177 -0.04995374 -0.0026098548 0.06117132 -0.08958878 -0.06433493 0.042654175 -0.028354576 0.07091985 0.12764259 0.051310815 0.06961051 0.10766749 -0.054180734 0.02236423 -0.087262325 0.06713594 -0.043982133 0.0019752174 -0.0757528 0.072118714 0.18962629 0.22467671 0.024921024 0.18127018 0.0627706 -0.13407584 -0.10124029 0.051719926 0.07777823 0.14111347 0.0068989564 0.004438775 -0.017349979
£© -0.11699633 0.10174997 -0.020744637 0.0872991 0.04673799 -0.09842453 -0.011433993 0.12968789 -0.07669594 0.09130468 0.025988784 -0.04051844 -0.06458254 0.03698315 0.14947982 -0.12401249 -0.058065094 0.089869276 -0.03682724 -0.06549513 -0.0046175313 -0.09962993 -0.03959926 0.0395073 -0.09434736 0.01686267 -0.021998286 0.04104526 -0.14839251 -0.050331533 0.033676777 0.06515327 0.07574916 -0.0140606295 -0.033549268 -0.004024596 -0.04685632 0.030441428 -0.14336284 -0.144003 -0.12366637 -0.0024932586 0.061998382 0.0539554 0.061868783 0.010990472 0.09842036 -0.0047916067 -0.014318038 0.017287526 -0.0127680795 -0.05078497 0.012431496 -0.084940664 -0.026024805 -0.09086699 0.09083465 -0.09478525 -0.087303184 0.0012651936 0.07495728 0.10098931 -0.059608415 -0.07697412 -0.090915255 0.07616391 -0.12451262 0.21010742 -0.09873023 0.016508896 0.020456672 -0.038052775 0.13890724 -0.043238483 0.004372615 0.063980445 0.05420373 -0.17413431 -0.14150847 -0.008921921 -0.046619907 -0.17745383 0.086068474 -0.016889883 -0.01968448 -0.03680884 -0.0271895 0.16140047 0.037751127 -0.10778368 0.048476484 0.034096435 0.1052476 0.0430951 0.15859337 0.27845734 -0.0007920959 0.018397326 -0.12930454 0.1760287 -0.11369583 0.04451396 0.0026373453 0.041638095 -0.10859524 -0.032014005 -0.11385079 0.10048455 -0.031070957 -0.12869152 -0.07222499 -0.10708294 -0.041794885 -0.053745423 0.0028261368 -0.03902783 0.06862724 -0.11217904 -0.034894843 0.03153517 0.034365486 0.083036326 -0.0054406016 -0.09774595 -0.016691945 0.1432445 -0.15890752 0.06732435 -0.05938643 0.0048964135 0.015228258 0.07874989 -0.04773755 0.11025319 -0.030991398 0.1164142 -0.053336456 -0.1620501 -0.05092993 -0.006198509 0.014050456 0.03691148 0.07840326 0.017814305 -0.00020796376 -0.00861723 0.0073291115 -0.050985508 -0.063385606 -0.038896218 -0.013013809 -0.0053490684 0.023007723 0.0036084987 -0.07261008 -0.014794851 -0.056883883 -0.023294905 -0.117893144 0.1971054 0.075452484 0.068815105 0.050632626 -0.012537005 0.0045757773 0.011641503 0.08702977 -0.053382933 -0.0032219216 0.065337114 -0.094675966 -0.071304396 0.046581943 -0.034412336 0.0692949 0.12746266 0.051575344 0.074194066 0.11165736 -0.058755632 0.024887253 -0.094191164 0.069376335 -0.047170155 0.0052103777 -0.072504394 0.07322457 0.19727264 0.23425755 0.02771719 0.18676127 0.06744631 -0.14123991 -0.102621734 0.05028111 0.07712486 0.14539337 0.01387434 -0.0028980942 -0.017148785
ÎÒÑ§£¬ -0.0032998163 -0.0019065851 -0.0036400117 0.00047144413 -0.001641565 -0.0011894536 0.0022205603 -0.0048349095 0.0029023022 0.00024144172 0.0032763649 -0.0036897098 -0.0023949468 -0.00018658816 0.0043736924 0.0020385338 -0.0010574722 0.004153447 -0.001129542 0.002782584 0.00070485356 0.0020603465 0.0012613296 0.0008589739 -0.0003629607 0.0017034673 0.0006491864 0.0013771945 -0.00088609336 0.0036231517 -0.0039828434 0.003388006 0.0018704104 0.00030407787 0.0024912595 0.0008773029 0.00044550837 0.002338881 0.0013452196 0.001930871 -0.0033644044 -0.0035371196 -0.00015095294 -0.004728039 0.004841199 0.004371174 -0.0037893397 -0.003633948 -0.004787006 0.004434818 -0.00061089813 -0.0042309402 0.0025268625 -0.0024572439 0.004611617 -0.0034935987 0.00091732026 -0.0016393578 0.0031243502 0.004541329 -0.0015309172 -0.0013942331 -0.0013009715 0.004668695 0.0017842925 0.0021759588 0.0030656469 -0.0036141616 -0.004966948 0.00057894766 0.0027425052 -0.0009605521 -0.0008070254 0.00399108 0.0010621869 -0.0005141282 -0.0031025445 0.0007660413 -0.0036721413 -0.004252783 7.8675745e-05 -0.004128833 0.000100268124 0.00024564387 -0.0011456728 -0.0018199378 -0.0037457966 -0.0034033083 -0.0040659336 5.600214e-05 0.00023258507 -0.0037247187 0.003527252 0.00051261304 -0.0016995287 0.0025859112 0.004013422 -0.0027952832 -0.0048470306 -0.00025104283 0.0010657334 0.0016470039 -0.0045992667 -0.0029818749 0.0009290248 0.0025676924 0.003346436 -0.0017012334 -0.0044826483 0.0047850306 -0.0047254777 -0.0029776662 -0.0014194518 -0.0017236042 0.0011006701 0.0035384852 -0.0011883401 -0.0045539355 0.00071623025 0.0010613071 0.0015552789 -0.0023859353 -0.004660638 -0.0009149116 -0.0034241795 0.00033624528 -0.0027475732 -0.0024265097 0.0032944495 0.00298788 0.0009531075 0.0031917596 0.0047782534 -0.003271404 0.0036287277 0.004354464 -4.2486787e-05 -0.0034520943 0.0047204765 0.004273349 -0.00013036966 0.0049719936 -0.0015401233 0.0002127093 -0.00072817685 -0.0043192967 0.003542354 -0.0032557512 0.004619749 -0.00016578674 0.000119459626 0.00077416 0.0028271175 0.0030730753 -0.0048302137 0.0021070612 -0.0037954133 -0.0039508278 0.0049567875 -5.384922e-05 -0.0017819238 -0.0043848967 -0.0042526857 -0.0026786537 0.0036702352 -0.0010427206 -0.0012500238 0.0033958924 0.0035790962 -0.0005616516 -0.0042614294 0.0031836797 -0.0012616783 -0.0016610462 -0.0013545799 -0.002759128 -0.0017716974 -0.0015202904 0.003766976 0.0012871379 0.0041103726 8.672655e-05 -0.002196837 -0.0030419677 -0.0043271543 -0.0024577253 0.0019757694 -0.00077838777 -0.0011661876 -0.0012540662 -0.00093764486 -6.748855e-05 -0.0020520973 0.0013151425 0.0031956686 0.0045334725 -0.0024532657 0.0019125671 0.001794799 -0.002106341
] -0.12137186 0.09415727 -0.018757956 0.094264336 0.053628005 -0.09888814 -0.019230291 0.13788863 -0.07960333 0.09351835 0.025600655 -0.04485939 -0.064548805 0.035734337 0.14643352 -0.12459006 -0.06409485 0.09007815 -0.03704328 -0.068039626 -0.0011742844 -0.10505388 -0.033300478 0.04263403 -0.092283644 0.010686888 -0.022180025 0.03515926 -0.14551345 -0.04262632 0.030279227 0.05752188 0.086001985 -0.018017141 -0.03987605 -0.0025457928 -0.048045475 0.03002771 -0.14543395 -0.14851195 -0.116636895 0.0006032818 0.05466013 0.05562563 0.05974811 0.005785405 0.09405196 -0.0029877585 -0.015179667 0.022436252 -0.016210286 -0.050574884 0.010435078 -0.084910624 -0.025759192 -0.09404662 0.09869748 -0.09455333 -0.08523175 0.0054909373 0.07587079 0.095336854 -0.06278306 -0.079922795 -0.09085099 0.0797996 -0.12686816 0.204679 -0.107367545 0.014019306 0.014321884 -0.031588677 0.13590446 -0.041548003 0.0017003539 0.0684521 0.053378627 -0.1768597 -0.14398453 -0.009375921 -0.04676658 -0.17012754 0.08850132 -0.01081577 -0.018194571 -0.032083333 -0.021726698 0.16242571 0.030543316 -0.10384792 0.046842594 0.035837892 0.10522591 0.052012783 0.16809443 0.2782872 0.0037051586 0.020835897 -0.13122834 0.17985286 -0.117451265 0.049117513 0.0078212265 0.042902272 -0.102759786 -0.03610613 -0.11148523 0.097322844 -0.036187533 -0.12520017 -0.08148641 -0.10910486 -0.046967555 -0.055439338 0.009519165 -0.032995936 0.065525755 -0.11321427 -0.0342605 0.031122327 0.039316155 0.08890872 -0.008293236 -0.09322963 -0.014667345 0.14058822 -0.16074063 0.07042157 -0.05838632 0.0018982482 0.018253779 0.076951504 -0.047795262 0.11081176 -0.029067017 0.122061916 -0.047005586 -0.1627603 -0.05545348 -0.0077863797 0.009218221 0.036331713 0.08498088 0.024082866 -0.008717211 -0.0011462702 0.0106699085 -0.04430512 -0.06916257 -0.04510479 -0.008251704 -0.008147972 0.02773064 0.0069840206 -0.078503326 -0.016794859 -0.06223488 -0.028278975 -0.118725784 0.20772934 0.0751543 0.0748271 0.052811015 -0.009469801 0.011554334 0.008459801 0.090653665 -0.057617605 0.0018997489 0.064035535 -0.09607804 -0.073800445 0.04288788 -0.0305104 0.07365924 0.1248422 0.053544894 0.07901286 0.10571343 -0.059553154 0.020373428 -0.097524084 0.0708437 -0.047622383 -0.0005076931 -0.072454646 0.06597892 0.1983543 0.23600675 0.019743042 0.18177986 0.07672896 -0.1397984 -0.10346153 0.048824362 0.0747331 0.14608277 0.014973757 -0.00449095 -0.02173659
¡¿1 -0.03972278 0.03334094 -0.0017068725 0.031249216 0.016976126 -0.034241337 -0.0050704638 0.043520827 -0.02743993 0.022404527 0.010159585 -0.016991343 -0.02163928 0.0037707733 0.04546323 -0.033234138 -0.02195512 0.024723876 -0.006950441 -0.017186414 -0.0023742693 -0.026658503 -0.014933788 0.014229528 -0.029111492 -0.0016001808 -0.001447777 0.0068751588 -0.0502213 -0.019752504 0.0062512835 0.01653707 0.024061909 -0.006394412 -0.010209925 -0.0057293396 -0.009583505 0.005104504 -0.039123785 -0.043973204 -0.037624225 -0.00047539992 0.015737936 0.014503232 0.018660868 0.006207475 0.02269735 0.0017099115 -0.009502372 0.0058819256 -0.00042667612 -0.013851031 0.0019074965 -0.02067289 -0.010310539 -0.028681675 0.023948535 -0.031755824 -0.02600814 -0.005134855 0.02504288 0.023319962 -0.018073235 -0.02104884 -0.023839952 0.030612966 -0.039682146 0.06272246 -0.0288288 0.0017537832 0.0047565917 -0.0029954226 0.038004052 -0.010528204 0.004939254 0.018550837 0.01310107 -0.052578047 -0.043645516 -0.0048514833 -0.019791264 -0.05591 0.021989 -0.0051349746 -0.008711599 -0.006130827 -0.012852366 0.042420235 0.0140197 -0.028395722 0.010439685 0.012854183 0.035730895 0.019783556 0.052068796 0.0829003 0.00056286977 0.009954214 -0.039583832 0.052838277 -0.03161901 0.014682893 0.007889071 0.01581876 -0.028928343 -0.014891112 -0.031786453 0.029775005 -0.016196992 -0.04031262 -0.024900673 -0.032373767 -0.008393641 -0.012861951 0.006223267 -0.008004694 0.015950684 -0.034472205 -0.013284379 0.0063371565 0.009641439 0.021401573 0.007558747 -0.034708034 -0.009189759 0.03702198 -0.05329311 0.022661217 -0.021830922 0.0048545795 0.008279599 0.023536056 -0.013676 0.032627203 -0.012301662 0.037653964 -0.019294815 -0.04380009 -0.0167078 -0.0005532125 0.0021878954 0.00935302 0.025264146 0.005859463 0.0026404785 -0.00460363 0.0020317216 -0.01506969 -0.019947555 -0.01676767 -0.00223988 -0.0071944077 0.0058469186 -0.0028097094 -0.02302138 -0.009562485 -0.010832935 -0.0014460882 -0.034703705 0.059279274 0.025155233 0.022401879 0.016467275 -0.008033106 -0.00218395 0.005939215 0.029704697 -0.0133996615 0.0010097998 0.01670161 -0.029854963 -0.022359014 0.011606696 -0.010713971 0.02634196 0.035350077 0.01612649 0.02533434 0.027515879 -0.017435916 0.013860486 -0.02389833 0.023107301 -0.013032763 -6.448996e-05 -0.024241911 0.01823718 0.056700274 0.075724736 0.008824638 0.05159752 0.014860077 -0.04276262 -0.03180927 0.016899174 0.025428513 0.045572873 -0.00021745282 0.003548947 -0.0069902465
µØµã£º¾ç³¡»ò¹ã³¡ -0.004081337 0.0043582385 0.0021333832 -0.001335848 -0.0027677016 0.0023719072 -0.0036248737 -0.0031761967 0.00097287056 -0.0020733017 -0.003255261 -0.002142514 -0.002292086 -0.0007613635 0.0046912394 -0.0033333374 -0.0026567501 -0.0022857196 -9.938479e-06 0.0028186543 0.0036233454 0.0016564941 -0.0024595803 -0.001328057 0.00283787 3.024459e-05 0.0034587514 -0.0034535741 0.00472635 -0.0040875436 -0.003448533 0.0021778203 0.0046281232 -0.00055680575 -0.0027745205 -0.004413721 0.0014856928 -0.0028457148 -0.0007541293 0.0030078 -0.00079950393 -0.0034867942 -0.0035113185 -0.0017814231 0.0035557197 -0.004220788 -0.0046906644 -0.0033270614 -0.0037920307 -0.0013579756 -0.0047064736 0.00024481415 -0.001392396 -0.0015392214 -0.0010384315 -0.0039860117 0.00335347 0.0015786326 0.0049010734 -0.0022159403 0.0003763157 0.002564956 0.002251624 -0.00031642974 0.0042703557 -0.0006801295 -0.002175249 -0.0015852958 -0.0021970116 0.004530139 0.004105572 0.0012174398 0.00455734 0.004778657 -0.0026523452 0.0041783755 0.00012334228 0.0019756735 0.00058912276 0.0037889313 0.00404187 -0.004096021 0.0010377562 -0.0049559427 -0.00045770584 0.0046430216 -0.00068527757 0.00065453886 0.0043955427 0.0014994586 0.003039294 0.0011166919 0.002869932 0.004249176 -0.0036983537 0.0033784257 0.002834341 -0.0010899001 0.0014435321 0.001682325 0.0045026094 0.0014499021 -0.0003458643 0.0010155153 -0.0017181415 0.0012406982 -0.0037506234 -0.00011683762 -0.0044014645 -0.004099303 0.0020078272 -0.0010135382 0.0041040573 0.0014095723 -0.0040050857 -0.0043074274 0.0031191623 0.0032908833 0.00022082747 0.0015204925 -0.004726878 0.0015649778 -0.00022060871 6.628513e-05 -0.004158115 -0.003130684 -0.0037608105 0.0044520493 -0.003221147 -0.0027852845 0.0032480138 -0.0016111827 -0.0035533053 0.003148371 0.0010475958 -0.00335429 0.0047282022 -0.0014977432 -0.004453879 0.0046887184 0.0009849448 0.0033508777 -0.002995767 0.0040016393 -0.004931062 0.0035314197 -0.0017727757 -0.0022349786 0.003599658 0.0047253086 -0.0035350048 0.0037809825 0.002560612 0.0006339294 0.0007618535 -0.0019619323 -0.001099081 0.0015853423 0.0015358663 -0.0010718245 -0.0018479287 0.0022855962 0.0015816885 0.0036617124 0.0021722573 0.002771259 -0.0034586107 -0.0039265202 0.0043298877 0.0023590291 -0.0024862217 0.0032781756 0.00297395 -0.0028959399 -0.0043344707 0.0019264698 0.0028643245 -0.0005396897 0.0030115438 -0.0029628295 0.0038939924 -0.0013036549 0.0016052258 -0.002273407 0.0018295491 -0.0028144454 0.0022903865 -0.0007565457 0.0027338916 0.0045769345 -0.00020826161 -0.0044912957 -0.0011293095 -0.002388537 0.004523705 0.0013927174 -0.0038129294 -0.0043096365 0.0041089463 0.004560733
10.17.20.155] -0.04912642 0.040280342 -0.007903843 0.035840224 0.016769031 -0.046712365 -0.0054625208 0.051797535 -0.035930924 0.03858482 0.0066678845 -0.015742488 -0.026095591 0.012457669 0.055988446 -0.041638285 -0.016761092 0.040305857 -0.012602181 -0.031019751 0.0010483597 -0.041643623 -0.017100932 0.020199401 -0.037241463 0.0031660616 -0.009889836 0.010822879 -0.062512495 -0.017737674 0.014495218 0.030125242 0.033018254 -0.00025798235 -0.015695529 -0.0045516063 -0.018386064 0.013586889 -0.06227943 -0.061844673 -0.04505405 0.006220662 0.016723534 0.024609817 0.024727432 0.0015427994 0.03452761 -0.011804712 -0.0037313008 0.008931449 -0.004254706 -0.021060418 0.005424947 -0.03502149 -0.011664777 -0.042359307 0.04346772 -0.03772252 -0.040765464 -0.0029411754 0.03004342 0.03634109 -0.02189335 -0.035609003 -0.040153474 0.031039665 -0.053501002 0.07765885 -0.03567832 0.0039490466 0.0039524096 -0.018490667 0.051603574 -0.020669913 -0.0015716322 0.026830811 0.027017519 -0.059687674 -0.060108043 -0.0078483755 -0.017668981 -0.072697684 0.03596925 -0.0060848864 -0.0042418162 -0.012896649 -0.0036948326 0.06354102 0.011628844 -0.040988427 0.018268608 0.017267251 0.04487312 0.014339057 0.06855409 0.10654043 0.0012283482 0.001601637 -0.055874404 0.072770186 -0.043630566 0.017414965 0.0060813255 0.019685974 -0.042655155 -0.008309176 -0.055219177 0.037555717 -0.0200035 -0.04868111 -0.02560723 -0.03887303 -0.01935312 -0.020987445 0.0034592703 -0.016475476 0.03130079 -0.047931433 -0.017332764 0.0132521335 0.010249877 0.03192537 -0.008562091 -0.03542448 -0.004257746 0.06299717 -0.05876269 0.02930932 -0.021205824 -0.0052654254 0.008260451 0.028243436 -0.015645754 0.042841032 -0.004490777 0.038223468 -0.02292036 -0.060205996 -0.014761936 -0.0020045796 0.0011736739 0.016986595 0.038864475 0.006895323 0.0045662345 -0.00058473815 0.003306088 -0.015453412 -0.027275994 -0.010518392 -0.008563471 0.0011024688 0.011051512 0.0059468285 -0.028086837 -0.01640588 -0.027612943 -0.006511556 -0.04805024 0.080418654 0.03330708 0.034359746 0.013690047 0.0037902663 -0.002333773 0.0037680836 0.044533383 -0.014674795 0.00046012015 0.03030846 -0.031417556 -0.026096487 0.02213706 -0.010324977 0.024655614 0.044589803 0.017568495 0.02930185 0.037721325 -0.021609163 0.0065675173 -0.038501404 0.028291278 -0.017764496 -0.003880904 -0.03336163 0.030042876 0.080927804 0.09026353 0.0134791145 0.08102885 0.027668435 -0.05795344 -0.029872863 0.017814225 0.034735005 0.052772082 0.0020558618 -0.012145966 -0.0013019502
(½­É½Èç»­), -0.109262265 0.088539116 -0.014468726 0.07585333 0.053080987 -0.08987404 -0.010844714 0.120297946 -0.062578686 0.07660576 0.029888088 -0.042483233 -0.065410115 0.027474163 0.13393396 -0.108097404 -0.050523166 0.08468027 -0.042172782 -0.061756525 -0.003679683 -0.09280807 -0.035501443 0.033511043 -0.07954228 0.018185455 -0.015976835 0.034996387 -0.12985413 -0.036591303 0.029676657 0.05306956 0.06774051 -0.009910042 -0.031833615 0.0030463287 -0.03502371 0.02687453 -0.12414463 -0.12620248 -0.1021166 0.0008805576 0.048035987 0.046553478 0.043783307 0.003337098 0.081883684 -0.011303219 -0.008862693 0.022909896 -0.0003668309 -0.050215367 0.017945519 -0.07302728 -0.01793617 -0.08228058 0.080342434 -0.08399363 -0.076259226 -0.0026700092 0.07136674 0.08461956 -0.049212858 -0.0711714 -0.07749915 0.07233792 -0.106659696 0.179605 -0.096702024 0.0064015565 0.016020795 -0.02823708 0.1165912 -0.038376983 0.0056598247 0.06274541 0.04804295 -0.16251843 -0.12603442 -0.01670092 -0.044787366 -0.15171291 0.07719822 -0.011246386 -0.013020902 -0.022203429 -0.028311137 0.1443527 0.029034745 -0.09931968 0.044130024 0.03560214 0.098781735 0.04335765 0.14930436 0.24865378 0.0105762 0.02061025 -0.10882322 0.15558945 -0.10557542 0.039568175 0.002982194 0.043846488 -0.092712946 -0.035066064 -0.104998656 0.084063224 -0.028622203 -0.11231283 -0.0746569 -0.09644121 -0.043285374 -0.056752644 0.005827578 -0.032451138 0.06254883 -0.09476301 -0.028157694 0.023141274 0.027738968 0.08446683 -0.004072376 -0.08395798 -0.01969746 0.124847874 -0.1344094 0.057631318 -0.055835783 0.0011241338 0.0146739865 0.070382684 -0.04110364 0.09284371 -0.022597322 0.11406952 -0.045533594 -0.13767119 -0.04940226 -0.0065577948 0.007084752 0.024587722 0.07220802 0.023141546 -0.0074816197 0.001313229 0.006505261 -0.048178576 -0.060119316 -0.03663847 -0.0070469584 -0.0023618548 0.02139269 0.0065820604 -0.06762974 -0.010026242 -0.045457564 -0.021105548 -0.105395265 0.1800306 0.067986354 0.065947354 0.04092876 0.0001346093 0.0136746345 0.008188526 0.087114766 -0.04736714 0.0017903642 0.053832524 -0.080534905 -0.061143726 0.038647667 -0.023818852 0.071088955 0.11652625 0.03991356 0.07533293 0.09136725 -0.054910712 0.026621593 -0.07779388 0.06976321 -0.038799778 -0.00026703475 -0.063197605 0.0637912 0.17320877 0.20962337 0.019074256 0.16855922 0.060905468 -0.120511375 -0.09320035 0.047245204 0.071011126 0.13289478 0.0026365558 0.00086007506 -0.009374313
New -0.12517755 0.09900675 -0.019621639 0.0994859 0.059634227 -0.107963435 -0.021294063 0.14782223 -0.08297529 0.09483272 0.028044615 -0.051308982 -0.067044504 0.042380415 0.1602884 -0.12789719 -0.067112155 0.09825718 -0.041468978 -0.07221489 -0.0007937808 -0.10720498 -0.041296367 0.04323695 -0.09527814 0.014059083 -0.01812586 0.04498401 -0.15620226 -0.052998073 0.036994055 0.06269521 0.08541137 -0.015432657 -0.033997152 -0.0066672624 -0.04739693 0.022185218 -0.15207909 -0.16055895 -0.1288818 -0.0016122351 0.05761077 0.06425884 0.06537791 0.0055510383 0.09907748 -0.0015008097 -0.019078322 0.022254117 -0.012065338 -0.056742273 0.011560394 -0.083192654 -0.02624313 -0.09996075 0.097985245 -0.1049483 -0.09727903 2.0790923e-05 0.07866447 0.10480176 -0.063208506 -0.088580385 -0.0964049 0.08703832 -0.14120567 0.21920416 -0.106160946 0.009247525 0.01511333 -0.036248483 0.14549749 -0.05409238 0.0042089433 0.07209934 0.056164034 -0.18670039 -0.14861271 -0.016434258 -0.05304852 -0.19315243 0.092826076 -0.008571817 -0.01717086 -0.031861424 -0.025344977 0.16463162 0.038199905 -0.112403065 0.052913584 0.040032674 0.11008008 0.05196316 0.17114243 0.2993594 0.0030224612 0.025434516 -0.13869116 0.19301733 -0.12023839 0.046024125 0.01191819 0.045762207 -0.1142209 -0.036167804 -0.1227331 0.108026214 -0.03332174 -0.13571754 -0.079845995 -0.10885229 -0.049503043 -0.066926956 0.008375691 -0.034013685 0.07808868 -0.12158966 -0.032333776 0.030364212 0.036599472 0.08930909 -0.0009549787 -0.10028061 -0.021816969 0.15915468 -0.17214027 0.07157682 -0.068066575 -0.00070262706 0.017804582 0.08564253 -0.04895137 0.11078361 -0.03153794 0.13146362 -0.05678132 -0.1706558 -0.05959991 -0.0038016248 0.014454494 0.044883102 0.0883438 0.020573325 -0.005751134 -0.004537095 0.009901814 -0.049809653 -0.06421597 -0.045072384 -0.012205033 -0.008753194 0.03287018 0.008340256 -0.078276716 -0.024060085 -0.06546219 -0.025069535 -0.12968743 0.21818908 0.0818692 0.08049669 0.051416636 -0.010025893 0.012434532 0.013563288 0.099163525 -0.058863707 -0.0071406406 0.07127914 -0.09826533 -0.07541435 0.047892764 -0.03341074 0.07512662 0.13361995 0.048509885 0.08588268 0.11368135 -0.058299564 0.026133575 -0.1042989 0.07379041 -0.05182611 0.006744916 -0.08517201 0.07002935 0.20444842 0.2592791 0.0246912 0.20168069 0.07859395 -0.15000632 -0.105868384 0.05633417 0.08549679 0.1568575 0.010955149 0.0013247213 -0.019639436
ÍâÊÂ¼òÑ¶ -0.0013725316 0.0035560417 0.0013064343 -0.0026771289 0.0018852323 -0.0029082103 -0.0022327201 -0.0014368636 -9.288669e-05 0.0035403566 -0.0037347644 -0.0019037366 -0.0021994 -0.004400243 8.9148285e-05 0.0011759519 -0.0037545634 -0.0019300175 0.00062991737 -0.0036814667 -0.001346246 -0.0025366037 -0.00010846257 0.0020026928 0.00170102 -0.0002262646 -0.003150893 -0.004502739 0.00019360066 0.0024288457 -0.0012039125 0.004123792 0.0018726587 0.0025063665 0.0013449973 -0.0016223633 0.0019791091 -0.0040627485 0.0013347262 -0.0011837989 -0.001536752 -0.00039983512 -0.00463537 0.0014901847 0.004938834 0.0021276223 -0.00073081197 0.004762712 0.001336199 -0.0025847561 -0.004468977 0.0049895714 -0.00027187943 -0.0023786419 -0.004320909 -0.0046521295 0.0042394195 0.00043656825 -0.0020183248 -0.0010222727 -0.004089013 -0.00489178 -0.002360689 -0.0022725249 -0.0041365344 -0.0004355818 0.0015699643 -0.004596632 -0.0029787302 0.001200105 0.0016319376 0.0041840016 0.001627754 -0.0016089344 0.0041177846 -0.0006300038 0.0007164043 0.0020664043 0.0015125441 0.004473218 0.0029762357 0.0043944865 0.002777257 0.004806414 -0.0005832601 -0.0025368822 0.002329792 0.0034978956 0.0036551296 -0.0013497055 0.003911516 0.0036413008 -0.0031318592 0.0007799047 0.0023625875 -0.004126713 5.07319e-05 0.001623078 0.004208648 -0.00067942025 0.0039890753 0.0035836322 -0.0016523481 -0.0025939387 0.0040844297 -0.0027232843 0.0020993548 -0.004659878 -0.0036089832 -0.00085643353 0.0045981975 -0.0049355603 -0.002269758 0.0035667343 0.002752126 -0.0029595143 -0.0033862335 -0.0033922482 -3.5408735e-05 0.0027061463 0.0031222017 0.002617342 -0.0047779446 0.0042415173 -0.0034849923 0.0035782724 -0.002806576 -0.00035208822 -0.0013369989 0.0020414935 0.0048053507 0.0019674355 -0.0027948588 0.0025851536 -0.0016699684 0.0012668717 -0.0019037462 -0.0026827639 -0.00068172516 -0.00187316 -0.0018805932 0.0013488668 0.0010805422 -0.0047328905 0.0003695935 0.0012918126 -0.0008873051 0.0019865625 -0.0024449844 -0.0005158162 0.0048936503 -0.0025715297 0.002142046 0.0014763367 -0.0020773942 0.002387178 0.0040486874 0.001061042 0.0027585733 -0.0020090563 -0.0013346303 -0.0020163888 0.0018076331 -0.004899391 -0.00017230034 0.0016606528 -0.0018697547 0.00017036378 0.004486846 0.0038214158 0.0026927495 -0.003527866 -0.004351811 0.0014170993 0.0018211126 0.002551843 -0.002340603 -0.004793362 -0.0015543682 -0.0016332299 0.0009404242 -0.0018074238 0.0047051394 0.00077908277 -0.0030202603 0.0016380596 -0.001418134 7.5570344e-05 0.0044519887 -0.0008666313 -0.0033381057 0.0037499387 -0.0022992129 -0.0036925937 -0.00072191656 0.0015543854 -0.0029694564 -0.0011099059 -0.0018325072 -0.0005192602
Ëù·¢±í -0.09424755 0.07542814 -0.016233807 0.06512771 0.039729297 -0.07542942 -0.008102013 0.09965564 -0.055496953 0.070493884 0.023216441 -0.033525612 -0.05411633 0.025887653 0.11039234 -0.08460536 -0.041835904 0.064605206 -0.033620704 -0.053348318 0.003800767 -0.07486332 -0.02836393 0.024458103 -0.064359024 0.013326605 -0.009783922 0.030198483 -0.11208772 -0.035755888 0.023667758 0.046166144 0.065284446 -0.008346398 -0.023623621 -0.0072957315 -0.032496307 0.013093109 -0.103290275 -0.11552399 -0.08538204 0.005469956 0.041104503 0.037294704 0.044178307 0.007402146 0.06522477 0.0019576598 -0.006774841 0.019623691 -0.014207382 -0.038784407 0.009412943 -0.06031142 -0.014331904 -0.07409263 0.077577546 -0.07061778 -0.06052599 -0.0037222204 0.060205594 0.07017384 -0.046687383 -0.05708969 -0.073731996 0.06564323 -0.09549305 0.1539873 -0.07605704 0.012472245 0.008752633 -0.021656755 0.105807446 -0.030636907 0.008015713 0.05519882 0.04584452 -0.12928315 -0.109226234 -0.011198517 -0.03737907 -0.13687162 0.06914376 -0.010932505 -0.012020838 -0.023623975 -0.01696428 0.11297336 0.027006742 -0.082777776 0.03265715 0.027290622 0.0832398 0.035402678 0.12929901 0.21309076 0.001595411 0.02023012 -0.0987207 0.13710089 -0.087031305 0.029925099 0.0012997555 0.03362571 -0.0746998 -0.03203967 -0.08871333 0.081826046 -0.023781788 -0.09889395 -0.05323742 -0.081532575 -0.03615716 -0.047756534 0.005660037 -0.02076159 0.046643667 -0.08399201 -0.023206456 0.016190678 0.023047138 0.06681641 -0.00488021 -0.07559834 -0.0135473795 0.1082122 -0.11964585 0.055196814 -0.046443287 -0.0021724065 0.016189575 0.05833068 -0.030038795 0.082722805 -0.017986588 0.08551544 -0.042698063 -0.1159077 -0.038377292 -0.0068524927 0.004911604 0.033755668 0.05685626 0.017999023 -0.0074703568 -0.004174683 0.003197997 -0.0380575 -0.0439787 -0.034075633 -0.008374252 -0.0044281976 0.020902894 0.010512459 -0.05225646 -0.012220914 -0.042269867 -0.022653941 -0.08491118 0.14683731 0.055934284 0.053363655 0.03548666 -0.00458733 0.0016256818 0.0107362475 0.06823896 -0.045878492 0.003130194 0.049649555 -0.07572765 -0.057336476 0.036517184 -0.02315937 0.049852654 0.09582695 0.039691467 0.062145088 0.08660722 -0.045431808 0.0118062 -0.07112124 0.050035335 -0.03239976 0.0027596497 -0.057582475 0.054776024 0.14464153 0.180265 0.014746103 0.13464038 0.057161182 -0.110531926 -0.07215978 0.041107386 0.053833466 0.104392186 0.0033448094 -0.00424857 -0.019642109
Ô­ÎÄÓÉ -0.07624963 0.065924 -0.015875133 0.06479989 0.032494154 -0.066651165 -0.008731967 0.08275608 -0.05133474 0.06301156 0.017841468 -0.03337404 -0.046702202 0.02664371 0.09377293 -0.0735446 -0.033362202 0.05511352 -0.022736344 -0.03822207 -0.0027211139 -0.06819358 -0.018970048 0.020894196 -0.05346571 0.0063314443 -0.015599437 0.020528702 -0.10164437 -0.02708064 0.025583398 0.03515692 0.057332564 -0.009375011 -0.021795122 -0.004108566 -0.027589535 0.01687628 -0.092032515 -0.10227767 -0.07440463 0.0045851576 0.04281452 0.03981599 0.04342805 -0.00021390412 0.05421328 -0.0040626377 -0.012085608 0.020010473 -0.0052126576 -0.029133284 0.0029893988 -0.051524404 -0.018246163 -0.059078068 0.063640974 -0.06796971 -0.053920265 0.005253205 0.046101067 0.06624197 -0.037295993 -0.051185604 -0.054828707 0.054790705 -0.08515483 0.1332798 -0.06309932 0.0024824105 0.009133055 -0.02133162 0.09240976 -0.033395544 0.005377998 0.043383483 0.035783168 -0.11980632 -0.09502518 -0.012418425 -0.030628042 -0.11266511 0.05088366 -0.0032204022 -0.009402708 -0.019133214 -0.019272286 0.10146414 0.014996764 -0.068358906 0.026984286 0.019439757 0.07100855 0.036695853 0.108697765 0.18745716 0.0052990173 0.015230524 -0.08652092 0.11832214 -0.075065926 0.028462877 0.007779343 0.028245691 -0.06683767 -0.028496753 -0.07946059 0.072014056 -0.021637833 -0.0792916 -0.050512303 -0.06466439 -0.023526894 -0.036033366 0.011299213 -0.020040222 0.041367173 -0.068671085 -0.019977055 0.013437895 0.021719612 0.04939429 0.003402551 -0.066656984 -0.01318755 0.09410817 -0.09998181 0.041810874 -0.04453117 0.0021458236 0.0113449525 0.048725177 -0.027023725 0.06565063 -0.014672131 0.07988905 -0.034558672 -0.10733661 -0.040150505 -0.0008540235 0.007779965 0.02946658 0.052339975 0.018099295 -0.0066700876 -0.007079771 0.008400149 -0.029313732 -0.044647858 -0.028206617 -0.01026109 -0.0033518209 0.01775518 0.00982929 -0.04461191 -0.010533694 -0.040566273 -0.01762425 -0.072807446 0.13044663 0.05064517 0.049941465 0.028692039 -0.006455322 0.00226792 0.009918395 0.062305592 -0.039732352 -0.00042808705 0.043353308 -0.05795992 -0.052076444 0.029148566 -0.021778516 0.050917875 0.08414881 0.02880241 0.047442097 0.074247286 -0.04067201 0.0106140515 -0.060267635 0.043149803 -0.0305336 0.000319306 -0.0517744 0.04559663 0.12151288 0.15026172 0.013710665 0.117834225 0.042380136 -0.097059816 -0.064565025 0.03223502 0.04785215 0.0928024 0.007841823 -0.0063193482 -0.012814687
ÒÔÏÂÎÄ×Ö×ªÔØ×Ô -0.073510304 0.057512432 -0.017184569 0.05623597 0.036981374 -0.071891025 -0.009747687 0.08255846 -0.055312347 0.059604414 0.014250289 -0.029601166 -0.049853206 0.022616824 0.09427634 -0.081704564 -0.0400732 0.05234191 -0.025971599 -0.038938276 -0.0033690939 -0.06651255 -0.020750428 0.01962544 -0.055089787 0.0053983093 -0.011604954 0.024382003 -0.09988991 -0.03412441 0.026552469 0.040056206 0.05200175 -0.011714081 -0.025389988 -0.0038399482 -0.030317208 0.017221238 -0.08621299 -0.09709503 -0.0783185 0.0061505353 0.03959302 0.034379475 0.042229027 0.0071142525 0.05549106 0.0037198318 -0.0066900817 0.019647377 -0.0036754797 -0.031326782 0.0045075724 -0.057211228 -0.01943268 -0.062184077 0.065119624 -0.06657138 -0.05887318 0.005529285 0.04987615 0.060582317 -0.04120947 -0.0559021 -0.06237124 0.053118072 -0.08518074 0.13917337 -0.06627961 0.009307823 0.0145233795 -0.016088981 0.08742666 -0.03249797 0.008368039 0.044279743 0.03527592 -0.118284166 -0.092952274 -0.0067662224 -0.029240843 -0.112447925 0.059262495 -0.0099710785 -0.009877877 -0.026420364 -0.017123174 0.102444366 0.019300114 -0.06713769 0.028590042 0.026508033 0.06885827 0.030021932 0.10812033 0.17844369 0.00036704124 0.016751247 -0.081169255 0.11586433 -0.073406 0.031641915 0.0021243822 0.020699853 -0.06653101 -0.027565168 -0.07140124 0.06341137 -0.02269091 -0.08394753 -0.050120424 -0.0664215 -0.026926318 -0.033020277 0.0016273577 -0.016371654 0.040059254 -0.06867422 -0.021761244 0.022771843 0.024416327 0.056848645 0.00034986457 -0.060630824 -0.01156769 0.08608276 -0.10695334 0.043491628 -0.0410754 0.0005106005 0.015754804 0.053281512 -0.025251267 0.066042125 -0.014950957 0.07568617 -0.036273126 -0.104409 -0.036704816 0.00070831866 0.0019948839 0.031435963 0.04724623 0.016750848 -0.0069718817 -0.00187964 0.0014219673 -0.033444952 -0.04029847 -0.023553278 -0.001187184 -0.008155902 0.020251594 0.005300222 -0.05145639 -0.01161863 -0.036926374 -0.020254066 -0.07490373 0.12712581 0.050423857 0.047388136 0.03670184 -0.00053896446 0.00085453555 0.00422948 0.05976383 -0.033689015 0.001139858 0.04577056 -0.0577951 -0.049728803 0.03735548 -0.024787521 0.042527862 0.08599296 0.027841317 0.04815385 0.07256858 -0.037175868 0.018752504 -0.061573952 0.046975695 -0.024503576 0.00804952 -0.05000156 0.04293985 0.12325939 0.15732989 0.019813607 0.11694727 0.044685986 -0.094439924 -0.063691795 0.038944244 0.0453007 0.09439988 0.0048346315 -0.001653697 -0.015957404
¼Ü -0.12329242 0.10076524 -0.019189086 0.09137946 0.049002852 -0.10471996 -0.012278568 0.13559054 -0.0834324 0.10198126 0.032913804 -0.043526668 -0.07306703 0.04168213 0.1642178 -0.12809195 -0.06341059 0.09209683 -0.036280263 -0.06932123 0.00040878105 -0.10454146 -0.03376901 0.044462163 -0.094841056 0.01881304 -0.020903645 0.044704974 -0.15510087 -0.048693918 0.039359976 0.061953742 0.082650095 -0.022669267 -0.03492223 -0.0011719067 -0.050175156 0.028851684 -0.15047707 -0.15907921 -0.12933938 0.0007966432 0.057801437 0.058133356 0.06328516 0.0053108856 0.09353827 0.001344185 -0.013137822 0.024496887 -0.01581969 -0.049660824 0.009416071 -0.085214265 -0.02073135 -0.09742269 0.10223054 -0.1001404 -0.09418843 0.0036270602 0.08438171 0.100525536 -0.0625616 -0.07971132 -0.09901203 0.07930458 -0.13417375 0.2162875 -0.10384435 0.013103254 0.018669879 -0.038223512 0.14697197 -0.056216124 0.0054571535 0.07157031 0.06114025 -0.17873524 -0.14361078 -0.0115017295 -0.049577713 -0.18497647 0.09055109 -0.015148303 -0.014326998 -0.03800819 -0.031139039 0.16303264 0.037963677 -0.115093865 0.047498513 0.04024512 0.111030385 0.050663423 0.16672355 0.294503 0.009373398 0.024939584 -0.13978228 0.18422678 -0.124033384 0.0469011 0.005257502 0.04273558 -0.11164914 -0.02874362 -0.12849784 0.10754036 -0.03314969 -0.1308086 -0.08345631 -0.107982084 -0.045281887 -0.056518964 0.0075411675 -0.032777593 0.068326436 -0.11928786 -0.03665861 0.029584149 0.03459014 0.08150206 -0.002322337 -0.10478265 -0.016892565 0.15403976 -0.16666263 0.071876496 -0.065474555 -0.0037625197 0.022546906 0.08026957 -0.045115396 0.116160765 -0.031347387 0.12825823 -0.04966335 -0.16993628 -0.056091484 -0.008892821 0.011837578 0.03887592 0.08455246 0.02584911 -0.007893077 -0.0020328728 0.001642739 -0.050470136 -0.063846 -0.047344435 -0.012592326 -0.0041481955 0.028934538 0.00893652 -0.08291373 -0.021945747 -0.067290775 -0.024592126 -0.12973584 0.21308854 0.077063136 0.07602825 0.044941973 -0.0044994145 0.0141913975 0.01163599 0.09760692 -0.054349676 0.0013284655 0.06465615 -0.10164801 -0.078072384 0.05029964 -0.038454164 0.07274018 0.13546892 0.05221965 0.08136958 0.11080384 -0.06619108 0.024476053 -0.098983005 0.07731418 -0.044998884 0.0048166853 -0.07800776 0.07829507 0.19918582 0.2502297 0.024886198 0.19281034 0.07269358 -0.14806707 -0.10757583 0.056486163 0.08102965 0.1492164 0.008221526 -0.0034460886 -0.022143507
¶ø -0.13022882 0.10605126 -0.021787444 0.09937168 0.050350986 -0.11138865 -0.019626243 0.14981483 -0.08994291 0.10908927 0.033621207 -0.047328096 -0.06911924 0.03512044 0.1664627 -0.1355097 -0.064624324 0.10138808 -0.040187772 -0.06882296 -0.0039501362 -0.11315782 -0.037553143 0.03934992 -0.10575727 0.013971127 -0.019796558 0.045218028 -0.16775651 -0.04688255 0.034527242 0.067453496 0.094903246 -0.023918793 -0.03554668 -0.003087658 -0.048501376 0.027552 -0.15542093 -0.16063271 -0.13299331 0.002998071 0.066403374 0.06715875 0.068482816 0.003461797 0.10756294 -0.0058177244 -0.020066112 0.024889339 -0.014845697 -0.056875825 0.0130443685 -0.091420226 -0.020682335 -0.10451212 0.10149209 -0.10632461 -0.09873686 -0.0028934635 0.08995496 0.1124495 -0.06844705 -0.087503314 -0.102505326 0.092497654 -0.14027461 0.22609869 -0.1135483 0.012522907 0.01638324 -0.033019282 0.14668839 -0.05128674 0.0005165605 0.07112823 0.06490217 -0.189334 -0.1560351 -0.013123295 -0.0499721 -0.19588584 0.10409241 -0.012770923 -0.023896182 -0.038343698 -0.033378266 0.17337473 0.037437417 -0.11417284 0.045854196 0.0332611 0.121350795 0.05451338 0.18113321 0.31036866 0.001846989 0.029649517 -0.14422859 0.19302817 -0.12468157 0.043072168 0.0031117972 0.043885905 -0.117327146 -0.037062336 -0.12883484 0.11512376 -0.041694216 -0.13522495 -0.079128504 -0.11947209 -0.04239968 -0.06807939 0.009840561 -0.04167897 0.074900426 -0.12363191 -0.03867755 0.035606824 0.04041052 0.09290953 -0.0069527174 -0.105948724 -0.022103066 0.16297698 -0.17201096 0.08330772 -0.07081654 0.0024990633 0.019322276 0.079387926 -0.046026252 0.12379152 -0.037152663 0.12824573 -0.060477946 -0.1804728 -0.05409437 -0.0033622235 0.0111911455 0.045379017 0.08881666 0.023225797 -0.006506956 -0.0060705678 0.0095132245 -0.051651947 -0.068884544 -0.0497223 -0.015423701 -0.008459119 0.03069971 0.011600022 -0.08572349 -0.022335136 -0.07094802 -0.033070285 -0.1376997 0.2276432 0.07887742 0.08287469 0.052551705 -0.010000645 0.012835462 0.012650805 0.09835456 -0.056794148 0.0018311694 0.06564957 -0.09879999 -0.08046232 0.04730064 -0.031418193 0.08032401 0.1473727 0.053856064 0.08220819 0.12252405 -0.061895262 0.03109605 -0.10590596 0.07940398 -0.04592733 0.005512264 -0.08279585 0.0773905 0.21888453 0.25819054 0.029288616 0.20206478 0.07358954 -0.15283813 -0.115487486 0.06113685 0.08800983 0.16223222 0.013677822 -0.0041649896 -0.017006055
¼ý -0.16653383 0.13337117 -0.028717685 0.12528518 0.064115375 -0.13329293 -0.02418549 0.17739947 -0.10919664 0.12950683 0.04102122 -0.06214381 -0.08490936 0.048515506 0.20864856 -0.16346976 -0.084014356 0.12529203 -0.057767063 -0.0820975 0.0024161907 -0.13435344 -0.045949765 0.055397116 -0.11871799 0.017045848 -0.023053328 0.052104585 -0.19578698 -0.06534475 0.05070522 0.07910188 0.11142077 -0.027075008 -0.04740808 -0.0076550134 -0.054280773 0.03622722 -0.18615733 -0.19233832 -0.15768348 0.0065417797 0.075863466 0.0745888 0.079147875 0.00958431 0.12568825 -0.004025982 -0.020063864 0.032374788 -0.015065577 -0.0645268 0.017924137 -0.10639417 -0.027990693 -0.119625285 0.121034876 -0.124572985 -0.11017165 -0.0032721595 0.103180654 0.12952034 -0.07769328 -0.110970594 -0.11743567 0.10503622 -0.16783644 0.26714015 -0.13198708 0.012494837 0.02018874 -0.041950963 0.17598361 -0.069710605 0.0014648774 0.08600733 0.07931082 -0.23575744 -0.18700883 -0.014860588 -0.062368084 -0.238176 0.1216731 -0.021726254 -0.026042627 -0.048477236 -0.038571782 0.20566082 0.045197316 -0.13935149 0.065875314 0.04200211 0.14300533 0.057480935 0.22079238 0.37492138 0.008685943 0.027752047 -0.17432548 0.23160027 -0.15189728 0.060722135 0.0027259192 0.05639962 -0.13828042 -0.045777407 -0.16025904 0.13598153 -0.042447757 -0.16906175 -0.097252056 -0.13892387 -0.051293314 -0.07994657 0.00791041 -0.043474898 0.09319938 -0.1515827 -0.050367095 0.041468997 0.04242608 0.10700823 -0.003417666 -0.12716448 -0.021143995 0.18730603 -0.21494 0.09436559 -0.08755501 0.0066812295 0.01616356 0.09899534 -0.05584916 0.14205952 -0.042893637 0.15834156 -0.070523545 -0.21292661 -0.06874745 -0.004738597 0.011548237 0.05920707 0.10347672 0.03263839 -0.004136845 -0.01064902 0.004503099 -0.061737105 -0.0911631 -0.05934103 -0.01529125 -0.008299787 0.03545458 0.013091255 -0.094977975 -0.022771986 -0.07741426 -0.032166187 -0.15594903 0.27056417 0.094378605 0.093464136 0.068216756 -0.0115234135 0.0077968175 0.019465327 0.12243463 -0.0698096 0.0016274857 0.08499425 -0.12842125 -0.090094455 0.058277495 -0.04074966 0.09071766 0.16890033 0.062097628 0.10653159 0.14911278 -0.07611074 0.031913884 -0.12849636 0.09754461 -0.05864093 -0.0009413363 -0.10506679 0.096111916 0.256573 0.3102175 0.028838722 0.24686658 0.09660127 -0.19459109 -0.13926418 0.07189645 0.10205922 0.18789722 0.012125628 -0.006140094 -0.030129058
²¢ -0.11440813 0.08796295 -0.016148003 0.08592942 0.043403655 -0.093432605 -0.018871034 0.11716712 -0.07029512 0.08945281 0.023253517 -0.045668717 -0.058062375 0.03284992 0.13989538 -0.10995182 -0.05458393 0.08000505 -0.03282298 -0.061097853 -0.004732261 -0.08839007 -0.03126632 0.03534266 -0.08501801 0.009559854 -0.01797984 0.039069254 -0.1330437 -0.040105294 0.026234776 0.056834042 0.076491416 -0.01713732 -0.026551563 -0.0031125033 -0.04141941 0.030659508 -0.13131195 -0.13594966 -0.10695785 0.0035017626 0.04821857 0.05571221 0.054670602 0.005265081 0.08959541 -0.0038287232 -0.016631816 0.017682832 -0.009274132 -0.04667958 0.015152884 -0.073098116 -0.014931941 -0.086640194 0.08264181 -0.083092995 -0.076060146 0.0021497132 0.0729217 0.08862043 -0.054893736 -0.07655776 -0.0835148 0.070817046 -0.11122654 0.18862644 -0.0919086 0.01688143 0.015991272 -0.030253926 0.118578896 -0.045205608 0.0072436654 0.062127955 0.05209067 -0.1604132 -0.12874515 -0.010271749 -0.047396995 -0.16099095 0.0856731 -0.015330666 -0.02076673 -0.03454737 -0.023799373 0.14536613 0.03477419 -0.09558552 0.037081666 0.036055204 0.10195775 0.043706708 0.15135139 0.25349826 0.008454798 0.024649832 -0.123184435 0.15659358 -0.10803227 0.03941317 0.0043295464 0.035890296 -0.09071212 -0.030000431 -0.109972775 0.08843563 -0.02781022 -0.11704344 -0.06417198 -0.10098713 -0.035860375 -0.053356614 0.0016016107 -0.03280499 0.06585437 -0.10416676 -0.034905765 0.025528949 0.028930806 0.077698514 -0.0021392924 -0.08166856 -0.019006463 0.12782273 -0.14523292 0.067246884 -0.058566444 -0.00173526 0.013445309 0.06692726 -0.04015952 0.10208148 -0.026743282 0.11266019 -0.04917822 -0.14091384 -0.051548235 -0.008580166 0.010209841 0.039983243 0.07415215 0.02231886 -0.0025360475 -0.004878965 0.0022599115 -0.043929305 -0.0612698 -0.042972635 -0.016759958 -0.00579246 0.023508895 0.009046197 -0.07060166 -0.02212609 -0.058222126 -0.021650909 -0.10713772 0.18292716 0.06991308 0.0651237 0.048870124 -0.0025144035 0.008612374 0.016900398 0.08480935 -0.05163815 0.00410954 0.05805111 -0.08581309 -0.0568825 0.038977504 -0.030689051 0.06627731 0.11742062 0.045091823 0.07314938 0.10398173 -0.057235904 0.024399336 -0.0842666 0.065758005 -0.04100227 -0.0017692054 -0.07569478 0.0621823 0.17658271 0.21116284 0.02324765 0.17318574 0.065747686 -0.1317742 -0.094716586 0.047951806 0.07318989 0.13086843 0.013057424 -0.004508802 -0.014569403
Í¬ -0.16571584 0.13370037 -0.026792197 0.13147098 0.07341263 -0.13933325 -0.027310826 0.18748598 -0.11668265 0.13123265 0.03864979 -0.060142662 -0.09350107 0.046353817 0.21113482 -0.16210075 -0.087551065 0.124735914 -0.05169042 -0.09451174 -0.0030240975 -0.1421852 -0.054732773 0.055141885 -0.13106163 0.020929065 -0.02378327 0.05823216 -0.20377925 -0.06392603 0.04871762 0.08611839 0.111570604 -0.024507582 -0.051464695 -0.0021934074 -0.059198327 0.03855473 -0.19370335 -0.20341748 -0.17066453 0.0025288847 0.08542366 0.078041136 0.08148077 0.010947502 0.13253452 -0.0055716564 -0.025616502 0.033138495 -0.021778604 -0.07250822 0.020476611 -0.11385673 -0.027274704 -0.12489128 0.1306511 -0.13926877 -0.11986374 0.0009489308 0.11323983 0.13170758 -0.07891856 -0.11012895 -0.12363711 0.108906224 -0.17518143 0.28545398 -0.1381221 0.0131372325 0.024850382 -0.041973256 0.19386195 -0.06899768 0.01083106 0.09146381 0.08092879 -0.24264476 -0.19918159 -0.012630755 -0.07006365 -0.24591175 0.12198366 -0.021564057 -0.027785338 -0.04469379 -0.0441065 0.21663608 0.047603004 -0.14992537 0.06753092 0.052691907 0.15388161 0.06235527 0.22910142 0.38783434 0.0072968635 0.03409616 -0.18204756 0.24204192 -0.15757003 0.05931201 0.0051799314 0.055598922 -0.15131451 -0.048417367 -0.16190907 0.14545755 -0.04912137 -0.17208363 -0.10193313 -0.15117672 -0.056697246 -0.07573539 0.005277406 -0.0443748 0.096833654 -0.15700895 -0.050228003 0.038821932 0.04680207 0.11755658 -0.0052238437 -0.13299605 -0.02454695 0.20515849 -0.21733882 0.093913235 -0.09307329 0.0032571857 0.02592773 0.10096117 -0.06352523 0.15354075 -0.04598524 0.16934761 -0.07132623 -0.224142 -0.08041178 -0.012973253 0.020537868 0.06282805 0.112556264 0.03338666 -0.0028307766 -0.009226404 0.007270961 -0.06779542 -0.0914362 -0.055633858 -0.016440812 -0.010307276 0.03225882 0.011986067 -0.10274551 -0.02423601 -0.08771108 -0.03625492 -0.16820596 0.2768672 0.10354843 0.10371545 0.07111305 -0.013033779 0.015050019 0.015696803 0.12765063 -0.07232106 -0.0018886133 0.08081155 -0.12724131 -0.09615572 0.06400929 -0.04446372 0.09998117 0.18444508 0.06490552 0.1094704 0.15131508 -0.08100578 0.033226546 -0.12606555 0.104555756 -0.059301086 0.0025118385 -0.105854996 0.09515123 0.27167204 0.33347595 0.037097696 0.25618443 0.10272506 -0.19364294 -0.14419176 0.07209459 0.10823388 0.20032685 0.018217705 0.002638061 -0.024274424
Õû -0.097965695 0.08032434 -0.011891819 0.07590011 0.037731893 -0.077196635 -0.012161708 0.11062138 -0.067235924 0.08024664 0.023332221 -0.039622772 -0.056123774 0.029986631 0.12694338 -0.09316434 -0.046804387 0.06934157 -0.035290755 -0.05103018 0.001709174 -0.08032455 -0.025854195 0.030466372 -0.07811578 0.009129719 -0.017672911 0.033715755 -0.11461013 -0.04054562 0.023701308 0.04973664 0.064019606 -0.009411167 -0.031044988 -0.0046873437 -0.04104532 0.01971417 -0.11608512 -0.124987096 -0.09809138 0.004588877 0.050518796 0.04840724 0.050433286 0.0076122354 0.0812128 -6.7930814e-05 -0.014494797 0.01734484 -0.013091906 -0.039866153 0.012979605 -0.065622404 -0.015070387 -0.07092156 0.07371319 -0.0796633 -0.06564453 -0.0050568986 0.06757955 0.0773607 -0.052650027 -0.063221395 -0.07722942 0.06367746 -0.10050476 0.16543053 -0.08672943 0.010748515 0.015274235 -0.029502096 0.11368688 -0.042381268 0.0016231991 0.055149876 0.043798428 -0.1437043 -0.11351255 -0.009616824 -0.039116494 -0.1485949 0.07217619 -0.011758721 -0.010436899 -0.024541803 -0.023845982 0.1334913 0.03112849 -0.08833427 0.03202884 0.0263126 0.08300891 0.036044877 0.12826148 0.2318924 0.0034997573 0.021021383 -0.10621828 0.14403203 -0.0902747 0.032041345 0.0028440915 0.038364146 -0.08597351 -0.028658811 -0.09888416 0.08506048 -0.0322962 -0.1040263 -0.059442375 -0.08421931 -0.036751974 -0.04839273 0.0025192855 -0.022042414 0.059541866 -0.09359367 -0.02468978 0.02229652 0.025209036 0.06293309 -0.008327012 -0.07538936 -0.011603018 0.12310717 -0.12655707 0.061741542 -0.051136177 0.0032243298 0.009825581 0.056017157 -0.03205026 0.09292709 -0.019463973 0.095970795 -0.03770957 -0.12843597 -0.044443883 0.00040330182 0.007222689 0.03746874 0.06375211 0.012433667 -0.002954321 -0.0074932384 0.0020129308 -0.036107395 -0.055030376 -0.035876695 -0.01428525 -0.008368959 0.021858402 0.009486936 -0.05899511 -0.0156395 -0.054281693 -0.0223114 -0.09981506 0.16555847 0.05654998 0.0576054 0.035670687 -0.0027685976 0.011597357 0.007123978 0.06802428 -0.040526852 0.00093708636 0.046859894 -0.07573036 -0.05587787 0.04080807 -0.020875199 0.055821188 0.10467122 0.04232234 0.059873387 0.08851108 -0.051990774 0.017609593 -0.07340274 0.06539365 -0.03995322 0.0026687875 -0.063487925 0.062503874 0.16112362 0.193868 0.014015925 0.1534627 0.058611445 -0.11906184 -0.07973394 0.045132935 0.06344306 0.11911897 0.009817839 -0.0041340487 -0.020127552
£¨ -0.099087894 0.07658778 -0.01448806 0.07362338 0.035083596 -0.08602062 -0.014185266 0.10618546 -0.07011443 0.07971438 0.025992675 -0.03099789 -0.05278548 0.02371788 0.1221641 -0.09244603 -0.05133256 0.0710028 -0.030429037 -0.04712061 0.00037521968 -0.07825913 -0.031485934 0.03566853 -0.07812714 0.01523112 -0.018839333 0.02939184 -0.11924811 -0.037212543 0.030966334 0.047743496 0.06585976 -0.012708231 -0.028147222 0.0005173768 -0.035524797 0.023856608 -0.11656273 -0.11874419 -0.09810039 0.004009626 0.04486332 0.04899465 0.04351761 0.0060564387 0.08060475 -0.0014548142 -0.015777463 0.01789115 -0.0064345887 -0.04478832 0.0069716247 -0.06786146 -0.017849628 -0.068815865 0.07483931 -0.0797975 -0.071869485 0.0001875036 0.0612259 0.07799939 -0.050345007 -0.06469666 -0.07411707 0.06608954 -0.10008291 0.1659272 -0.07992262 0.013218926 0.01566886 -0.023045894 0.10932185 -0.04402738 0.0041952776 0.05602011 0.045094945 -0.14445388 -0.113402 -0.010700799 -0.042712823 -0.14420447 0.06753143 -0.0067015546 -0.011245347 -0.023533097 -0.024769822 0.12982091 0.031122608 -0.08540228 0.03800105 0.025455287 0.0898707 0.04097033 0.12944119 0.23191209 0.0041301656 0.0150749525 -0.10325715 0.1415646 -0.094824634 0.03428608 0.008815942 0.03648135 -0.08434874 -0.02620185 -0.09585694 0.078569666 -0.03087875 -0.09828223 -0.0563358 -0.08598186 -0.03765596 -0.044490617 0.0044605853 -0.028084137 0.058743875 -0.09283804 -0.02560163 0.021652829 0.02715904 0.06669113 -0.0075162696 -0.077538475 -0.01852879 0.11608102 -0.13177674 0.055377804 -0.054104213 0.002090587 0.017152641 0.059697907 -0.04072346 0.082533665 -0.028644668 0.092909925 -0.04029716 -0.13007686 -0.046076924 -0.008314132 0.0076659713 0.03133062 0.06981669 0.020885376 -0.0037487384 -0.007144358 0.007424575 -0.041189756 -0.048331957 -0.033923406 -0.014620785 -0.007484434 0.018075796 0.010882494 -0.05782267 -0.013255476 -0.044881985 -0.021981305 -0.09250352 0.15982935 0.060703546 0.054016843 0.036030006 -0.007837009 0.0040208437 0.013509646 0.077023536 -0.039753128 0.0028310523 0.051964466 -0.07511459 -0.051056758 0.040384773 -0.026956413 0.051503487 0.10317857 0.038507152 0.06700913 0.089271 -0.044720348 0.023856673 -0.073850125 0.05912191 -0.032504473 0.0073090447 -0.06447471 0.057695072 0.15757951 0.18744831 0.020148339 0.15209313 0.053729802 -0.11217101 -0.084514596 0.0456157 0.058880717 0.112211965 0.0058896015 -0.0021879529 -0.019445973
¶¯ -0.1571107 0.12789454 -0.023765365 0.12465566 0.060362536 -0.13879023 -0.020541174 0.17641862 -0.11000677 0.12699164 0.036800686 -0.05795967 -0.08711569 0.04937215 0.20262237 -0.15514913 -0.07663336 0.115974836 -0.052469864 -0.081991255 -0.0016705135 -0.13050817 -0.04390229 0.053038325 -0.12214205 0.02061401 -0.027309122 0.054600243 -0.19215667 -0.06178547 0.04913195 0.07506173 0.10452907 -0.023124436 -0.042550795 -0.0033423912 -0.056597102 0.038519334 -0.18897259 -0.19765599 -0.15974972 0.0017033804 0.07595772 0.074400745 0.07592305 0.013205539 0.1263455 -0.0029723274 -0.020903258 0.025944 -0.021453124 -0.06615177 0.019347018 -0.105111375 -0.026412863 -0.122428924 0.12294081 -0.12548894 -0.110172994 -0.0015818935 0.10490104 0.13061522 -0.07640073 -0.10411515 -0.12058335 0.108413585 -0.16651219 0.2718992 -0.13643007 0.015245721 0.022472858 -0.048227046 0.17674114 -0.060841497 0.0076441686 0.09379686 0.07034453 -0.2264554 -0.18456298 -0.011072957 -0.061963968 -0.2279481 0.11484013 -0.015148576 -0.022927107 -0.043705333 -0.03871405 0.20379552 0.048328094 -0.137311 0.06375183 0.042666286 0.14155966 0.057886053 0.21094388 0.37158063 0.005655966 0.025197312 -0.1739627 0.23069991 -0.15535675 0.060810965 0.003427478 0.056785636 -0.14241634 -0.041247234 -0.1569562 0.13464151 -0.048232168 -0.1637793 -0.10305818 -0.13577397 -0.052441776 -0.07747908 0.0062993965 -0.040235482 0.09444958 -0.14202425 -0.044911254 0.042689063 0.04467534 0.10680052 -0.001652943 -0.12652624 -0.028031094 0.19093084 -0.21127574 0.086344376 -0.08029774 0.0014040233 0.017881157 0.098680526 -0.06250713 0.14592233 -0.036053263 0.15803082 -0.066803426 -0.20440438 -0.07358036 -0.010896031 0.014344447 0.056026272 0.10393171 0.031765193 0.0004931796 -0.011579183 0.004613679 -0.06354719 -0.08864768 -0.056263722 -0.016755551 -0.009023066 0.03733555 0.013642366 -0.09953009 -0.03002189 -0.08187209 -0.03081656 -0.15734735 0.26851967 0.0900454 0.09397471 0.06552934 -0.009835083 0.012492435 0.017657747 0.124306604 -0.067627154 -0.00050110335 0.07972802 -0.12714052 -0.08816852 0.06632267 -0.042036384 0.08638844 0.1678738 0.06872151 0.10597691 0.14428194 -0.07380356 0.032956656 -0.117266804 0.10010941 -0.056182973 0.0012779845 -0.099534884 0.094034106 0.2555191 0.31417665 0.03557594 0.24304302 0.091145545 -0.18113624 -0.12871148 0.07252349 0.106298335 0.18949558 0.017852282 -0.0049715666 -0.025698833
£¨±¾±¨¼ÇÕß -0.001390236 0.0028613126 0.0027354837 0.0030328883 -5.8756472e-05 -9.63217e-05 0.0049539744 -0.003448044 0.00067872764 0.0022599602 0.001288585 -0.0039308365 0.00053138373 0.0030982636 -0.004784567 -0.0031614464 -0.0043972526 0.0035070395 0.003459068 0.0025759698 0.0045997966 0.0007709539 -0.0006246829 -0.004820077 0.0038548023 -0.004268167 -0.004277074 -0.0036579974 -0.0022556311 0.002022422 0.0006840128 0.0036598176 -0.0035303712 0.0025747651 0.00187482 0.0030917942 -0.0016009831 -0.002308716 0.0022210593 0.0040715532 -0.0038848603 0.0027949691 -0.0012537783 0.004181926 -0.0029775936 -0.0010739219 0.004814824 0.004973291 -0.0009464651 0.00019811392 -0.0039150994 0.004349238 0.0035517858 0.004966083 0.0010855627 -0.0034662718 0.0013282162 0.0010933095 -0.0014544952 -0.002046439 -0.00053997576 -0.003292969 -0.0026790553 0.0045779403 -0.0010879588 -0.0040142816 0.001800214 -0.0043763206 -0.004554448 -0.0005858535 0.002169202 -0.0028980828 0.0025960577 -0.0048548933 -0.0015922183 -0.00072012487 0.0015618593 -0.00058451114 -0.0040216874 0.0017656094 0.0030751168 0.00022865892 -0.0032145672 0.0010427571 -0.003588804 0.0005118573 -0.0017451912 0.0034439086 -0.0020453841 0.0045974213 0.0021036083 0.0020082898 -0.004921192 -0.0013739335 -0.0037558055 0.00038578748 0.004431706 0.004597126 0.0019074273 -0.002291745 -0.004370953 0.0038153506 0.003994509 -0.00053266523 0.0035338544 0.0042621642 0.0031679606 0.0034279812 0.004052701 -0.0047801244 -0.0036001855 0.0048100282 -0.0028163875 -0.001139006 -0.0016718633 0.0022690194 -0.0017021715 -0.0008811903 -0.0005948645 0.00072079897 0.0012444049 0.0043839067 -0.00270572 0.0013565606 -0.0048666787 -0.003976575 0.0013075102 0.0033628326 0.004443237 0.0028534727 -0.0031443792 -0.004489785 4.493594e-06 -0.0038758062 -0.003967719 -0.00026491046 -0.004472847 -0.00036259354 -0.00070539536 -0.0038446707 -0.0010990644 -0.002473676 -0.0021003992 0.0038074844 -0.0041688858 -0.00016643941 0.003787101 -0.0049287677 0.0029446036 -0.004864396 -0.0022232472 -0.0010068726 -0.003385381 0.0014263177 0.0042696684 0.0036699045 0.00011846423 0.0019217634 -0.0035105585 0.001807549 0.004430685 -0.0013640624 0.0017682713 -0.0033728296 -0.0032723756 0.0041840794 -0.0046111806 -0.0016659773 0.0013448829 -0.0011124777 -0.000914765 -0.002436388 -0.0026017404 -0.0020220368 9.497881e-05 -0.0011752826 -0.0007591331 -0.0013800896 0.0026653497 -0.00057275116 0.0018971175 -0.0048302514 0.0010061383 0.0012926864 0.0013181651 -0.002077145 -0.00402657 -0.00017855942 -0.00072980346 0.0043108035 0.0028498166 -0.0033139419 -0.0040802117 0.0015723264 0.0047008274 -0.0028800957 0.00469384 -0.00054722844 0.004926543 0.00090990844
µç»°£º7260614 -0.0769329 0.06134768 -0.018154118 0.060865972 0.036588605 -0.07092074 -0.0092704715 0.092587516 -0.05752105 0.06594422 0.014348787 -0.03050791 -0.044798203 0.019835826 0.10363678 -0.07957937 -0.04482719 0.055753738 -0.024402916 -0.047868777 -0.00037864092 -0.064913586 -0.024542578 0.027879488 -0.065094315 0.014634381 -0.015462574 0.030828593 -0.0998819 -0.02643679 0.027621306 0.042126015 0.05388319 -0.010308119 -0.025445044 0.0026442315 -0.028130198 0.017638741 -0.09394847 -0.10175518 -0.07585643 0.0059069237 0.040016346 0.03717177 0.039197423 0.008451868 0.059576068 -0.0013722731 -0.010940455 0.018565504 -0.005094491 -0.037975408 0.007930191 -0.049766485 -0.014792276 -0.056252714 0.06735621 -0.06603933 -0.05904333 0.002541846 0.054787766 0.06903973 -0.035975464 -0.055128474 -0.06526693 0.050599672 -0.0828217 0.13357691 -0.06982606 0.006062317 0.01401538 -0.017896496 0.09362561 -0.032120775 -0.0016385146 0.043908603 0.041594815 -0.119796574 -0.090356216 -0.008531251 -0.031728085 -0.11786253 0.057814367 -0.0067822756 -0.011003635 -0.01667235 -0.021841398 0.10415222 0.026609918 -0.06772214 0.03014465 0.025743255 0.07068451 0.03376441 0.10924169 0.18991098 -0.001245644 0.010987481 -0.08332975 0.11419151 -0.07664514 0.033911098 0.007118479 0.030334953 -0.07345208 -0.019724537 -0.08131199 0.07108289 -0.01968607 -0.087048255 -0.05010955 -0.07248925 -0.023808235 -0.041738782 0.0012988903 -0.026866313 0.04617735 -0.070155315 -0.021700257 0.015184383 0.026246885 0.053711236 0.00244606 -0.06673278 -0.01313424 0.09038909 -0.10419339 0.042871688 -0.039221082 0.003919613 0.011083436 0.054284308 -0.02972983 0.07399626 -0.014851516 0.07475184 -0.029668797 -0.10123688 -0.03818663 -0.0035341184 0.0058842427 0.022286862 0.048761062 0.008791106 -0.0061371704 -0.002425432 0.0009937711 -0.029640036 -0.047162823 -0.027300658 -0.010492834 -0.0023523108 0.014138828 0.0024645142 -0.054922435 -0.0115473 -0.040595032 -0.011140347 -0.081726566 0.13616818 0.05119647 0.049778428 0.029779237 -0.010724312 0.00757858 0.0028512608 0.058238696 -0.03186517 -3.0028797e-05 0.04379543 -0.06642264 -0.052397214 0.032119595 -0.021280209 0.043429796 0.083473854 0.030056719 0.046991736 0.067507446 -0.038813084 0.012318033 -0.06590182 0.04337685 -0.028507326 0.0032304635 -0.0468683 0.04523825 0.13362023 0.15706325 0.0193512 0.12141367 0.053120058 -0.09476775 -0.06756711 0.032684304 0.05342268 0.09157214 0.007116329 0.0014852106 -0.017902108
ÁªÏµµ¥Î»£º¼ÃÄÏÊÐÔ¥¾çÍÅ -0.08541882 0.069577426 -0.00912708 0.061398532 0.037205357 -0.069461174 -0.011796466 0.09129722 -0.05305045 0.057691228 0.019281615 -0.03131918 -0.05103062 0.026437445 0.10199544 -0.08394894 -0.045330446 0.060112465 -0.023980664 -0.04263393 0.00015541718 -0.071620055 -0.025388516 0.023500694 -0.06571187 0.013633104 -0.013111489 0.027976025 -0.09722431 -0.025888108 0.020937117 0.0397642 0.05051156 -0.012877857 -0.027741946 -0.003333075 -0.025060697 0.019924302 -0.09367724 -0.10219138 -0.077553526 0.0017272166 0.036042225 0.038368642 0.039135784 0.008296193 0.058557462 -0.006051771 -0.0142708365 0.017653799 -0.0056824274 -0.038455863 0.013327097 -0.054219306 -0.01376511 -0.06564362 0.06501362 -0.07116196 -0.06348894 0.0043790573 0.051782385 0.062460035 -0.043288082 -0.056099795 -0.060522605 0.05017881 -0.082271725 0.13886492 -0.06631523 0.011021771 0.012505474 -0.026681112 0.09191968 -0.03628864 0.006216292 0.04037592 0.039016455 -0.11378975 -0.100645185 -0.008132089 -0.03519967 -0.116894454 0.06240652 -0.011812177 -0.017383046 -0.018311761 -0.014682095 0.1088169 0.024672825 -0.06691499 0.03625978 0.02753937 0.07233482 0.026359417 0.10729839 0.1879203 0.0049603637 0.0126776835 -0.0852203 0.11494639 -0.07323901 0.025998471 0.0044708196 0.024377713 -0.06717749 -0.021153696 -0.08173743 0.066192724 -0.026205206 -0.08167659 -0.051323738 -0.071629286 -0.022975693 -0.04267289 0.010174244 -0.01840249 0.050838593 -0.0746026 -0.017225139 0.022009948 0.01996787 0.055514444 -0.0045366576 -0.069694944 -0.013803158 0.095200345 -0.10737872 0.04175186 -0.04189241 -0.0025929944 0.009203746 0.046926845 -0.03238189 0.070337705 -0.018713638 0.08519659 -0.035851415 -0.10671403 -0.036491945 -0.009251521 0.008288169 0.022069983 0.058185812 0.012002587 -0.0021780788 -0.003506034 0.0050818594 -0.032624274 -0.03887134 -0.027136449 -0.0077910353 -0.0022770464 0.022145333 0.007948626 -0.052404314 -0.010433228 -0.041634582 -0.011170424 -0.07799348 0.13252342 0.051765203 0.04819374 0.03146194 -0.009730381 0.011216097 0.007895712 0.06637861 -0.039272252 -0.004225522 0.03889362 -0.06505906 -0.0440901 0.028254211 -0.021022137 0.045030218 0.08619492 0.03056518 0.05614581 0.068462476 -0.03995288 0.016379168 -0.061663877 0.05324565 -0.028466081 0.0070219594 -0.048508365 0.044054877 0.1268323 0.15652443 0.01727857 0.12266924 0.049036264 -0.09961212 -0.0735853 0.036823917 0.051493958 0.09573776 0.008489912 -0.0019680564 -0.017016035
µç»°£º7934806 -0.07443467 0.057381466 -0.007725689 0.05538637 0.03616334 -0.05992916 -0.010025963 0.08294216 -0.04559724 0.062035393 0.021400124 -0.024203941 -0.047603916 0.021489449 0.09419898 -0.075658984 -0.04240727 0.05316609 -0.023954915 -0.040592376 0.00087197556 -0.065264024 -0.02659497 0.027425554 -0.055246156 0.012276595 -0.009616557 0.025113182 -0.095920585 -0.03143986 0.020806761 0.038934834 0.054998036 -0.014426956 -0.016873691 0.0013089164 -0.027872732 0.018932268 -0.0846482 -0.08752103 -0.0798944 0.0061343117 0.032590374 0.0364947 0.032194663 0.0066708513 0.058830965 0.00023594366 -0.007906657 0.017183825 -0.005227821 -0.02785889 0.0143006435 -0.051692363 -0.013396397 -0.061667286 0.061364718 -0.058924083 -0.05686249 0.0025928856 0.04546273 0.055304226 -0.03849697 -0.045878045 -0.05877682 0.045586873 -0.08131424 0.13313964 -0.063901395 0.0042165224 0.008826505 -0.022786204 0.08922202 -0.03061372 -0.0012157822 0.03806681 0.03445848 -0.11220674 -0.08897551 -0.003990687 -0.03371591 -0.113571875 0.051216178 -0.0025097567 -0.01130914 -0.024341164 -0.017245011 0.09963055 0.018012114 -0.062683105 0.031379603 0.0249873 0.06295519 0.031352315 0.1064515 0.17744908 -0.00015594081 0.008511774 -0.084089845 0.108471386 -0.07112897 0.023325937 0.004034004 0.023928283 -0.062312648 -0.022453275 -0.07423116 0.064906545 -0.01838093 -0.07965873 -0.052721694 -0.06327685 -0.023588276 -0.037437163 0.008979036 -0.025787983 0.0444873 -0.06532105 -0.018553726 0.014886943 0.024696369 0.056780916 0.00033244403 -0.055180006 -0.011386791 0.09254188 -0.10075812 0.038513035 -0.036009073 -0.0006637233 0.009251816 0.04852529 -0.024892915 0.07164288 -0.013927981 0.07186972 -0.03164312 -0.095103644 -0.03877765 -0.003055531 0.0077586304 0.026131326 0.051259212 0.012260668 -0.002959412 -0.0052830414 0.0020754458 -0.024239222 -0.042366598 -0.028595023 -0.010253602 -0.0055846972 0.018964797 0.008687745 -0.051607955 -0.008958614 -0.038649786 -0.01235799 -0.07692464 0.12256327 0.04649105 0.045673605 0.0264455 -0.0028778056 0.0041137403 0.01181209 0.059833758 -0.036483675 -0.0010420333 0.041292906 -0.05440482 -0.04334236 0.03196566 -0.018395357 0.039410744 0.08566912 0.024764258 0.051259186 0.06296126 -0.032253575 0.018108265 -0.05455485 0.049057946 -0.025715835 0.00063335535 -0.050828163 0.042689353 0.1263287 0.14778501 0.015848074 0.11338246 0.042811748 -0.09160014 -0.06446921 0.03802678 0.050749104 0.0893924 0.0045781783 0.0016249764 -0.009417553
ÁªÏµµ¥Î»£º¼ÃÄÏÊÐ¸èÎè¾çÔº -0.07162384 0.05866516 -0.007798927 0.054394092 0.027871275 -0.07075865 -0.013176274 0.081638895 -0.047315676 0.057933677 0.012107576 -0.031471144 -0.04552561 0.024097733 0.0944378 -0.07705272 -0.038137745 0.057872392 -0.030046385 -0.04556338 0.0028429898 -0.06484624 -0.025266321 0.02542475 -0.06036947 0.003837221 -0.014026941 0.027083993 -0.09739639 -0.028029263 0.017676404 0.0389861 0.054175865 -0.0061022625 -0.02679628 -0.0015497307 -0.023325168 0.014333783 -0.09201364 -0.0990994 -0.07809237 0.00058503257 0.039509967 0.038463034 0.03691944 0.00032338934 0.058819074 -0.0019764726 -0.009117572 0.011323052 -0.007974235 -0.035600744 0.011438197 -0.053065754 -0.011187261 -0.055305723 0.06544205 -0.06265999 -0.053746045 -0.0025826583 0.049641177 0.058971636 -0.03780418 -0.054046914 -0.054526422 0.05281682 -0.085619114 0.12720135 -0.06120078 0.0113258725 0.008179946 -0.017346073 0.090153016 -0.027885428 -0.00039983197 0.039569538 0.031452224 -0.111316025 -0.094839625 -0.013678963 -0.030966049 -0.10873897 0.053250723 -0.008995147 -0.008415197 -0.020744652 -0.0122262295 0.10333318 0.023985922 -0.06668874 0.03132463 0.02305593 0.071956694 0.027802791 0.10379378 0.17579444 0.0043958267 0.010419869 -0.08716624 0.10747876 -0.07407979 0.031421367 0.00738321 0.021607516 -0.0629035 -0.020913178 -0.075251155 0.06495434 -0.024887538 -0.08257031 -0.046648506 -0.06771482 -0.029182749 -0.043460477 0.0070373886 -0.018824732 0.04345212 -0.070490755 -0.023755658 0.017926106 0.023927558 0.05408297 -0.0010384156 -0.05610792 -0.009168745 0.09109011 -0.09629752 0.042274658 -0.04297164 -0.004742487 0.0098495595 0.046123132 -0.02293817 0.069809176 -0.021495216 0.0799418 -0.034668554 -0.0979077 -0.03703716 -0.008854105 0.0041612405 0.02386987 0.05478697 0.011010582 -0.0045318734 -0.004216655 5.4437343e-05 -0.024678016 -0.040109027 -0.021888284 -0.007214818 -0.002696055 0.019078605 0.0031306718 -0.048593897 -0.0109741865 -0.039966617 -0.018620186 -0.0737142 0.12525575 0.043562844 0.0424678 0.032422446 -0.005558385 0.0033380415 0.008640895 0.061786514 -0.03693565 0.0008810266 0.035238776 -0.060762472 -0.047988113 0.027074121 -0.01656038 0.0399306 0.077075094 0.03052593 0.0461737 0.07224168 -0.03743546 0.013018384 -0.060862496 0.05049835 -0.02581141 0.005127589 -0.042865504 0.04283062 0.12750211 0.15586112 0.017845288 0.12003397 0.042268027 -0.08861143 -0.06235402 0.037466545 0.04551389 0.08982656 0.003857909 -0.001057765 -0.013196016
ºÏ×÷·½Ê½£º¹ÚÃûÈ¨£¬½ÚÄ¿µ¥¡¢¹ã¸æÅÆÐû´«£¬ÐÂÎÅÃ½Ìå±¨µÀ 0.0019294996 -0.0009526485 -0.0010665214 -0.0044834926 0.0036606647 -0.002695787 0.0009371841 0.0014355355 0.0019479608 0.0009273982 0.0023807646 -0.00023374081 -0.003305695 -0.00021092653 -0.0027406972 0.0022455298 0.00031170427 0.004754401 0.004502877 0.004149388 -0.0022776527 -0.0041849483 0.004451494 -0.0017378855 -0.0045159054 0.000103182196 -0.0029277336 0.0007589018 -0.0025737374 0.0033811254 -0.0018701655 -0.0020357138 -0.0009543765 -0.0028119832 0.00311562 -0.0013351911 0.0012021214 -0.0044740494 -0.0016836524 -0.00015627801 -0.00016211331 0.0045823944 0.0036602735 -0.0026642794 0.00304604 -9.451568e-05 0.002328809 0.0020410442 -0.0028891235 -0.0019724686 -0.0025890016 -0.001424213 0.00021194578 -0.0040659998 -0.0035369606 0.003790121 0.0014795422 0.0003466165 0.0021075099 0.0011604094 0.0010884028 0.003227601 0.0017944598 0.00012111187 0.0039594825 -0.00040595056 -0.0032319296 -0.0017291886 0.00095428346 0.00048087595 -0.001982842 0.004195503 -0.0010231596 -0.00048728645 -0.0014394468 0.004347736 0.0035441315 0.0024107075 -0.0034893209 -0.0015331847 -0.0006322986 -0.0033533596 0.004532845 0.003978648 -0.004294721 0.0030351633 0.0027387226 0.004439181 -0.004958785 0.0017485714 0.0018437576 0.003812269 -0.001386196 -0.0001844883 -0.00473614 -0.0047777994 -0.002796105 -0.0004330188 0.003184728 0.001902892 0.0007684928 0.0029248656 -0.004076636 0.00089966 -0.004382559 0.0024721008 0.0044223857 0.0005425853 0.000716877 0.0013732236 -0.0022917474 0.0017570585 -0.0037597222 0.0049137003 -0.0017606652 -6.809056e-05 0.0024102766 0.004661822 -0.0010666722 0.004911883 -0.0019523734 -0.0022462034 0.0020471578 0.002872849 0.0003637266 0.004408044 0.0039481823 0.003999779 0.001077168 0.001468591 0.001189264 -0.000657658 -0.001070832 0.002050687 -0.0045728073 0.0040263645 -0.00043148338 0.002099083 -0.00013882756 0.0007129794 -0.002858212 -0.003350395 -0.002760886 -0.0004113114 -0.00083695294 -0.0010216087 0.0005961609 -0.0036255033 -0.0031376302 -0.004695299 -0.0020662874 0.0047892276 -0.0014671492 0.0029350675 -0.004172113 -0.0045871497 0.0012705624 0.0027222747 0.004000368 -0.0048784357 0.00085618976 -0.0039888415 0.0024202294 -0.0037914962 -0.00290363 -0.0017629648 0.001757918 0.0035132188 -0.0013600844 -0.0039481763 -0.0026175631 0.00023931742 -0.0044158595 -0.004729109 -0.0016250473 -0.0034121382 -0.0029636335 0.004102984 -0.0043687434 0.0045144684 0.0037024056 0.0011887818 0.0022361309 0.004449549 0.0046340805 -0.0009437102 0.00093930424 -0.0024219442 0.002378142 0.0010291028 0.0018781966 -0.0032830895 0.002711693 0.0028959238 0.0041456963 0.0041079754 0.0014595246 0.0015122372 -0.00017240942 0.004201553
ºÏ×÷·½Ê½£ºÂò¶Ï¹ÚÃûÈ¨¡¢Ðû´«±¨µÀ 0.0044838856 0.0022344124 0.0043463516 -0.0022705006 -0.0020073408 -0.0033835762 0.004248647 -0.0033458269 -0.0029595727 -0.00040268063 0.0018912565 -0.00032752275 0.0036730976 -0.0018754672 0.00040621578 0.0023071498 -0.0023755527 -0.004010479 -0.0046308273 -9.858966e-05 -0.004108914 0.0019272125 0.0026506002 -0.0020652444 -0.0035536324 0.003307553 -0.00045001745 0.0034684425 -0.00027947366 -0.000983581 -0.0030714797 0.0035833311 0.000992816 -0.0010290379 0.001394955 -0.00062986073 -0.0010370654 0.0046640206 0.00035388352 0.0031741702 -0.00019914984 -0.0016438795 -0.0021737868 -0.004331632 0.0013864976 -0.0006586278 0.0023186593 0.0032538034 0.003333888 0.0044024778 0.0005501485 0.0016443449 0.002659071 -0.0038765925 0.0020427543 0.0031768156 0.0013665926 0.0023138977 0.0027992458 -0.0010094345 0.00015294015 -0.0019756097 0.0015048301 0.0011520999 -0.00045785308 -0.002270689 -0.0002822572 0.0027154095 0.0041120886 -0.0014723915 0.0020634497 0.0044041616 -0.002412103 0.0009101224 0.0025135905 -0.0031958288 -0.0037082303 0.0004940778 0.0018546325 -0.004783628 -0.0014858508 0.0038015968 -0.003876837 -0.0038431722 -0.0013835109 -0.004559515 -0.00459941 0.0038958795 0.0018787372 0.003331192 -0.0036714524 0.002279827 0.0037272114 0.0031338525 0.0046300683 0.0034090125 0.0032817358 0.0034789515 0.0012190426 -0.0032420773 -0.0035579812 -0.004943501 0.00046530605 -0.004185399 -0.0028321208 -0.0040632994 0.004227783 0.0048050326 -0.0012472213 -0.004718026 0.0015446586 -0.0014469194 -0.0018844866 -0.0032104189 0.004965376 0.004038249 0.0033700038 0.00038585305 0.0011380785 -0.004964226 0.004409226 0.002639939 -0.002499485 -0.0016291457 0.0008299017 -0.0019265574 -0.003310628 0.001582054 -0.0006676132 -0.002355315 0.00080732524 0.004841211 0.0036394226 -0.00062746345 0.00028075755 -0.003447143 0.0022455447 -0.003719433 0.004224288 -0.0036592942 -0.004395611 -0.0038300527 0.0038716216 -0.00078173814 -0.0035820317 -0.0041311313 -0.0021067716 0.00010071516 0.0040083253 0.0024122954 0.0031899142 0.0041384413 0.0036114908 -0.0011093622 -0.0007676643 -0.0040946044 -0.0030039465 0.004785154 0.0016608316 0.00422254 0.003477555 -0.0041984427 -0.004148804 0.00036752402 0.004056402 -0.0024237758 -0.0024508096 0.0028781968 0.0039741676 -0.0034001905 -0.0015826768 0.0035464729 -0.0027231039 -0.003824401 -0.0011893773 -0.0041010585 0.0034329176 -0.0003601402 -0.0025287492 0.004156706 0.003048234 -0.0047648037 0.0048317034 -0.0045333994 -0.004017124 -0.0025864618 -0.0016660386 0.0039335815 0.00470038 -0.0037151962 -0.0016554659 0.0039813304 -0.0013193268 -0.0034698737 0.0043031834 0.0032361448 0.0042441515 0.0020308949 -0.0018049962 0.0013740468
& -0.05005166 0.033885505 -0.0061521893 0.037215754 0.02381097 -0.03860957 -0.008872867 0.052292906 -0.02828557 0.03406788 0.01309232 -0.013806291 -0.022699432 0.013280302 0.054759134 -0.05174097 -0.028293177 0.03038723 -0.014719486 -0.02304929 0.0038512303 -0.03623376 -0.013563154 0.010838644 -0.032600854 0.00825922 -0.0074246465 0.011352645 -0.06145586 -0.017113188 0.017307132 0.023139654 0.028526701 -0.0030376657 -0.014831678 0.002247401 -0.015497642 0.006237505 -0.053591818 -0.060172126 -0.050575774 0.0017457707 0.023475155 0.02345747 0.025169944 -0.0018198738 0.03190213 -0.0035194266 -0.0027358176 0.010568737 -0.0013628177 -0.022613881 0.00771062 -0.035204794 -0.0050779525 -0.036751773 0.03488479 -0.040229302 -0.03467656 -0.004805243 0.031708915 0.03255866 -0.018377852 -0.03321602 -0.03736642 0.03567251 -0.052084047 0.07564708 -0.0384733 0.004031065 0.004491005 -0.011022153 0.057533003 -0.013973172 -0.00017438734 0.025919845 0.023153054 -0.07214434 -0.054510728 -0.0059553552 -0.01901044 -0.07278827 0.037733406 -0.008491819 -0.004049778 -0.012165841 -0.009097854 0.06313731 0.017300706 -0.04313566 0.019865012 0.01127734 0.041990034 0.017870465 0.060325187 0.10622833 -0.0026284375 0.011895502 -0.047698896 0.0725533 -0.04081236 0.01815521 -0.0012302223 0.014014807 -0.044054274 -0.015259187 -0.04739679 0.036651388 -0.0116597405 -0.04447538 -0.030642228 -0.038459934 -0.012796182 -0.027381713 -0.00011965364 -0.01758134 0.024562776 -0.044428308 -0.015093421 0.010162517 0.011435815 0.03251726 -0.0030995815 -0.037646815 -0.0036518835 0.051430747 -0.06420645 0.027385665 -0.023071287 -0.002741562 0.002791949 0.02559828 -0.014201605 0.04220543 -0.010241412 0.04252949 -0.0175235 -0.062105834 -0.026880793 -0.0077141533 0.006117521 0.017447744 0.031125288 0.013026834 -0.001455355 -0.0020477504 0.0019144157 -0.013663274 -0.021806657 -0.013228007 -0.0024446333 -0.005502346 0.008864625 0.0065508247 -0.03238404 -0.005786397 -0.02439723 -0.004675198 -0.048346635 0.08009906 0.02943986 0.030532017 0.015966449 -0.004006844 0.004209293 0.0086359875 0.036762044 -0.022431849 0.0034474863 0.02116131 -0.040680535 -0.029651 0.021584852 -0.01346236 0.025120506 0.054694436 0.021401888 0.032293934 0.04516084 -0.020948768 0.010651076 -0.03516615 0.028830456 -0.018675152 -0.0027035894 -0.0284081 0.0284876 0.07301003 0.09503226 0.0090736095 0.07315266 0.024501996 -0.059335858 -0.044278737 0.017987575 0.026981587 0.05655015 0.00743313 -0.0016389037 -0.0033992329
10.40.62.11] -0.03913317 0.031795528 -0.012586538 0.040120948 0.019770417 -0.04076002 -0.00630545 0.047349915 -0.026059078 0.034821503 0.0073050195 -0.02141966 -0.0181307 0.013394093 0.049338162 -0.039124954 -0.018797135 0.036817558 -0.0104296785 -0.030994896 -0.0006273807 -0.039415546 -0.018604856 0.01313568 -0.036497716 -0.00076045835 -0.006731464 0.015274132 -0.051197045 -0.017556256 0.012150976 0.020184394 0.033008598 -0.0061756764 -0.012195028 0.0023277015 -0.01817976 0.0102335 -0.0525103 -0.05839222 -0.042727087 0.0027414225 0.017272748 0.018774003 0.023516083 0.0066031995 0.02908776 -0.009115819 -0.002161114 0.005938095 0.0013378911 -0.01007581 0.012947851 -0.037084606 -0.008965345 -0.031918205 0.032862943 -0.03635131 -0.030081172 -0.00011718413 0.026934722 0.037765555 -0.025983717 -0.028307151 -0.037367288 0.025750568 -0.046638563 0.07224265 -0.038919408 -0.00073750556 0.0018640978 -0.015385557 0.049191155 -0.016154166 0.0058644153 0.021646574 0.02060577 -0.057201352 -0.05442237 -0.009744188 -0.014263791 -0.06350676 0.026751481 -0.004979636 -0.002819487 -0.009612473 -0.0078133205 0.053613387 0.008673031 -0.041324742 0.018165395 0.00811223 0.042078666 0.015010122 0.062321164 0.10027367 0.0033793845 0.0074092215 -0.043570466 0.07004842 -0.04745104 0.016900646 0.0042223083 0.021874111 -0.036575228 -0.0072651184 -0.04311187 0.03786279 -0.013800179 -0.04262747 -0.032303695 -0.033852987 -0.018520622 -0.026252225 0.0023494451 -0.011524565 0.028996129 -0.04809282 -0.012366469 0.004347128 0.0093269665 0.032574512 0.00037541683 -0.03510647 -0.006466388 0.058274563 -0.05974542 0.0259348 -0.019055465 0.0015430353 0.00709421 0.03242744 -0.01592399 0.043574378 -0.009075112 0.042846646 -0.018239193 -0.055589665 -0.020900328 -0.007152787 0.0028331026 0.010084947 0.029413866 0.010090571 -0.0030121629 -0.0010322968 -0.0028277866 -0.0125158625 -0.021885276 -0.0116033 -0.000566756 -0.0047829696 0.0057482407 0.010122314 -0.0253768 -0.008672844 -0.021329587 -0.012435311 -0.040011976 0.075883046 0.02294271 0.02890881 0.017735807 0.00403864 -0.0010263275 0.00010373573 0.03481118 -0.019090775 -0.0069278325 0.027422043 -0.030206373 -0.030245382 0.013030751 -0.009355769 0.01853444 0.042832185 0.012831624 0.033171862 0.040788226 -0.016908752 0.0025178886 -0.034160454 0.026427403 -0.015482915 -0.0025343024 -0.029301876 0.026060555 0.06922712 0.08078118 0.014570093 0.06626667 0.023955805 -0.0527122 -0.03489241 0.015632533 0.025381504 0.053792026 0.0014635826 -0.0113713965 -0.004128708
£´ -0.11731759 0.09623546 -0.017952137 0.08915041 0.05060435 -0.10413998 -0.019521011 0.12955442 -0.08484051 0.0980507 0.03067943 -0.045402404 -0.06971775 0.039113227 0.14755523 -0.124094866 -0.055911914 0.08835651 -0.0443555 -0.062425222 0.0031854005 -0.10402794 -0.039972514 0.03779201 -0.09178869 0.015098576 -0.021968698 0.03987316 -0.14506681 -0.044547424 0.031356156 0.059904635 0.07931146 -0.013523206 -0.03327798 -0.005719695 -0.048093524 0.025532173 -0.1412481 -0.15049899 -0.119962096 0.002862357 0.061315216 0.05216504 0.058717635 0.00848964 0.09906422 0.0010148706 -0.014527483 0.020778589 -0.01009032 -0.05159801 0.015480565 -0.08001601 -0.025790757 -0.08857833 0.09720564 -0.09705011 -0.08902284 -0.001434227 0.078636646 0.099944964 -0.060779665 -0.081257135 -0.0932532 0.080502145 -0.12705559 0.20210746 -0.098175086 0.0137239 0.019438723 -0.038825754 0.13954853 -0.05203437 0.0045211236 0.068982735 0.05859092 -0.17561208 -0.13617738 -0.014150798 -0.052609976 -0.1796916 0.09374528 -0.0147870695 -0.019879458 -0.03607513 -0.028141258 0.1573156 0.031179514 -0.10173438 0.050323498 0.03107179 0.10729363 0.040704824 0.1646656 0.2875215 0.004667169 0.016209178 -0.13295384 0.1772051 -0.11454206 0.04645195 0.008391441 0.04245542 -0.10754811 -0.032922033 -0.112881236 0.10443359 -0.03682681 -0.12430838 -0.07665366 -0.10610174 -0.044123814 -0.06304665 0.00896712 -0.03402549 0.07004126 -0.1110836 -0.034978542 0.028584523 0.030187882 0.082470536 -0.001890803 -0.09518249 -0.021125674 0.1441142 -0.16056144 0.06619004 -0.0641242 -0.0027585984 0.010638261 0.07344292 -0.044060387 0.11068561 -0.029040657 0.123205744 -0.050677553 -0.15789938 -0.053134263 -0.0015063717 0.008669648 0.037713878 0.08136593 0.025754767 0.0010584404 -0.007870529 0.0028000525 -0.051285096 -0.06516633 -0.046038434 -0.0143060535 -0.010579896 0.030664586 0.009810781 -0.07238538 -0.023700163 -0.0650801 -0.02959177 -0.1185803 0.20022458 0.067589976 0.07103627 0.043785095 -0.005328388 0.013184105 0.008074809 0.08887636 -0.056217425 -0.0043523056 0.06493588 -0.09605255 -0.06623334 0.046610527 -0.032040358 0.072030745 0.13231784 0.0456108 0.07340454 0.10993245 -0.05681428 0.021346595 -0.09636522 0.078489 -0.047977906 0.005148557 -0.07779344 0.068459585 0.19672859 0.24010652 0.028470246 0.18546677 0.06897914 -0.14568876 -0.10607744 0.054271966 0.081901364 0.14118494 0.008596081 0.0019552428 -0.017011145
| -0.14551184 0.11407904 -0.027796118 0.10858778 0.06005012 -0.12063501 -0.024099203 0.15742925 -0.09441018 0.11368479 0.032265622 -0.05348952 -0.07619009 0.03828742 0.17889714 -0.13885249 -0.06869217 0.102481015 -0.04481533 -0.073952466 0.0050319177 -0.12135613 -0.042034324 0.044867367 -0.11602553 0.011759089 -0.016775412 0.04853377 -0.18174367 -0.05652376 0.043722704 0.07154256 0.097049944 -0.014775316 -0.046629123 -0.0062523875 -0.056749064 0.02755985 -0.16965827 -0.17979525 -0.14049114 0.0033874766 0.07574117 0.07198736 0.070132375 0.008540439 0.10788396 -0.004638832 -0.020451128 0.02844343 -0.018694898 -0.060877003 0.020392368 -0.09678359 -0.027682329 -0.111488126 0.11910717 -0.118780546 -0.10935146 -0.00350697 0.09506554 0.11259615 -0.070146665 -0.09558844 -0.107476026 0.092542686 -0.15765268 0.24276717 -0.12628703 0.018716231 0.021464452 -0.03813848 0.16377683 -0.053845417 0.0077462336 0.08550409 0.070792146 -0.20569275 -0.17301384 -0.011292614 -0.05505699 -0.20621277 0.10426971 -0.016756592 -0.024125949 -0.040852673 -0.031778786 0.19121666 0.04123541 -0.12993953 0.05673138 0.043457255 0.130724 0.054300044 0.19856597 0.33907157 0.0050501027 0.020615315 -0.15239297 0.2092946 -0.13758507 0.05632275 0.0088214185 0.04533914 -0.12278704 -0.03864555 -0.14357331 0.12268725 -0.038574144 -0.15477693 -0.095200166 -0.124288894 -0.044773214 -0.07079209 0.012829554 -0.039915003 0.08423832 -0.13019675 -0.043848544 0.02761587 0.03809347 0.09953779 -0.0060789315 -0.11091677 -0.017746385 0.16775051 -0.18649876 0.085061684 -0.073189735 0.0055119307 0.019702174 0.09096872 -0.055326845 0.13173315 -0.029749509 0.15002137 -0.06189063 -0.19556196 -0.06425314 -0.007723515 0.017517544 0.05127173 0.09268996 0.025112802 -0.0020561335 -0.010241093 0.0044424664 -0.05934751 -0.08149609 -0.047989342 -0.008104152 -0.010481053 0.026400799 0.014827355 -0.08783814 -0.025278674 -0.066638134 -0.033664923 -0.14392962 0.24610783 0.08938561 0.083111666 0.057320915 -0.009174451 0.009144868 0.012638976 0.10683508 -0.065596566 -0.00012100195 0.07096678 -0.109625876 -0.08643345 0.056612052 -0.03773374 0.08888002 0.15143304 0.053715877 0.08982282 0.12873569 -0.06781067 0.03246704 -0.11277031 0.089344926 -0.052777406 0.0030714704 -0.08792326 0.08574181 0.23343743 0.28590766 0.03346307 0.2256871 0.081421986 -0.1657045 -0.12211959 0.06124697 0.09671888 0.169422 0.014093156 -0.0029644156 -0.029083936
Éú -0.16361082 0.13152878 -0.02987215 0.117388315 0.061649177 -0.13669354 -0.025448468 0.18137947 -0.10962876 0.12390205 0.030885221 -0.062577404 -0.090952046 0.048053432 0.20285259 -0.16301449 -0.078997746 0.1229985 -0.04870736 -0.08439309 0.0024434212 -0.13378799 -0.046662435 0.052271277 -0.12240848 0.021798283 -0.023406351 0.05617848 -0.19771625 -0.058921862 0.04315564 0.076880984 0.10751715 -0.0212895 -0.04483799 -0.0045574787 -0.05595361 0.034306448 -0.18605058 -0.19109596 -0.16017286 -0.0004337379 0.07712215 0.07190823 0.07851317 0.0073468685 0.12825361 -0.006980938 -0.017327184 0.03384525 -0.019101536 -0.06842649 0.014517984 -0.11042814 -0.024677973 -0.120711446 0.123444915 -0.12418747 -0.11050888 -0.00010431436 0.10051465 0.12931764 -0.083013766 -0.107265614 -0.119165726 0.103667416 -0.16596638 0.2694314 -0.13460056 0.020076185 0.027460916 -0.04458112 0.1846086 -0.06413885 0.003426497 0.08922958 0.07171936 -0.23073073 -0.1916824 -0.017600287 -0.061905943 -0.23872277 0.11754735 -0.018814888 -0.024908805 -0.04356321 -0.035390157 0.20701699 0.04045103 -0.1392264 0.06513272 0.043840066 0.13789497 0.060158104 0.21966344 0.37538108 0.007008593 0.026892133 -0.17573197 0.23699822 -0.14864285 0.06224325 0.013720578 0.05407813 -0.14161345 -0.042836715 -0.1605441 0.13922398 -0.044994783 -0.162923 -0.105769135 -0.14106458 -0.059052903 -0.07341152 0.0058541037 -0.040903766 0.09107853 -0.15308416 -0.04336087 0.036286257 0.044286806 0.11071619 -0.0076047694 -0.13158068 -0.027565992 0.19653934 -0.20766252 0.09397731 -0.08485295 0.0013636734 0.018040378 0.0967052 -0.053388663 0.13934202 -0.04243879 0.15289222 -0.06361437 -0.20681581 -0.073776625 -0.0074404418 0.0194196 0.05864591 0.10441255 0.029320879 -0.0054184156 -0.0032617191 0.0043879612 -0.06199399 -0.087354794 -0.060313374 -0.016538337 -0.0055134054 0.032582276 0.006876766 -0.09829062 -0.02986061 -0.07725391 -0.029817343 -0.15601227 0.2622254 0.097114645 0.093437284 0.062323842 -0.006014377 0.014655248 0.0124197025 0.12366579 -0.074185364 -0.0024402898 0.0807248 -0.12356555 -0.09311127 0.06268298 -0.044887096 0.08952577 0.17470138 0.06167394 0.09933734 0.14337339 -0.074560694 0.032128263 -0.11900138 0.101736285 -0.05669192 -0.0007121013 -0.09999626 0.096799575 0.26234952 0.32036388 0.030675933 0.24116406 0.09685281 -0.18567213 -0.1397481 0.0680136 0.10524905 0.18660846 0.013523494 -0.00044132085 -0.022460291
ÃÀ -0.080521815 0.060307547 -0.012716675 0.059912287 0.030469015 -0.0655526 -0.0126523515 0.08778124 -0.055870645 0.06101394 0.016505225 -0.024824329 -0.038946845 0.023381045 0.09552576 -0.08049456 -0.03818048 0.06270708 -0.028975507 -0.043528356 -0.0039882865 -0.062944956 -0.027469246 0.022002116 -0.055846706 0.0050726742 -0.008948266 0.02622268 -0.09231868 -0.02511069 0.023779865 0.03720383 0.054992948 -0.009871172 -0.019461244 -0.0013804109 -0.024849439 0.014832446 -0.08806329 -0.09533361 -0.07383205 -0.000610819 0.04123602 0.031481627 0.037335314 0.0031527588 0.0609047 -0.00064551976 -0.013115275 0.015433519 -0.011409798 -0.031546675 0.0067643085 -0.049571574 -0.012842664 -0.05662811 0.06176004 -0.05776684 -0.05189143 0.0039960383 0.04751808 0.064756185 -0.03677282 -0.050207864 -0.060732465 0.049742367 -0.081824884 0.13305485 -0.063785374 0.008576866 0.006167803 -0.019584231 0.08584997 -0.0341846 -0.0025165668 0.03978422 0.040192816 -0.112377085 -0.0912617 -0.010765902 -0.031344753 -0.11401304 0.060762707 -0.008154075 -0.010432107 -0.027096232 -0.019540582 0.103658944 0.026363071 -0.06557062 0.024413446 0.021431966 0.06720537 0.023580076 0.10284126 0.1838913 -0.0013945524 0.011067122 -0.08103336 0.11658427 -0.07253247 0.023853717 0.0018554167 0.03019817 -0.07222437 -0.0184287 -0.07844065 0.07099225 -0.020872138 -0.08156901 -0.049341146 -0.06962031 -0.021863287 -0.040392205 0.004353166 -0.023614401 0.04145801 -0.067853525 -0.017338322 0.014948175 0.024058228 0.054728348 -0.0025925701 -0.05798559 -0.0097279325 0.09601723 -0.098652974 0.04160128 -0.039487686 -0.001014296 0.01439134 0.047243174 -0.03026655 0.06573977 -0.01920186 0.07714985 -0.034416933 -0.10596528 -0.03088716 0.0010885377 0.011583242 0.029856807 0.04836151 0.0102256425 -0.0025465721 -0.003637099 0.0067212055 -0.025990294 -0.04193348 -0.025596263 -0.007665089 -0.0025111681 0.018869828 0.0053707566 -0.046205036 -0.010856759 -0.04243885 -0.01960696 -0.07711371 0.13280082 0.044143375 0.045760356 0.03236444 -0.0060560233 0.005973724 0.005302167 0.06031471 -0.039753914 -0.0018106223 0.04111874 -0.059710816 -0.042845596 0.028070306 -0.017047893 0.048613507 0.08027468 0.02812695 0.045457713 0.071106866 -0.03468873 0.013828534 -0.06541501 0.044259943 -0.026524857 0.0021150995 -0.046488967 0.04696011 0.12335064 0.15014036 0.016598944 0.11927413 0.047009595 -0.08992503 -0.06458754 0.030798681 0.04908258 0.09148757 0.0092808865 -0.00482956 -0.010364066
Ïà -0.10636318 0.07991291 -0.012933712 0.08327401 0.04291277 -0.09116088 -0.011182094 0.115445666 -0.06928408 0.08517024 0.023609022 -0.037902687 -0.05779854 0.029819403 0.13225415 -0.10400987 -0.051022936 0.07989808 -0.03415329 -0.059741557 0.0013619852 -0.09149826 -0.029115297 0.032114223 -0.07592049 0.012350426 -0.019136881 0.035270095 -0.12439583 -0.03835147 0.03159569 0.048777517 0.07148893 -0.014575462 -0.026165282 -0.00043398433 -0.03474322 0.026414728 -0.12544718 -0.13144933 -0.10183879 0.0007957416 0.050115976 0.045844305 0.046934158 0.0078075086 0.077101655 0.0017827582 -0.013152312 0.022524139 -0.008134982 -0.042833593 0.008735584 -0.06834078 -0.016896147 -0.07712312 0.081704654 -0.0834356 -0.06857135 0.0034088716 0.07257078 0.08111776 -0.04623649 -0.06580141 -0.07480642 0.07273147 -0.10481868 0.17972527 -0.08844784 0.015720667 0.009961759 -0.03210693 0.11900848 -0.046550892 -0.00094404235 0.055970725 0.04883093 -0.14898595 -0.12044861 -0.008420619 -0.038915653 -0.14842612 0.07379358 -0.0135360705 -0.011000824 -0.033796545 -0.027766965 0.13287576 0.031789396 -0.09193041 0.041109733 0.026412906 0.08704444 0.03977412 0.14282483 0.2391416 0.005174983 0.016804906 -0.10873019 0.14872934 -0.09947298 0.036206976 0.00042470006 0.034411844 -0.0950606 -0.024239434 -0.10445413 0.08544178 -0.03378941 -0.10889247 -0.06471651 -0.08568446 -0.039327808 -0.04721161 0.0053845523 -0.030596908 0.06283687 -0.0977178 -0.028385151 0.0239373 0.034321804 0.06855129 -0.0008086411 -0.080883294 -0.012923451 0.123857565 -0.13360383 0.061510265 -0.053670745 0.0017214066 0.015846588 0.06784614 -0.042878427 0.09560084 -0.030242756 0.10684675 -0.041130826 -0.13923338 -0.04951648 -0.003823102 0.011929563 0.03812159 0.06662169 0.0138866175 -0.00408143 -0.002661877 0.001979274 -0.03761117 -0.049888074 -0.03268992 -0.008609273 -0.00617622 0.021661328 0.0065664714 -0.067756705 -0.017521119 -0.052796204 -0.02186817 -0.10163874 0.17446998 0.06033111 0.0585398 0.038920727 -0.0036685106 0.009300471 0.008378914 0.078511946 -0.047239482 -0.0011559179 0.05252765 -0.08415385 -0.060938966 0.03791232 -0.027101832 0.056303605 0.11366532 0.040999163 0.06729698 0.09040811 -0.055994194 0.024536386 -0.07694908 0.064322375 -0.038032677 0.005412192 -0.0651951 0.061599743 0.16771536 0.20365359 0.018063376 0.15685281 0.062061343 -0.117266916 -0.0849019 0.051122967 0.07076935 0.120523855 0.008281247 -0.0014904145 -0.0206418
Êµ -0.085784845 0.068019696 -0.013571038 0.071336456 0.029437913 -0.07503336 -0.014913386 0.09555184 -0.062401164 0.073769554 0.024743734 -0.028331874 -0.0530374 0.027314207 0.11838046 -0.09166766 -0.045610346 0.06754029 -0.030234154 -0.050716463 0.0030274997 -0.07947402 -0.030638788 0.023472745 -0.07095939 0.009113991 -0.014018471 0.025146062 -0.110421896 -0.037972488 0.022611298 0.048823334 0.059566583 -0.012071819 -0.025646582 -0.007042539 -0.031420197 0.016776383 -0.10298972 -0.10402526 -0.089686826 -0.000598438 0.03816605 0.039141353 0.045146815 0.010317134 0.06494077 0.00017492236 -0.008981806 0.018528484 -0.010189055 -0.034093708 0.00574201 -0.06086911 -0.016346397 -0.062086824 0.073034674 -0.07129666 -0.06349844 -0.0024466233 0.06236228 0.069047265 -0.043443855 -0.0624927 -0.061231714 0.05887146 -0.094897315 0.15165292 -0.07111169 0.01314124 0.014640183 -0.026060706 0.10058622 -0.036883112 0.000866193 0.045747634 0.044124953 -0.12781334 -0.10264635 -0.004994045 -0.035120934 -0.12863027 0.06696624 -0.008515667 -0.018868288 -0.028837038 -0.018829891 0.11762459 0.024938596 -0.07480717 0.03219841 0.020816637 0.08040219 0.03196668 0.12128298 0.20400147 0.008139761 0.020088285 -0.09661187 0.13192831 -0.08047641 0.034271844 0.008561142 0.028256379 -0.08105875 -0.018834144 -0.08950331 0.07079081 -0.029277964 -0.09165824 -0.053535182 -0.08077056 -0.033537 -0.035499502 0.0068977308 -0.025811158 0.04586662 -0.07644689 -0.022870032 0.01647696 0.030253723 0.06130029 -0.0013761646 -0.06580475 -0.018020485 0.10188007 -0.113213085 0.050438534 -0.042932894 -0.0004591409 0.007996624 0.057412222 -0.031962365 0.081980474 -0.023831759 0.084558606 -0.03971938 -0.12020598 -0.033044923 9.967186e-05 0.004255095 0.037280574 0.060753305 0.0102002 -0.0013928785 -0.0022839815 0.00061186845 -0.035678294 -0.041960467 -0.030254077 -0.012682296 -0.00888065 0.014753995 0.0038340765 -0.056882642 -0.01648452 -0.049312197 -0.0154361045 -0.09206534 0.1507629 0.053826645 0.055409145 0.036655072 -0.0019475886 0.004854496 0.013865314 0.06463519 -0.042003844 0.0019283418 0.04386254 -0.0637855 -0.05257547 0.033307366 -0.021999897 0.053916447 0.09748491 0.0316937 0.059051055 0.07783386 -0.04264065 0.017515268 -0.0683905 0.0568374 -0.037370883 0.0069623636 -0.05938125 0.051514678 0.14195035 0.1728028 0.018904582 0.13316283 0.046825483 -0.106968716 -0.072788075 0.038457714 0.052551582 0.10624586 0.012892036 -5.337617e-05 -0.008994573
¹¥ -0.11409216 0.09589199 -0.019317938 0.08962243 0.049108256 -0.101520404 -0.017882891 0.12849742 -0.079731666 0.09646891 0.02473568 -0.039746877 -0.062357012 0.029818125 0.14798726 -0.11322569 -0.060114946 0.08263333 -0.04039211 -0.059473995 -0.0062253433 -0.09738175 -0.033011172 0.036618568 -0.08932333 0.009369825 -0.013187587 0.039099123 -0.14007008 -0.040229745 0.032960188 0.058404095 0.083326966 -0.02213163 -0.030003373 -0.0029253806 -0.039961845 0.024059376 -0.13988765 -0.13757065 -0.11367028 -0.00036198754 0.054179277 0.052730445 0.054388274 0.006544445 0.088002786 -0.0042688125 -0.018094242 0.02038871 -0.01501099 -0.046321742 0.017476771 -0.07477289 -0.023498608 -0.09241905 0.09108892 -0.089654475 -0.080656834 0.0029491512 0.07803888 0.089860626 -0.056869533 -0.079267174 -0.08643901 0.080384694 -0.12562342 0.1953415 -0.10271696 0.016117357 0.015471066 -0.036883757 0.12564455 -0.048587866 0.0022655774 0.06378688 0.059107248 -0.17247279 -0.12965076 -0.0070582926 -0.0442435 -0.1698433 0.0861303 -0.018613778 -0.021687068 -0.034566775 -0.027396483 0.15678617 0.036527146 -0.10516194 0.040659036 0.035587836 0.09844446 0.04247675 0.15239963 0.27265337 0.0026724087 0.01962946 -0.13146205 0.16945173 -0.11115169 0.043248832 0.001507271 0.038613964 -0.096421376 -0.031249098 -0.11381532 0.10379056 -0.0371006 -0.12197529 -0.075064756 -0.102423534 -0.043112766 -0.05775688 0.004356058 -0.0334424 0.06606283 -0.10829226 -0.036930278 0.026818594 0.036304437 0.07342408 -0.00855719 -0.09153376 -0.022267556 0.13547698 -0.15604194 0.07008974 -0.06267969 0.004192507 0.015084003 0.067050986 -0.04276445 0.10862486 -0.03188995 0.110326625 -0.053656343 -0.15824042 -0.050911356 -0.0033071204 0.011840868 0.03767698 0.0801657 0.015696531 -0.0022709924 -0.009446653 0.010283818 -0.04122655 -0.058196034 -0.03737426 -0.014178719 -0.010002898 0.027131887 0.0022493822 -0.07040413 -0.023022512 -0.05767145 -0.021104012 -0.120569654 0.19777384 0.069148764 0.07012465 0.04205441 -0.010386279 0.00727059 0.012352831 0.08611105 -0.04763092 0.0018908415 0.06286656 -0.087840594 -0.06617289 0.04732441 -0.028018052 0.06954979 0.12513418 0.044797476 0.07776627 0.102067165 -0.056791067 0.024809284 -0.094652735 0.071098514 -0.038225707 -0.0013756593 -0.07258159 0.07268919 0.18649204 0.23213278 0.018642984 0.18121803 0.06401792 -0.13862844 -0.09690335 0.054633535 0.078271165 0.1325072 0.016617421 -0.0012880578 -0.014857404
´Ë -0.12293295 0.103207104 -0.022608083 0.09277724 0.05440577 -0.10530462 -0.014709619 0.13872881 -0.0848623 0.094140336 0.026494242 -0.043462384 -0.06859051 0.03524705 0.16195269 -0.12360929 -0.060093205 0.089890085 -0.04479916 -0.06736722 0.0027836077 -0.10780395 -0.038920578 0.04172353 -0.09089062 0.012084134 -0.014383718 0.043419108 -0.15200408 -0.05087619 0.037911903 0.06676511 0.08185532 -0.017457299 -0.04029666 -0.0087297885 -0.049633496 0.023986608 -0.14474367 -0.14988711 -0.12351998 0.0066268924 0.061700184 0.060261633 0.05708372 0.010526996 0.09624397 -0.0070356033 -0.014896135 0.018891973 -0.010283873 -0.054239076 0.01109285 -0.08443913 -0.026392736 -0.0898912 0.1015047 -0.10285943 -0.09293452 -0.0011992551 0.083160125 0.10170617 -0.059049454 -0.07978059 -0.095687404 0.08589274 -0.13257661 0.20652738 -0.100837104 0.0074602244 0.019639269 -0.035617497 0.13893576 -0.04960083 0.003049143 0.074300036 0.06312161 -0.17868641 -0.14575425 -0.010767879 -0.052118286 -0.17764215 0.096359245 -0.017018326 -0.015666248 -0.035932444 -0.027513783 0.15679075 0.03578465 -0.110655285 0.04639505 0.039239824 0.10584541 0.04512343 0.17042617 0.28929234 -0.00019270572 0.019914614 -0.13126595 0.18229458 -0.115704596 0.04568053 0.007881156 0.047335695 -0.112941645 -0.032358617 -0.12610091 0.10709913 -0.037430335 -0.13108931 -0.079329915 -0.1119991 -0.04453438 -0.063486226 0.012425357 -0.034611207 0.07220497 -0.11834073 -0.034058407 0.028547684 0.04062431 0.08725836 -0.009199913 -0.10227806 -0.01615884 0.14323434 -0.15873218 0.07444229 -0.062680006 0.0009677744 0.019799681 0.073052004 -0.042142082 0.108484514 -0.025375139 0.12693566 -0.051699534 -0.16908664 -0.059157193 -0.011730541 0.017014036 0.04419283 0.08237188 0.020907499 -0.0067901276 -0.0060078013 0.0015531237 -0.04990942 -0.06598263 -0.042419016 -0.015013885 -0.011119852 0.03169503 0.01076493 -0.07161639 -0.022760797 -0.06319107 -0.021571992 -0.12142309 0.2118385 0.073039435 0.06929494 0.053736877 -0.0069832294 0.01360063 0.015391611 0.09077782 -0.05248927 0.0012929353 0.06391723 -0.10020334 -0.072503 0.0511878 -0.033134438 0.06723511 0.13491166 0.04604962 0.07729765 0.11554249 -0.06165078 0.022788804 -0.09202808 0.076673694 -0.050046474 0.0068756617 -0.08419341 0.06857712 0.20650862 0.2408475 0.021082774 0.18969578 0.07472652 -0.1427155 -0.108204275 0.057931874 0.08244467 0.15069017 0.011704303 0.002104373 -0.017752485
×é -0.114480145 0.095644556 -0.023427859 0.09172802 0.04808437 -0.094758384 -0.013269373 0.12533613 -0.08218193 0.091334745 0.028154505 -0.04277358 -0.06669957 0.03367578 0.14723423 -0.11605653 -0.056224905 0.086926974 -0.035633303 -0.0613233 9.9982404e-05 -0.10083116 -0.037835874 0.038984597 -0.09052645 0.014672259 -0.012594734 0.038685214 -0.14339057 -0.046346687 0.030451909 0.061807763 0.07828251 -0.019256657 -0.036013808 -0.006660815 -0.04510282 0.024985543 -0.13957635 -0.14101887 -0.120881245 -0.0008366317 0.05523246 0.058797993 0.056177996 0.007336698 0.095451824 -0.00049717963 -0.018038569 0.017349623 -0.014377199 -0.048615936 0.008861277 -0.07623151 -0.01777757 -0.08414219 0.09325256 -0.09597495 -0.08182097 -0.0031208121 0.07288101 0.08989759 -0.059683472 -0.08128192 -0.093971565 0.0777165 -0.12560497 0.20037843 -0.098206 0.014842384 0.01899399 -0.035194915 0.13313462 -0.05102811 0.007822617 0.06303483 0.059703607 -0.16935709 -0.1393141 -0.013437245 -0.045217637 -0.17717992 0.08762046 -0.01045727 -0.014463951 -0.031535406 -0.03143562 0.15667967 0.03492902 -0.09973595 0.045473997 0.03555011 0.10237658 0.04381192 0.1568446 0.27244118 0.0029389013 0.026661836 -0.13272184 0.17137918 -0.10769398 0.039268095 0.004153639 0.038534854 -0.098361894 -0.026972571 -0.11672503 0.104267485 -0.03166442 -0.12733999 -0.07048783 -0.10351222 -0.042455643 -0.05892009 0.006720741 -0.028699387 0.071617365 -0.103225924 -0.031570803 0.031641383 0.03772041 0.07727282 -0.008366197 -0.09468454 -0.022650084 0.14636636 -0.15644644 0.07351524 -0.06602006 -0.0028562834 0.013407976 0.07166116 -0.038476035 0.10767449 -0.02867292 0.11397806 -0.050206657 -0.1589511 -0.051665783 -0.002511136 0.014733261 0.04576192 0.074600756 0.017982215 -0.0009041397 -0.0044331746 0.008160042 -0.044807006 -0.06258163 -0.03952369 -0.015406091 -0.009986611 0.021210054 0.005776091 -0.07014933 -0.020726806 -0.058154114 -0.027853297 -0.11754578 0.19946188 0.069790356 0.06912669 0.049486082 -0.012295339 0.010680827 0.016059324 0.085788794 -0.052749947 -0.0035482706 0.060523298 -0.091299035 -0.06975463 0.042813513 -0.032172393 0.0682608 0.12622555 0.051619515 0.07672958 0.10761062 -0.060936697 0.021407964 -0.093419 0.07257071 -0.047104497 0.0021194366 -0.07607423 0.07317411 0.1967248 0.22530243 0.025845578 0.18000896 0.067265555 -0.1398786 -0.100167975 0.053113848 0.07708773 0.14226143 0.013605583 0.001600464 -0.022001129
Èç -0.15541033 0.12519334 -0.027599419 0.12352974 0.060031347 -0.13076757 -0.018221257 0.17304394 -0.110823505 0.12566732 0.03997398 -0.058338784 -0.084336355 0.041669913 0.20211275 -0.15997314 -0.082648486 0.12288609 -0.050158743 -0.088345826 0.0018142308 -0.1347498 -0.050006982 0.055801045 -0.12296995 0.023030385 -0.02548052 0.051072154 -0.19851305 -0.06337189 0.043846067 0.07915292 0.102306485 -0.019732863 -0.04989247 -0.0050432244 -0.06176645 0.035721842 -0.18489608 -0.19000904 -0.15936184 0.0074424595 0.07792266 0.07870008 0.07402234 0.004034732 0.11978015 -0.004643447 -0.02356075 0.024927093 -0.013759416 -0.06701006 0.021913456 -0.10276754 -0.032661043 -0.12230455 0.12143144 -0.12519778 -0.114402786 0.0016305376 0.108015776 0.12901178 -0.077366985 -0.10611704 -0.12432008 0.10992589 -0.16992949 0.2701209 -0.13440335 0.011816554 0.026508478 -0.04038937 0.17774032 -0.06441138 0.0050122384 0.09138896 0.07151057 -0.23111324 -0.18413077 -0.012077443 -0.06302955 -0.23515514 0.11590585 -0.021052146 -0.020045264 -0.04842953 -0.04151435 0.20154148 0.04090127 -0.13901275 0.05941778 0.040995605 0.14077123 0.055873472 0.21768853 0.37152645 0.0015909134 0.032829363 -0.16838497 0.22638322 -0.15189843 0.056432776 0.012044548 0.054599583 -0.13970935 -0.04642871 -0.15111567 0.13670906 -0.050042395 -0.16445631 -0.10402927 -0.13899812 -0.051509622 -0.07952341 0.007615078 -0.03976349 0.095406435 -0.1422045 -0.039984483 0.03853982 0.042894144 0.11023352 -0.0073114783 -0.13066204 -0.028260613 0.18770184 -0.2091216 0.09237549 -0.08595727 -0.002679388 0.015877075 0.09440371 -0.054519575 0.13827638 -0.04143897 0.16034988 -0.07020535 -0.20926088 -0.07027514 -0.010766693 0.011508222 0.05453849 0.10687617 0.025559116 -0.001272061 -0.0105440905 0.0055073122 -0.06364246 -0.08328105 -0.05898792 -0.010540933 -0.012429079 0.032394875 0.008834089 -0.0998713 -0.021118881 -0.08223392 -0.027262727 -0.15635161 0.26044574 0.09000278 0.09893446 0.06601478 -0.013510545 0.011648652 0.015725637 0.12312416 -0.071441926 -0.0033480811 0.0795197 -0.1253419 -0.08722656 0.06438637 -0.038647745 0.09561437 0.16395752 0.065413706 0.101012036 0.14652519 -0.075210065 0.034097534 -0.117355 0.09428893 -0.056186665 0.0059768814 -0.10201737 0.0913087 0.25707304 0.315696 0.028340437 0.23938465 0.08932318 -0.18660963 -0.13268064 0.06969507 0.100010626 0.18367761 0.0148538705 -0.005579646 -0.029757628
Ö® -0.097487085 0.07485964 -0.012390546 0.077456534 0.04038437 -0.08529878 -0.013394016 0.109169625 -0.06735483 0.08087613 0.019981498 -0.03375973 -0.055618413 0.030813266 0.12791708 -0.10058954 -0.053104572 0.07807789 -0.030431634 -0.0553532 -0.0017966651 -0.084752 -0.029432857 0.032938335 -0.0754039 0.010755053 -0.012930148 0.036618333 -0.1155688 -0.03873166 0.023718515 0.05333837 0.06672435 -0.012469951 -0.026073731 -0.00029335765 -0.035984837 0.0243982 -0.113573946 -0.124349676 -0.097415544 0.00084811886 0.046412695 0.0487598 0.043254014 0.011201251 0.073766395 -0.00051836023 -0.010261455 0.021087084 -0.011512203 -0.04448607 0.015861183 -0.06399671 -0.01986969 -0.07284769 0.07099415 -0.07705554 -0.063917175 -0.005621237 0.06252442 0.07394289 -0.049876582 -0.0685789 -0.071272545 0.06352206 -0.107853524 0.16780387 -0.08604185 0.009342537 0.011013218 -0.023414413 0.10546627 -0.040297884 0.0053952034 0.05043424 0.04282737 -0.1357389 -0.11575552 -0.0044692573 -0.034162704 -0.14834473 0.070404895 -0.009678551 -0.0114950705 -0.032253847 -0.020956567 0.12879059 0.031301614 -0.08951746 0.034569412 0.02965848 0.086297505 0.031792648 0.12803943 0.22432585 0.004830068 0.014434922 -0.10875315 0.14179547 -0.09374176 0.03682004 0.006074268 0.03280927 -0.08604094 -0.02506381 -0.097107776 0.07879479 -0.032630846 -0.10294387 -0.06177925 -0.08197757 -0.029779283 -0.042865712 0.004240563 -0.022599675 0.05158822 -0.09325736 -0.024893666 0.024859859 0.032064427 0.06246823 -0.008726311 -0.07682253 -0.01594359 0.11866085 -0.13218984 0.058147024 -0.051111523 0.0034344809 0.014943841 0.057447135 -0.039246682 0.09124866 -0.027812809 0.09238714 -0.045669723 -0.12738138 -0.04693209 -0.0049185934 0.014480102 0.03579341 0.062046032 0.013808311 -0.004819311 -0.005443644 0.0046366686 -0.037662815 -0.047869314 -0.03806362 -0.01337378 -0.0064783543 0.023062266 0.0062508285 -0.059148733 -0.018477459 -0.051152214 -0.017308723 -0.09995836 0.16548109 0.055904467 0.058273237 0.035646196 -0.0029743367 0.008224204 0.012911583 0.074947104 -0.044490404 0.004071849 0.05146772 -0.078411944 -0.05081862 0.0366947 -0.023456141 0.051925156 0.1061216 0.041463356 0.066783085 0.09430293 -0.052642956 0.024093747 -0.075635985 0.05947833 -0.034386076 0.00117365 -0.065915644 0.059435222 0.15710327 0.19155447 0.023393216 0.148593 0.05452851 -0.118732244 -0.08461181 0.0457885 0.06354228 0.117162704 0.0047889347 -0.004947541 -0.012859979
×î -0.14689471 0.117721476 -0.0204107 0.10885504 0.05880671 -0.12788257 -0.01864782 0.16724953 -0.1008096 0.12062374 0.0326902 -0.052092187 -0.08287896 0.04720373 0.19224727 -0.1475232 -0.077243514 0.112028845 -0.053845793 -0.079595946 -0.0036274567 -0.1276373 -0.04340548 0.0478728 -0.112957746 0.018615782 -0.021052772 0.052146785 -0.17596744 -0.059903134 0.043667197 0.075160675 0.09573575 -0.018619647 -0.042298492 -0.005241406 -0.05110154 0.038064335 -0.17446248 -0.18536262 -0.15048066 -7.287694e-05 0.071630314 0.06474483 0.069015495 0.008694421 0.11924694 -0.0053745927 -0.013798454 0.031822782 -0.0159284 -0.06710883 0.019911302 -0.10243122 -0.024408063 -0.11080472 0.11725065 -0.11590506 -0.10817455 0.003599835 0.10033443 0.11887632 -0.07462621 -0.0935975 -0.11034257 0.10259748 -0.155152 0.24784504 -0.12507595 0.011980512 0.020858029 -0.042100444 0.1636786 -0.0560597 0.0022352538 0.081261046 0.06690331 -0.21003835 -0.16726157 -0.009051653 -0.058365375 -0.21266527 0.10900792 -0.013706942 -0.020937923 -0.042846654 -0.03268347 0.19378994 0.03885642 -0.12654531 0.06052347 0.041338157 0.12581275 0.052570634 0.20405883 0.33982596 0.007850445 0.022360219 -0.16077572 0.21428324 -0.13729034 0.051015448 0.010428196 0.055171326 -0.13446994 -0.035693303 -0.14791563 0.12593074 -0.04262205 -0.15078916 -0.09058412 -0.12429656 -0.046680555 -0.072821364 0.0069043105 -0.04212545 0.08617525 -0.13643098 -0.039645433 0.03741064 0.048094455 0.09586697 -0.005510222 -0.11609224 -0.024604527 0.17903535 -0.19702746 0.08601573 -0.08190768 0.00533417 0.017818296 0.09403887 -0.05509251 0.13548115 -0.039278846 0.14485721 -0.06708381 -0.19075657 -0.067606434 -0.010965445 0.015779521 0.046321727 0.10325379 0.029794306 -0.004526287 -0.010646257 0.0049448647 -0.05704044 -0.08080121 -0.05477714 -0.019848732 -0.0113674095 0.031822335 0.0052989163 -0.09431322 -0.02167362 -0.076386385 -0.02839123 -0.14596663 0.2426838 0.09263019 0.087652944 0.055126585 -0.0121333515 0.00800316 0.010893023 0.11363254 -0.064363815 0.0033797047 0.07062151 -0.11212924 -0.08918482 0.059396204 -0.036997404 0.08723338 0.16096453 0.06342701 0.09921358 0.13890256 -0.07674028 0.034190673 -0.119629756 0.09153336 -0.048895925 0.00054898456 -0.09367406 0.08637947 0.23865436 0.2897371 0.033037793 0.22407876 0.09117956 -0.17609408 -0.123981446 0.06805593 0.09296641 0.17622298 0.017776977 -0.00045905626 -0.020640917
Ö§ -0.07683782 0.060383763 -0.013098474 0.057139877 0.031473882 -0.06513317 -0.014861668 0.083060905 -0.056414872 0.060935345 0.017931527 -0.030489216 -0.04091955 0.017652983 0.09482828 -0.0736108 -0.03574964 0.055116735 -0.023488272 -0.035167698 -0.0013547868 -0.060370907 -0.029150791 0.02061897 -0.06238296 0.0112594785 -0.008079994 0.029276785 -0.09623527 -0.025713652 0.019482594 0.044977177 0.05240879 -0.014469954 -0.020230569 -0.0049274326 -0.0243804 0.020180147 -0.08781311 -0.096317835 -0.072448045 -0.0040089088 0.035394207 0.034377605 0.037272338 0.00797364 0.0577418 0.00035094086 -0.010269673 0.016434912 -0.015006871 -0.028970554 0.0131072635 -0.04366295 -0.009187324 -0.05953841 0.05528149 -0.06161656 -0.05220064 0.0019258698 0.053565435 0.05579879 -0.037093677 -0.054158993 -0.054010335 0.053919792 -0.0782228 0.13217928 -0.061302483 0.00834391 0.008844346 -0.021399869 0.08164651 -0.029080993 0.005187719 0.03768503 0.033303153 -0.10977204 -0.08495246 -0.002893668 -0.028904239 -0.11588928 0.06260402 -0.011012808 -0.012105722 -0.020220278 -0.019213075 0.100996874 0.02517063 -0.066328235 0.023810394 0.015845612 0.066498175 0.027118564 0.09982289 0.17276993 0.0054008635 0.011173767 -0.080263235 0.10664484 -0.07679099 0.027909406 0.002276648 0.030089883 -0.066565335 -0.01406619 -0.07216837 0.060779963 -0.027110597 -0.07594548 -0.042040344 -0.0634186 -0.019520475 -0.038758613 0.0008341224 -0.01834955 0.044547047 -0.06859509 -0.025755607 0.015604815 0.019188864 0.052452758 -0.01037953 -0.05582656 -0.012110257 0.090878755 -0.10343431 0.045908123 -0.03940795 0.005366807 0.0059054904 0.04788675 -0.02728173 0.07392416 -0.01610768 0.07039597 -0.0353832 -0.09854717 -0.027552685 -0.005568255 0.0055397134 0.025329757 0.047848906 0.014116727 -0.002828719 0.0010073452 0.0072267326 -0.02722388 -0.037308987 -0.027829086 -0.007778053 -0.0055824644 0.010613929 0.0031977838 -0.042443704 -0.012539367 -0.04268461 -0.01705236 -0.08087476 0.1299688 0.040905826 0.04897408 0.028233578 -0.005196257 0.0070820698 0.005863321 0.05876046 -0.031854797 0.002482439 0.0390381 -0.05347792 -0.042080548 0.03222566 -0.016561864 0.038953435 0.08196958 0.03248488 0.04724662 0.07547233 -0.042229477 0.011359987 -0.056317 0.049696386 -0.032132592 0.007069489 -0.054825436 0.0455468 0.12789528 0.1440353 0.009623393 0.111661054 0.04851792 -0.08632768 -0.059372216 0.031518336 0.05362673 0.08823279 0.0070428164 0.0035832904 -0.012388126
·Ö -0.11840336 0.09889047 -0.021800503 0.08995501 0.055168413 -0.10328665 -0.019785615 0.13239741 -0.08617736 0.09463548 0.02821859 -0.04087315 -0.06982464 0.03415272 0.15839095 -0.116313174 -0.06259036 0.09322373 -0.04255067 -0.0609021 0.0013063805 -0.10059629 -0.03748417 0.039264496 -0.09277498 0.016244415 -0.013723006 0.04551293 -0.15011255 -0.041796133 0.031072801 0.057184793 0.07814911 -0.01639604 -0.031584837 -0.008426498 -0.04892988 0.024191838 -0.14068408 -0.14897813 -0.12441388 0.006462348 0.061418127 0.054468304 0.05941446 0.006020977 0.09581786 -0.005418317 -0.013262197 0.021573972 -0.016476061 -0.050004013 0.017686885 -0.07767087 -0.017485464 -0.09753011 0.09928851 -0.10144359 -0.09006927 0.0001518268 0.079903625 0.09376759 -0.061762422 -0.0791092 -0.09598875 0.08569516 -0.12399265 0.20812628 -0.10365978 0.008138466 0.016900118 -0.031828064 0.13809857 -0.05353632 0.0006875162 0.066255376 0.05290677 -0.17483123 -0.14249569 -0.016045842 -0.051267523 -0.17435011 0.094214395 -0.008948185 -0.018979475 -0.03439055 -0.02386787 0.16213089 0.031374935 -0.11067691 0.04505194 0.038840268 0.10847558 0.050554015 0.16854502 0.28592342 0.0052085784 0.024359407 -0.13239995 0.18253286 -0.11674958 0.0488817 0.0017980003 0.045081154 -0.10991003 -0.036107916 -0.11888321 0.10650844 -0.032729577 -0.1290947 -0.074440956 -0.1050573 -0.039540675 -0.058862425 0.005664637 -0.037463486 0.07396524 -0.11214048 -0.029166823 0.029072808 0.033859804 0.08299921 -0.002714547 -0.09745581 -0.022332264 0.14552607 -0.16440073 0.0659239 -0.067127176 -0.0024848895 0.017968094 0.071104795 -0.046378832 0.10938694 -0.03431783 0.11647325 -0.051549308 -0.1661492 -0.049656987 -0.0049930406 0.012779949 0.041273568 0.08033986 0.018841563 0.0019915644 -0.0065436494 0.002293448 -0.05014016 -0.064288326 -0.045139927 -0.015163549 -0.0068569826 0.029235998 0.00494312 -0.07304913 -0.020579861 -0.060687706 -0.028093576 -0.11961168 0.20632036 0.07465282 0.06864212 0.04519403 -0.003301768 0.012945704 0.008682928 0.09179177 -0.05370643 -0.003302585 0.063452564 -0.09103101 -0.06890909 0.047282368 -0.033803772 0.07014042 0.13470837 0.04498021 0.0767185 0.11382109 -0.055429827 0.028204307 -0.096903116 0.07836115 -0.040770803 0.0055688783 -0.07873796 0.07309691 0.20187059 0.23996283 0.020340178 0.1872913 0.07009249 -0.1461064 -0.105342865 0.05169397 0.08173877 0.13967206 0.010696535 -0.004629209 -0.019699171
¡£¡± -0.0007426405 0.0020351666 -0.0034252917 0.003683091 -0.0029623378 -0.00165856 -0.0010113489 -0.0047921957 -0.004359775 0.0001924771 -0.0030814845 -0.0009449345 0.0024211288 -0.004981848 0.0016693592 -0.004349059 0.0027187467 0.004722365 0.0032905864 -0.0030282664 -0.0029899066 0.0020224345 -0.0044488716 -0.0029275161 -0.002138226 -0.0033925294 0.0011017936 0.0013818854 -0.001922859 0.0020775169 0.00072069047 -0.0005697566 0.0032789332 -0.0047824983 0.00033926548 -0.0034695726 0.0037618368 -0.0042433543 -0.0036557156 -0.0022236537 -0.0040965904 -3.33488e-05 -0.002227544 0.004545371 0.00015560984 0.00080913125 -0.002937445 0.00015793741 -0.004499553 -0.004513571 0.00094167294 0.0037903874 -0.0027892285 -0.0020184768 -0.001920178 -0.0032831668 0.0045238608 -0.0046217307 -0.0021698368 -4.6652553e-06 -0.0011176551 -0.0028863354 -0.0022976892 -0.004426403 -0.0027489245 -0.0047966964 -0.0049062665 -0.003740875 0.0047729076 -0.00295465 0.002180205 0.0038174146 0.0018353397 -0.0038938867 0.0028500229 -0.00012435735 0.0026019036 0.0048255417 -0.0016510886 0.0037677216 -0.0016877353 0.0046194387 -0.0010254467 0.001009751 -0.002677893 0.0005559868 0.0009983497 -0.0010118914 -0.0034602426 0.0023056746 -0.0025822597 -0.0016222071 -0.0036351092 0.0030818426 -0.00063580216 -0.003469566 0.004148147 -0.004811761 -0.003303799 0.004137575 -0.0008343184 -0.0010971945 -0.004816124 0.0047076736 0.0002104032 0.0031260413 -0.0011031467 0.001130668 -0.004662162 0.002687512 -0.0030479897 0.004037652 0.004986434 -0.004778624 -0.004024737 0.0018159669 0.0042060288 0.0034543276 -0.0035124975 0.004898951 0.00081389485 0.0049085645 0.00018693805 -0.004383543 0.0032328456 -0.003943311 -0.003569567 -0.00086549995 0.0011579144 -0.004441911 -0.000586437 0.0029748874 -0.003834787 -0.004672591 -0.0020058877 0.0030158048 -0.001723829 -0.0008355653 -0.0018632954 -0.004406918 0.0029789435 -0.00043232323 -0.00044576527 0.0007545793 -0.0010351562 -0.0038983393 -0.0041473275 -0.0024867589 0.0038297838 -0.00033663036 0.0045222733 0.0031805944 0.0024426125 0.004092254 0.0039615845 -0.00016283333 -0.0012804902 0.0014031661 0.0010702688 -0.00079832855 0.0010372782 0.0014530546 0.003524174 -0.004197447 -0.000647139 0.004711837 0.0018798709 -0.001929993 -0.0034418683 0.0035485053 -0.00415791 -0.003253774 -7.145107e-05 0.00440119 0.0023791594 -0.004211628 0.004022343 0.0019563674 0.0024367915 -0.0040535736 0.00036138 -0.002802273 -0.0045937165 -0.002429974 -0.0030562996 -0.0046462356 -0.0036009043 0.00085532904 -0.0023594832 0.0033265264 0.0001596129 0.0026387023 0.0027111084 0.0030252945 -0.002336697 -0.0049440004 -0.0046931864 -0.0012853122 -0.0013064354 -0.0019229096
12 -0.07887029 0.06618992 -0.014771282 0.06812899 0.039501257 -0.07208649 -0.012924538 0.09368352 -0.05006247 0.060062703 0.022417521 -0.03152779 -0.049829297 0.029629225 0.09921734 -0.08077601 -0.04547399 0.054468304 -0.024963196 -0.047343805 0.0044627073 -0.07437128 -0.025628999 0.026996536 -0.06301364 0.006448584 -0.01547994 0.0272413 -0.09775708 -0.03015451 0.023191938 0.03642091 0.05819188 -0.009363238 -0.02806332 -0.0002547679 -0.026633633 0.017257595 -0.09435838 -0.10359692 -0.08064179 0.00079039537 0.04343363 0.03838507 0.041196942 0.0029758418 0.06595165 -0.0029182003 -0.0068768533 0.01707408 -0.005969808 -0.03755742 0.012946311 -0.055663116 -0.012079641 -0.06441173 0.06649348 -0.06933618 -0.06265289 0.003907124 0.051260516 0.07026804 -0.04602353 -0.05515684 -0.06815444 0.05672624 -0.091257714 0.14433762 -0.06537029 0.005572326 0.0071058036 -0.019271616 0.091573305 -0.026748516 0.0045347903 0.048872605 0.042587463 -0.11467395 -0.0926092 -0.013461446 -0.031142576 -0.116125114 0.059851144 -0.009598822 -0.01022216 -0.022202427 -0.019607233 0.104425274 0.016411262 -0.07288193 0.031490117 0.023713518 0.07075878 0.035178035 0.113848895 0.19234379 0.003952251 0.012952813 -0.08666321 0.1143321 -0.08297629 0.03006143 0.005383952 0.02901794 -0.069789395 -0.017865917 -0.08168916 0.07185274 -0.020904958 -0.08098564 -0.05191539 -0.07548016 -0.024138864 -0.04649128 0.0017654768 -0.026726564 0.04736495 -0.081986174 -0.022744294 0.016216783 0.030818686 0.06356534 -0.00072976714 -0.068164706 -0.0085871415 0.09309469 -0.10952179 0.049188334 -0.045026895 0.0019592086 0.009156029 0.05673642 -0.03161606 0.073785834 -0.021256616 0.0835829 -0.030973129 -0.104516245 -0.036417622 -0.007927993 0.0042530852 0.022082785 0.05214063 0.01572374 -0.0013445785 -0.0036684957 0.0002848965 -0.030690137 -0.039769456 -0.026201727 -0.005422341 0.0007055187 0.021565948 0.009972843 -0.049206346 -0.010724887 -0.043861378 -0.011528943 -0.07653726 0.13921301 0.046607748 0.049744416 0.029677846 -0.00808655 0.0040689376 0.009086066 0.061483108 -0.034314796 -0.0006721772 0.038533386 -0.06007215 -0.044862643 0.030608786 -0.017958956 0.04425144 0.086357325 0.036077175 0.057384446 0.07627248 -0.041588042 0.019085236 -0.056386877 0.050458774 -0.028701594 0.0009319806 -0.05155806 0.05106068 0.13174598 0.16147365 0.013432059 0.1286467 0.04706381 -0.09666584 -0.069240764 0.03248774 0.050537076 0.098330684 0.0036507053 -0.0043496983 -0.019530384
7 -0.08874354 0.061915077 -0.013130807 0.06464346 0.039302263 -0.07731875 -0.016124953 0.0953669 -0.05707194 0.06788621 0.015434029 -0.027693553 -0.051137764 0.03111129 0.102885276 -0.08279769 -0.047160864 0.066324815 -0.026640175 -0.044290435 0.00062188227 -0.07630824 -0.022446422 0.02395451 -0.06312043 0.007888185 -0.010003663 0.03295497 -0.10908874 -0.026673034 0.023447238 0.04487102 0.05974692 -0.012111759 -0.023967428 0.0009783175 -0.030854367 0.012958263 -0.09866984 -0.10532531 -0.08352162 0.005047208 0.047258552 0.036346715 0.037320677 0.0040574707 0.060157653 -0.0049180104 -0.012767978 0.010216069 -0.007124534 -0.030222299 0.010167018 -0.059546996 -0.02149587 -0.062108394 0.0661368 -0.07433226 -0.059275236 4.36318e-05 0.05927468 0.066838056 -0.04129751 -0.060238164 -0.06793498 0.059502468 -0.09411403 0.14553055 -0.0682701 0.0031472375 0.014711708 -0.025355555 0.09598692 -0.02739833 0.0077441637 0.04902581 0.041478053 -0.12545148 -0.10191268 -0.015237444 -0.038345106 -0.11803747 0.060731497 -0.0074451384 -0.016161852 -0.022312656 -0.013844931 0.10847751 0.021473885 -0.07355387 0.035607867 0.021945858 0.07611055 0.030113693 0.11257839 0.20398462 -0.0017688579 0.011309572 -0.09372476 0.12248407 -0.08309727 0.034499086 0.00906749 0.028045956 -0.0731959 -0.020618614 -0.078921996 0.073665865 -0.02925078 -0.08924956 -0.05966582 -0.07392882 -0.026773147 -0.04637746 0.0045548305 -0.021484397 0.05153355 -0.074811205 -0.020925447 0.016595434 0.031311803 0.06388591 0.0024758787 -0.07108639 -0.00591811 0.102779336 -0.10792567 0.04911141 -0.044856634 0.00012765986 0.011168553 0.055597305 -0.03588052 0.07646879 -0.02332957 0.088291965 -0.03764442 -0.11262602 -0.043349866 -0.0042414763 0.011347542 0.022732794 0.06002899 0.016265424 -0.0052216216 -0.009849926 -0.00171907 -0.035514854 -0.042437535 -0.027956825 -0.0031611118 -0.00298647 0.01635751 0.010558085 -0.051097695 -0.01521544 -0.038840953 -0.016966583 -0.08683881 0.14528114 0.050251607 0.050523456 0.03416481 -0.008560024 0.0053067324 0.008048248 0.0700916 -0.03605076 -0.0041733864 0.04282257 -0.0632068 -0.048933316 0.03622064 -0.026382312 0.045111667 0.090086706 0.03887348 0.053153843 0.07820879 -0.04429665 0.02133644 -0.06264713 0.048578512 -0.033378087 0.0040116147 -0.057227064 0.045309667 0.13296157 0.16903508 0.022872962 0.13228673 0.050109092 -0.09863518 -0.06766881 0.040042594 0.05636789 0.100041986 0.004825087 -0.0014961006 -0.015950168
J. -0.046053153 0.038174156 -0.006943371 0.036097102 0.025270183 -0.04169335 -0.011445827 0.057911597 -0.026951162 0.03173122 0.014566035 -0.020646017 -0.0224811 0.014681692 0.061900947 -0.047604192 -0.027408192 0.04053183 -0.017551724 -0.027385203 -0.0033643963 -0.03755361 -0.018560275 0.011973667 -0.040064532 0.0018537756 -0.0029962528 0.012832849 -0.05811055 -0.018939609 0.0106331175 0.023408953 0.027879875 -0.011156709 -0.0120806135 -0.0054890555 -0.016504629 0.0061869654 -0.06138442 -0.05723532 -0.04322654 0.0027089939 0.023880858 0.022221636 0.027510842 0.0026906005 0.03517763 -0.002801306 -0.0073701474 0.0075166584 -0.008716755 -0.019697418 0.009197196 -0.030389648 -0.010516086 -0.036189467 0.038097743 -0.03572455 -0.031758063 0.004484387 0.035729017 0.037203215 -0.02221922 -0.029093936 -0.03973678 0.03593334 -0.046004187 0.08651342 -0.040408283 0.00055641646 0.00448569 -0.010097663 0.058334835 -0.016607488 0.002231142 0.025398772 0.025068037 -0.06513436 -0.060171902 -0.0067619937 -0.014428419 -0.0688087 0.03791843 -0.008738057 -0.010694182 -0.012251139 -0.01095218 0.06165642 0.007989505 -0.043911327 0.021247998 0.018883659 0.04451048 0.017498672 0.06965238 0.11706366 -0.0005479992 0.00670243 -0.053702585 0.07480778 -0.05058585 0.014880682 0.00068423926 0.017059596 -0.040368807 -0.013276919 -0.051345497 0.04022136 -0.0150511 -0.047306027 -0.027221091 -0.038541842 -0.01756113 -0.026411049 -0.00010617885 -0.009558199 0.026938906 -0.04405134 -0.013445078 0.013089842 0.017903218 0.034240954 0.0030711952 -0.043020424 -0.005447917 0.0594189 -0.05843934 0.023426792 -0.020550877 0.002433942 0.0037599443 0.035328265 -0.022351634 0.04026981 -0.012682233 0.050109074 -0.024689779 -0.06462511 -0.026301859 -0.005829282 -0.0005904085 0.018667152 0.028342385 0.0093079135 -0.005244625 -0.0037077656 0.006458284 -0.018576192 -0.026721064 -0.015537148 0.00056387717 -0.003592733 0.012634451 0.005667737 -0.030949336 -0.004501663 -0.028014483 -0.010381756 -0.04678477 0.07910785 0.034129187 0.027100865 0.01625438 -0.001841023 0.00014398572 0.0010723232 0.032887053 -0.023492636 -0.003680729 0.021646697 -0.03594702 -0.025100054 0.01858603 -0.00942133 0.027214743 0.054772153 0.020042785 0.026965166 0.04076276 -0.025190096 0.0062725977 -0.040031146 0.03133766 -0.017362284 0.0031406574 -0.032402888 0.025033152 0.08258238 0.09715942 0.012667747 0.07550445 0.02529373 -0.054729078 -0.042232525 0.0182664 0.032897525 0.058487955 0.0055409893 0.00067277875 -0.0074803657
1994 -0.07006516 0.051589463 -0.011094991 0.04987718 0.03107379 -0.06106436 -0.013594591 0.0788915 -0.04361364 0.049364965 0.01777093 -0.02995052 -0.03501044 0.016106546 0.08145607 -0.0637853 -0.03106533 0.052119542 -0.018807022 -0.040113334 0.004437531 -0.061417487 -0.01494789 0.026159981 -0.050441753 0.0077588693 -0.008975509 0.018765695 -0.08751262 -0.020732623 0.022281054 0.032589547 0.04328241 -0.006017732 -0.01883353 -0.006148163 -0.020152913 0.0160592 -0.08047491 -0.08303658 -0.06919837 0.0057627824 0.037632294 0.033520788 0.036835983 1.4857028e-05 0.051787764 0.00014318795 -0.007706381 0.01260078 -0.004354264 -0.025592363 0.012028026 -0.045411214 -0.0092153195 -0.051800206 0.056438208 -0.052942112 -0.053234346 -0.0007496222 0.043800846 0.05911165 -0.038390867 -0.04141254 -0.051695187 0.047632 -0.07287659 0.1203257 -0.0581926 0.009363873 0.006206008 -0.016115664 0.0761004 -0.026344016 0.007709247 0.037939742 0.035346765 -0.09797656 -0.07796505 -0.0070755593 -0.026222404 -0.10057805 0.048045937 -0.005648993 -0.010940357 -0.018475283 -0.01784225 0.08304727 0.01832046 -0.05778905 0.030713145 0.024245102 0.056790892 0.030770488 0.09086466 0.15521576 0.0014606081 0.008452993 -0.071610115 0.098409966 -0.068755455 0.023642784 -0.00043584837 0.020243954 -0.0582186 -0.022497647 -0.0701206 0.057104744 -0.023176698 -0.07124665 -0.04098488 -0.060363334 -0.021323064 -0.032119263 0.0067018657 -0.021214299 0.037503965 -0.06011765 -0.02084831 0.014333345 0.02012246 0.049635228 0.0010036136 -0.04978995 -0.009014818 0.08140237 -0.09243837 0.042214822 -0.037080154 0.0030208004 0.005811343 0.042603932 -0.027297514 0.058496177 -0.017308492 0.07081997 -0.030179532 -0.0881073 -0.03350152 -0.005297572 0.009039028 0.017261337 0.048554994 0.015017914 -0.0016873718 -0.0023494232 -0.0011884243 -0.028159061 -0.03619045 -0.018681174 -0.005242373 -0.008324582 0.012522227 0.0025301552 -0.039386958 -0.0076315864 -0.037252795 -0.012034609 -0.06501865 0.11368418 0.044773985 0.04513676 0.026241599 -0.0003124373 0.008873341 0.0048588337 0.0511099 -0.030045833 -0.0031860934 0.03139067 -0.047496293 -0.041517027 0.028262306 -0.02207092 0.044415757 0.07086987 0.022347696 0.042721137 0.06219781 -0.03674359 0.011900361 -0.052423052 0.038829632 -0.021301547 0.00010684528 -0.04353437 0.036419764 0.10898738 0.12969819 0.015522534 0.101152204 0.03896623 -0.08345581 -0.05948679 0.031422608 0.038914 0.081953175 0.0050348733 4.743241e-05 -0.015192302
ÌÖÂÛÇø -0.071491264 0.059790105 -0.010124149 0.056762375 0.029126132 -0.06620607 -0.012529147 0.08572457 -0.05394884 0.062359035 0.017893037 -0.025365898 -0.04127535 0.016190926 0.096506625 -0.07139602 -0.038115744 0.054711793 -0.028304804 -0.03793366 0.0029544283 -0.06318499 -0.01883573 0.021746814 -0.053821515 0.008889713 -0.011222649 0.028021084 -0.09416807 -0.028300678 0.024217777 0.038333412 0.056244835 -0.0076337485 -0.017932793 -0.0021965902 -0.02186263 0.019582003 -0.09124398 -0.093168184 -0.0793477 0.005818983 0.038006995 0.03672375 0.038375936 0.007839521 0.056185704 0.0036802606 -0.0062670987 0.010042741 -0.009261156 -0.03246475 0.0073822034 -0.04966919 -0.015970044 -0.060089614 0.06198059 -0.059865765 -0.05312084 -0.004891509 0.048839204 0.06366067 -0.038597476 -0.053283818 -0.06101621 0.049277 -0.0833818 0.13027315 -0.060429264 0.0058273384 0.010445357 -0.02447947 0.088153146 -0.024759546 0.0046276 0.036745716 0.036161847 -0.11451986 -0.09296662 -0.007665138 -0.029907 -0.11013304 0.05442396 -0.010255807 -0.013368158 -0.023592899 -0.020742552 0.09805249 0.014709921 -0.07066243 0.027449217 0.026410528 0.06296844 0.03433268 0.10542823 0.17057471 -0.00094890536 0.012067232 -0.08292072 0.10831098 -0.07628449 0.026153557 0.0051327236 0.02931974 -0.06282339 -0.027337505 -0.06950157 0.059902586 -0.020454668 -0.08054443 -0.043508403 -0.06820641 -0.023336131 -0.040082265 0.0066458983 -0.018925142 0.042650912 -0.07378353 -0.021180682 0.018043961 0.02185284 0.05125793 -0.0028125427 -0.063659586 -0.009353138 0.092615 -0.09996493 0.04557448 -0.03617094 -0.0015850556 0.013194118 0.050212678 -0.028373564 0.063198246 -0.01773155 0.07556352 -0.03599614 -0.10237446 -0.034719385 -0.0028633103 0.003911611 0.02737004 0.049110424 0.013014866 -0.005208191 0.0012547509 0.005442556 -0.030072052 -0.043923073 -0.026620628 -0.011317883 -0.00528057 0.017464017 0.005999692 -0.043845408 -0.0071235755 -0.0402034 -0.017900974 -0.07560413 0.12574793 0.05039884 0.049024694 0.030632736 -0.007915683 0.0020623645 0.010876011 0.053083926 -0.038442645 0.0018919742 0.034120455 -0.05692944 -0.043917913 0.02836963 -0.020284759 0.04341741 0.07960385 0.03589363 0.050198223 0.06950554 -0.034634553 0.00997079 -0.051538434 0.04610017 -0.022094551 0.007282842 -0.046202336 0.043985546 0.1153594 0.14774245 0.017239412 0.113406986 0.0441371 -0.09115867 -0.06452489 0.030194724 0.04457127 0.091134615 0.0031413308 -0.0022685837 -0.017566895
(×ªÔØ) -0.01329743 0.011719125 0.0020266704 0.01525674 0.006321248 -0.016679898 -0.006509148 0.019759344 -0.009537336 0.016306046 0.0032561752 -0.010529954 -0.0076156436 0.0077784327 0.022824675 -0.013489689 -0.0034923502 0.010813115 -0.006340936 -0.0045523886 -0.0014288784 -0.01109576 -0.00483143 0.0022761142 -0.016139861 0.0067194537 -0.00737084 0.0034878075 -0.01937585 -0.0058627026 0.0024546746 0.0047933618 0.010515655 0.0015685488 -0.009204591 0.0015759148 -0.010465805 0.0014750949 -0.019554358 -0.02060039 -0.019604644 0.0044628805 0.0035678463 0.01225376 0.01030824 -0.0002629136 0.011992944 -0.005895605 -0.0036393364 0.0047951136 -4.7836405e-05 -0.011073152 0.00017299523 -0.014835451 -0.00027893964 -0.008597844 0.0091585815 -0.016737316 -0.012488123 0.0047575906 0.01385197 0.01389282 -0.003457835 -0.008054236 -0.007604875 0.015735611 -0.019462347 0.030765772 -0.017787559 -0.003344613 -0.0010175201 -0.00011664023 0.019042708 -0.010482346 -0.0024708242 0.009340645 0.008518809 -0.021477534 -0.016023135 0.0014831035 -0.008391191 -0.027007699 0.011534359 0.0026772544 -0.002618505 -0.0072399885 -0.0072309603 0.023124821 0.0028460918 -0.01013734 0.008858083 0.0028557184 0.014649952 0.0078087556 0.017678363 0.036064334 -0.0017387044 -0.0023683691 -0.018123625 0.02441713 -0.017661158 0.0010968101 -0.0019812272 0.0023963843 -0.018393666 2.4700345e-05 -0.016420556 0.012515852 -0.0007045633 -0.021797266 -0.011817282 -0.017196432 -0.004996952 -0.010210107 0.0059944196 -0.006052199 0.006241529 -0.015127673 -0.000660625 0.003528991 0.0040731994 0.008177686 -0.00405729 -0.017106915 -0.0012563472 0.020514008 -0.021929178 0.0076776235 -0.007703037 -0.0006465805 0.006780487 0.010736229 -0.009925812 0.01771832 -0.004987779 0.018449716 -0.009915142 -0.025392052 -0.00851887 0.0019669186 0.0030128448 0.0026817769 0.007618006 0.0034575684 -0.0018833809 -0.0035676595 -0.0045158397 -0.0063098287 -0.012676113 -0.0080459295 0.0011505766 -0.0040133316 0.0001489002 -0.0028709716 -0.012397168 7.3862895e-05 -0.0065929675 -0.004726213 -0.015502829 0.028205723 0.007437145 0.012663915 0.0013962052 -0.0025694123 -0.00030278275 0.0026301898 0.008258825 -0.0026798989 -0.0028609706 0.008982733 -0.01418715 -0.00810445 0.006545241 8.3971885e-05 0.011075303 0.020717338 0.010971408 0.00598832 0.016496241 -0.010120417 -0.0017222579 -0.0076018986 0.008039651 -0.0049874615 0.0011199767 -0.014675296 0.009263169 0.027719218 0.034913324 -0.00016798249 0.024797566 0.013787956 -0.016627576 -0.01033019 0.008297062 0.00710984 0.017739927 0.0039916956 0.0010262218 0.00042589186
»¯ -0.12225041 0.10047713 -0.020256808 0.09278268 0.04758392 -0.10077728 -0.018476168 0.1379799 -0.08055472 0.08925478 0.023104044 -0.045474403 -0.06732035 0.03826963 0.15196231 -0.12000053 -0.064310454 0.089689106 -0.03903475 -0.062110662 -0.004651961 -0.10595353 -0.036039107 0.03761822 -0.092385866 0.010737637 -0.021394508 0.037296966 -0.14877376 -0.04481402 0.03527821 0.056498762 0.08058072 -0.018806046 -0.035662994 -0.0031506405 -0.041403968 0.029522669 -0.14450143 -0.15134448 -0.11779184 0.002319103 0.057339683 0.059152406 0.062647685 0.0056950655 0.09308255 0.0018265279 -0.016044483 0.022423932 -0.007720098 -0.05037213 0.013119265 -0.08408726 -0.020731078 -0.09226133 0.090509176 -0.09626566 -0.08495235 -0.00015620983 0.07375763 0.09209779 -0.05759282 -0.08111793 -0.09335618 0.07996204 -0.12420449 0.20805687 -0.1052934 0.006900281 0.017995145 -0.03719073 0.13118269 -0.047617156 0.008044143 0.066260815 0.056524858 -0.17788616 -0.14283964 -0.010426041 -0.049059134 -0.17202847 0.09182695 -0.015556423 -0.014414974 -0.036107667 -0.026167836 0.15884182 0.033300705 -0.10660185 0.045573663 0.040724583 0.10566507 0.046589516 0.1663282 0.2782952 0.002754839 0.025278162 -0.1276611 0.17728919 -0.111993745 0.038711492 0.0068724826 0.042789515 -0.10420271 -0.03611169 -0.113489926 0.105619796 -0.030808117 -0.123174496 -0.07401097 -0.10636198 -0.041523185 -0.0595296 0.006154034 -0.03837386 0.07378707 -0.10686837 -0.028082976 0.024609901 0.035341173 0.08609548 -0.003025296 -0.09325158 -0.015614651 0.14622417 -0.15417136 0.06949264 -0.06267676 -0.0035784892 0.019976469 0.07220397 -0.039220016 0.11099518 -0.032852344 0.11452869 -0.053595833 -0.16218984 -0.053066697 -0.0035076656 0.016000886 0.04552144 0.080375075 0.022096906 0.0024995003 -0.007955647 0.011042667 -0.045537937 -0.066631205 -0.046141125 -0.012081259 -0.005275493 0.028073093 0.010119269 -0.07025006 -0.023151388 -0.056108885 -0.025571495 -0.11482331 0.2003367 0.0745164 0.073398374 0.051314898 -0.009951881 0.0037847543 0.008175866 0.08700109 -0.05341922 0.0018181315 0.06124171 -0.09211293 -0.07312901 0.048612908 -0.03455355 0.072043486 0.13207196 0.04575086 0.07760107 0.10496921 -0.05617027 0.022732485 -0.09141832 0.07026992 -0.040455054 0.005152094 -0.070196874 0.07046745 0.19718376 0.23710538 0.025029426 0.17940067 0.06869668 -0.1403304 -0.10052791 0.051753007 0.08077984 0.13664655 0.010184801 -0.0046527367 -0.021305354
Óª -0.14019202 0.11374494 -0.02286284 0.1102126 0.058819886 -0.11358 -0.02268441 0.15283169 -0.09501245 0.114097185 0.028842242 -0.05321352 -0.077347875 0.040983092 0.17758122 -0.14000514 -0.06525493 0.10962827 -0.04483328 -0.07662126 0.0006962985 -0.11959555 -0.047381904 0.049010966 -0.109736405 0.018653203 -0.016545149 0.04964433 -0.16996081 -0.05069983 0.045545302 0.06929383 0.09821012 -0.01785311 -0.03510855 -0.005616742 -0.05081403 0.027177216 -0.1605535 -0.16866353 -0.13888757 0.0009504263 0.06810386 0.06457149 0.06958228 0.0044395984 0.10870713 -0.0052259113 -0.01709905 0.021632321 -0.017426904 -0.054529868 0.018606324 -0.095138334 -0.022876177 -0.10426892 0.10599818 -0.10833936 -0.10066993 -0.003737516 0.09440448 0.10863581 -0.06486538 -0.0867112 -0.10120876 0.09511162 -0.14569218 0.23541771 -0.11547309 0.008832854 0.020037789 -0.03580771 0.15431817 -0.059344247 0.00427133 0.07737032 0.06557683 -0.19795634 -0.16654779 -0.013362717 -0.05109528 -0.20966157 0.10351405 -0.014045946 -0.016185464 -0.040531866 -0.036794376 0.17880797 0.04138901 -0.12614511 0.052485295 0.036939528 0.12677024 0.04877915 0.18431772 0.32812083 0.0064853076 0.019167632 -0.14976424 0.20319296 -0.1313347 0.050074726 0.009399653 0.049717873 -0.11816781 -0.032425832 -0.1358048 0.12161897 -0.037785884 -0.14689614 -0.08902698 -0.12505206 -0.04334986 -0.07066079 0.0040519587 -0.037165858 0.07643097 -0.13426425 -0.034192093 0.031069934 0.03758154 0.0961382 -0.0012636452 -0.112217814 -0.020855851 0.16346231 -0.17739068 0.083279476 -0.07468367 -0.0017595445 0.022601197 0.08735021 -0.05089422 0.12946546 -0.029575022 0.13767248 -0.062131774 -0.18431014 -0.06211106 -0.0044709304 0.015650818 0.04481831 0.09699942 0.029133558 -0.006532643 -0.0049476204 0.010908953 -0.053200487 -0.07301016 -0.044028673 -0.012892579 -0.0030505795 0.027835727 0.009285349 -0.08148143 -0.023193732 -0.07120551 -0.02635642 -0.14179002 0.22931036 0.08137934 0.08044738 0.053588428 -0.0072370614 0.014526165 0.012303443 0.106389165 -0.05931186 0.003839243 0.073418505 -0.10901926 -0.08038294 0.054139882 -0.039971333 0.07741972 0.14804274 0.05735666 0.091684066 0.12280106 -0.070524335 0.030196428 -0.10487813 0.08866671 -0.054643758 0.0006418006 -0.08655743 0.07960348 0.22656454 0.27768633 0.030968176 0.21770537 0.08633972 -0.16319028 -0.12239217 0.06600855 0.090339765 0.16228473 0.015191884 -0.0051082713 -0.025033828
ÊÂ -0.090497695 0.071802534 -0.013279315 0.06922414 0.034050856 -0.06754292 -0.008618504 0.09032875 -0.055971768 0.070406035 0.018886892 -0.030230982 -0.04854756 0.026069334 0.10953933 -0.08207607 -0.047952373 0.065192536 -0.022879833 -0.041876473 -0.0053586485 -0.077349275 -0.022919629 0.025853472 -0.06496592 0.0062480858 -0.0070448914 0.02368438 -0.10722165 -0.029969983 0.025370983 0.04163242 0.059200283 -0.009023302 -0.02614348 -0.003326716 -0.03463545 0.017437425 -0.09946945 -0.10302963 -0.0822086 1.3246542e-05 0.03911498 0.038507577 0.036185738 0.0030645947 0.06878819 -0.004770458 -0.0065143825 0.017666329 -0.010018361 -0.03690846 0.00844311 -0.055018578 -0.018379152 -0.06160487 0.0691487 -0.06491125 -0.05699175 0.0025214562 0.05900685 0.06532925 -0.04265449 -0.051494054 -0.064195365 0.058319274 -0.08791921 0.14271085 -0.07590312 0.008465456 0.0070901676 -0.024111092 0.09890497 -0.03594213 0.0038129978 0.050954234 0.04312376 -0.12425538 -0.09433509 -0.006323108 -0.039134953 -0.12259769 0.06724573 -0.009173653 -0.016491383 -0.02841098 -0.022391425 0.110123985 0.025587816 -0.07767266 0.027487615 0.020634016 0.07965498 0.029574137 0.11875093 0.20335402 0.007972459 0.011198925 -0.09516037 0.1289259 -0.079118334 0.03185945 0.006989488 0.034348603 -0.07043337 -0.017309977 -0.08501012 0.07192168 -0.028104197 -0.091349475 -0.048731335 -0.07735682 -0.031718954 -0.03589369 0.0015595603 -0.025340429 0.049317773 -0.07624687 -0.020515691 0.025345925 0.023150578 0.060386702 -0.0029241235 -0.06401413 -0.00964057 0.105910905 -0.108032644 0.0497677 -0.044762503 0.004394269 0.016139146 0.051034585 -0.03148521 0.07733527 -0.021025607 0.08927594 -0.040003724 -0.11408201 -0.03833003 -0.0071787266 0.009322552 0.02906684 0.054009303 0.014646316 -0.0040843464 -0.00086553826 0.007904764 -0.035321195 -0.04992798 -0.033455245 -0.013057086 -0.00039286847 0.019453917 0.0063281995 -0.050235074 -0.015103209 -0.042344354 -0.018174274 -0.0840004 0.14385152 0.054255303 0.049277384 0.037906796 -0.009517718 0.009087479 0.0061573754 0.06749064 -0.03920263 -0.0036171402 0.038267445 -0.070303164 -0.052803095 0.037918262 -0.0222665 0.052737694 0.08931661 0.030577771 0.058811937 0.08115567 -0.03817343 0.02123465 -0.06787508 0.050921924 -0.031917155 0.0022004668 -0.055667907 0.048605405 0.14349556 0.17149833 0.0166155 0.12993681 0.049678013 -0.10060831 -0.07014752 0.043945573 0.051468782 0.09993533 0.009447228 -0.0005908012 -0.016116096
Íâ -0.12318034 0.09814547 -0.024051256 0.09384224 0.050282802 -0.10360088 -0.019372808 0.13765313 -0.08222226 0.1007736 0.022505742 -0.046179302 -0.066709936 0.033263113 0.15752196 -0.12343185 -0.063487425 0.0937786 -0.03807476 -0.069478676 0.00055286754 -0.1075039 -0.034108907 0.042658105 -0.09543531 0.012554058 -0.013062131 0.04210719 -0.1491476 -0.050190516 0.030042645 0.060003933 0.078950755 -0.021806968 -0.035910994 -0.003070463 -0.043079093 0.025897749 -0.14535636 -0.14898501 -0.125469 0.0067571388 0.057332825 0.058534212 0.060949188 0.0027976385 0.092206955 -0.0047961758 -0.0181825 0.022083525 -0.012204977 -0.050327003 0.018971536 -0.077250965 -0.02075547 -0.09550629 0.09747506 -0.10194168 -0.092024006 -0.004022844 0.082206994 0.09842133 -0.059041955 -0.0854105 -0.08900537 0.08209762 -0.13105498 0.21128073 -0.107366584 0.015075336 0.019835358 -0.031410575 0.14192793 -0.047743756 0.005148384 0.06990797 0.05532152 -0.17481966 -0.1470313 -0.016501443 -0.05337351 -0.18207091 0.09188334 -0.011513007 -0.022026578 -0.03232452 -0.032435577 0.16401038 0.03879215 -0.10479654 0.04287602 0.034739707 0.11370603 0.042390708 0.16309892 0.2856594 0.008170492 0.021245891 -0.13037284 0.18264025 -0.11505264 0.046861734 0.0029911231 0.045148667 -0.10772456 -0.028017856 -0.11820551 0.101526365 -0.038923834 -0.13236405 -0.0727236 -0.11341472 -0.038612228 -0.058256954 0.0029743689 -0.038104165 0.07230041 -0.11322337 -0.029836832 0.031631753 0.040137637 0.08203099 -0.008320196 -0.09613658 -0.023549594 0.14700133 -0.15934516 0.06989817 -0.06688916 -0.0023559015 0.018603835 0.074635364 -0.042750403 0.11164644 -0.03211439 0.1205991 -0.049153533 -0.1580731 -0.059876427 -0.002362534 0.013767079 0.04011061 0.080112286 0.021316476 -0.0033116876 -0.0076020174 0.0047094296 -0.04656632 -0.06755279 -0.039204974 -0.011319595 -0.007837041 0.024928175 0.010692505 -0.0800853 -0.024486884 -0.06196972 -0.02692777 -0.12348365 0.20312868 0.06943416 0.077741295 0.04664892 -0.009224733 0.008321404 0.0175169 0.09555407 -0.055723198 0.003136701 0.06419319 -0.09144451 -0.07027336 0.05279697 -0.029386358 0.071793854 0.1323899 0.049357105 0.07781753 0.11346437 -0.059281293 0.021236835 -0.09646078 0.07288091 -0.044981554 0.0047125937 -0.08049528 0.07136495 0.19600087 0.24212676 0.021126393 0.18950446 0.06845249 -0.14172769 -0.10115753 0.057912216 0.07385554 0.14942627 0.011415086 -0.00040251395 -0.01774998
¼Ó -0.13722232 0.1054945 -0.021749696 0.10210405 0.05584707 -0.12048138 -0.01705855 0.15160401 -0.087341525 0.11238688 0.026755083 -0.050586417 -0.0776012 0.04162764 0.17144883 -0.13884404 -0.068810046 0.105603084 -0.041804213 -0.077344604 -0.004262216 -0.11711011 -0.04125231 0.044275567 -0.106435575 0.016720688 -0.024391117 0.050386813 -0.16815208 -0.04862522 0.03804206 0.06638785 0.09364937 -0.020674923 -0.039900668 0.0007486378 -0.04539326 0.029504588 -0.15673617 -0.17077671 -0.13525409 0.004709406 0.06526947 0.06898627 0.06322175 0.009833612 0.102282606 -0.0036493673 -0.016711932 0.028355187 -0.019423345 -0.05441158 0.014415883 -0.09454866 -0.024735246 -0.10446462 0.10553913 -0.110843696 -0.0951192 -0.0020001028 0.08515063 0.11349097 -0.065237395 -0.090491936 -0.10125526 0.09668252 -0.14328362 0.22873336 -0.11221891 0.019219346 0.016329475 -0.040513802 0.15089905 -0.05864995 0.00394941 0.07771776 0.06642323 -0.20142001 -0.15987597 -0.01702027 -0.053044062 -0.20131604 0.10653944 -0.01725941 -0.018631272 -0.04144681 -0.036076427 0.17456518 0.04022949 -0.12548864 0.055912618 0.038393587 0.12302554 0.05209759 0.18678227 0.317551 0.00069498597 0.02958979 -0.1473771 0.20126617 -0.12842418 0.052132152 0.011225144 0.050196245 -0.117531985 -0.036364034 -0.13639985 0.11492269 -0.04289519 -0.14013295 -0.0876598 -0.1158729 -0.047343284 -0.06740272 0.006457313 -0.036595922 0.08267368 -0.12686706 -0.041034903 0.03309999 0.04552797 0.095600344 -0.0072009843 -0.10512643 -0.021022035 0.16870311 -0.18308592 0.07834339 -0.068818234 0.004822794 0.021663764 0.08225494 -0.0500131 0.12573425 -0.029276453 0.13454543 -0.062128183 -0.1769906 -0.059311032 -0.0064768754 0.011340407 0.042456117 0.095288284 0.02199024 -0.0067747342 -0.0035080137 0.0067556407 -0.05431033 -0.069885954 -0.0469431 -0.016533015 -0.0022235957 0.02558442 0.004963806 -0.08406831 -0.01763178 -0.06963516 -0.027166255 -0.13489248 0.23102179 0.08249318 0.08404081 0.056050386 -0.005770312 0.010389308 0.012617028 0.10402852 -0.06304256 0.001598037 0.07346484 -0.108625695 -0.08327111 0.054416098 -0.033447873 0.08001657 0.14604364 0.05590976 0.09009051 0.12960789 -0.065482445 0.031621184 -0.10926276 0.087545805 -0.05173872 0.0007242416 -0.08567624 0.08153799 0.21819465 0.26693547 0.024154183 0.20739421 0.081202 -0.1622343 -0.11216577 0.057465944 0.08971034 0.1565577 0.010405746 0.00042978587 -0.023702612
ÐÔ -0.14230314 0.109083205 -0.019385435 0.11094629 0.053797442 -0.12165874 -0.0231053 0.15487412 -0.09081459 0.10615827 0.031357106 -0.047908038 -0.075060084 0.04058302 0.17651582 -0.13576594 -0.07196017 0.105626464 -0.048378285 -0.074433304 -0.0023417126 -0.12413334 -0.040222015 0.045248944 -0.11188896 0.015589196 -0.018627198 0.0458392 -0.1687049 -0.05324867 0.037127517 0.070273586 0.09376801 -0.015375745 -0.037596185 -0.009268677 -0.050742164 0.026642304 -0.16905008 -0.16947109 -0.13683145 0.0064318487 0.06392612 0.06258529 0.07212404 0.0050296616 0.10828944 -0.004253411 -0.012510975 0.028809972 -0.016818764 -0.05895566 0.018556902 -0.09109731 -0.027131565 -0.10363458 0.113629214 -0.11246011 -0.09790316 -0.0012355953 0.096368104 0.1143519 -0.07188896 -0.09191229 -0.10896054 0.090595774 -0.14470086 0.23493804 -0.122283705 0.012708228 0.017614542 -0.035068985 0.1564481 -0.05215561 0.002109013 0.07798756 0.06238643 -0.20102623 -0.15851729 -0.009973976 -0.055724148 -0.20290649 0.10864178 -0.015732892 -0.016627537 -0.041753102 -0.03142677 0.1859572 0.039928254 -0.12156865 0.05015012 0.044526238 0.12046853 0.057617657 0.19288191 0.32442254 -0.00041352812 0.022956608 -0.15023488 0.20465049 -0.1379232 0.04619139 0.0036713504 0.048231654 -0.12660766 -0.035532765 -0.1387885 0.11992669 -0.039963122 -0.14438067 -0.08571803 -0.11884024 -0.04677518 -0.06961189 0.012007141 -0.036560774 0.084663466 -0.13051198 -0.039807864 0.034253437 0.043203123 0.09322614 -0.00661748 -0.10835517 -0.020934127 0.17158471 -0.17962122 0.08165277 -0.07615243 0.00058245903 0.016473496 0.08356731 -0.051560383 0.12971906 -0.038106266 0.139673 -0.05730559 -0.18633823 -0.06271587 -0.0050502503 0.009807158 0.050737657 0.09477857 0.028686281 -0.006753126 -0.0024959876 0.0021530907 -0.054868497 -0.07166569 -0.054164182 -0.015532452 -0.010109186 0.032235503 0.009199177 -0.08554994 -0.026494661 -0.071435116 -0.03255434 -0.14239216 0.23812073 0.07949062 0.08457741 0.05557435 -0.012417837 0.008939822 0.011799895 0.109073006 -0.062299214 -0.0022387947 0.07262324 -0.11263328 -0.0804705 0.059355613 -0.032817766 0.079615675 0.15393808 0.052492462 0.09196879 0.12922917 -0.07230183 0.032545596 -0.11053673 0.08551043 -0.051484846 0.0045473115 -0.09251491 0.07850127 0.22471376 0.2785751 0.026674243 0.21496879 0.08717094 -0.16877437 -0.121988505 0.067237794 0.09125863 0.16815476 0.015732443 -0.0035821567 -0.024171688
ÏÈ -0.13397805 0.10533402 -0.017455881 0.102866344 0.054945014 -0.11310843 -0.021444414 0.14773123 -0.08312946 0.10319167 0.025339775 -0.049450397 -0.0749967 0.03656859 0.16027257 -0.129754 -0.060879454 0.094352126 -0.04192053 -0.06545441 -0.0016139083 -0.113715455 -0.04003829 0.040090647 -0.10304217 0.016360776 -0.022672664 0.041955885 -0.16213927 -0.046352174 0.037809014 0.068694845 0.083355725 -0.021386588 -0.033050597 -0.002749447 -0.046638615 0.023912411 -0.14999907 -0.15819024 -0.13035645 0.0064627593 0.057980362 0.058422174 0.05931045 0.0032893633 0.09730838 -0.005322234 -0.021299185 0.024790823 -0.012760977 -0.056156926 0.019976951 -0.08795023 -0.027622249 -0.093896486 0.09808407 -0.10261409 -0.08808598 -0.004937031 0.08444756 0.10500092 -0.06218231 -0.087805085 -0.09598899 0.08358694 -0.13741982 0.22120741 -0.11299834 0.0078475885 0.014583691 -0.035150852 0.14630151 -0.04753269 0.0007706623 0.069645114 0.05883648 -0.18769017 -0.14722025 -0.0169704 -0.052450832 -0.1919138 0.09979724 -0.015856346 -0.016826212 -0.035939932 -0.034455243 0.16506906 0.0348753 -0.117807575 0.049521223 0.04100052 0.11376289 0.05192189 0.17087787 0.3072536 0.0052746693 0.02039241 -0.14429046 0.18932591 -0.12725599 0.045575075 0.0065916707 0.046050932 -0.11649661 -0.0312695 -0.1236793 0.11048677 -0.0429398 -0.13675702 -0.08213016 -0.11171 -0.040713638 -0.058280885 0.0038051638 -0.03318119 0.07189985 -0.11734663 -0.03748077 0.027867472 0.03890902 0.08456848 -0.00935078 -0.10864876 -0.01904355 0.1539869 -0.17454086 0.07121795 -0.06946084 0.006481516 0.019017873 0.08230693 -0.04377077 0.1113366 -0.033224806 0.12532084 -0.058160264 -0.17177477 -0.060387578 -0.005296531 0.008325786 0.046598893 0.08831396 0.022369424 -0.0057630655 -0.0029582016 0.0077422513 -0.04674271 -0.06750154 -0.046124607 -0.007757579 -0.0051138797 0.032151144 0.007542081 -0.08357037 -0.024614485 -0.06766509 -0.025389362 -0.13017482 0.2218763 0.0736611 0.08218467 0.050531086 -0.00790401 0.0103573585 0.013412612 0.09677963 -0.05746096 -0.005558598 0.061024208 -0.1035196 -0.07793535 0.04652066 -0.033411622 0.07206887 0.14178006 0.047308583 0.0847739 0.11384301 -0.06093717 0.022554848 -0.10103462 0.07591007 -0.04459853 -0.00043474272 -0.0827385 0.07610702 0.20553856 0.25103706 0.021461572 0.19954728 0.07652397 -0.1477744 -0.1105113 0.05954332 0.08641445 0.15674475 0.016116275 0.0023528978 -0.021637456
Ëù -0.08449657 0.06737921 -0.012198661 0.060950123 0.030573761 -0.06644031 -0.0076412736 0.09116988 -0.060349595 0.064651944 0.0151317185 -0.024765972 -0.04320882 0.024971673 0.10775298 -0.079359196 -0.04495539 0.060684826 -0.030199327 -0.043803837 -0.0010377046 -0.06807184 -0.028644845 0.023597466 -0.06078192 0.013233924 -0.012583049 0.030627206 -0.09623548 -0.027671713 0.018269533 0.038777668 0.057803825 -0.008674611 -0.025323747 -0.004702578 -0.02689776 0.02446068 -0.09173719 -0.09715638 -0.073742315 0.003438301 0.03598158 0.040988892 0.036486607 0.0016886153 0.06074381 0.0041587697 -0.010042388 0.014060772 -0.010653496 -0.031764798 0.007341427 -0.0519039 -0.01345566 -0.06174615 0.06384301 -0.056530997 -0.050974328 -0.005843886 0.052507717 0.0681325 -0.034393504 -0.05071868 -0.058414143 0.048926044 -0.08229672 0.13638893 -0.06790388 0.013273604 0.008151469 -0.01822676 0.085565194 -0.03690583 0.0062961583 0.047947876 0.040093005 -0.112232715 -0.09045525 -0.0026434765 -0.032800015 -0.11478612 0.058023684 -0.006483876 -0.010196091 -0.028356522 -0.024427548 0.10248552 0.024688944 -0.07096287 0.03255582 0.026280226 0.066543974 0.023793826 0.10246849 0.18746963 -0.00025768456 0.00954008 -0.083273716 0.11744824 -0.07989182 0.02425374 0.0051020794 0.030132366 -0.06745908 -0.015783759 -0.08154056 0.06717564 -0.020369703 -0.077986985 -0.046965655 -0.07098554 -0.023150392 -0.03753908 0.006809681 -0.026166132 0.043312855 -0.06925424 -0.025710177 0.017019227 0.02309999 0.053167827 -0.005167808 -0.059535947 -0.013039279 0.096404344 -0.10052453 0.044719324 -0.042841487 0.00183771 0.011850995 0.048029296 -0.033816203 0.07059341 -0.01589606 0.07353831 -0.036925882 -0.09970666 -0.037534606 -0.0060012694 0.01142783 0.027349189 0.055583343 0.010348367 -0.0054223137 -0.0063178465 0.0022824644 -0.027360352 -0.044558816 -0.028356375 -0.01056169 -0.003927115 0.019635942 0.0073915115 -0.049154945 -0.010318526 -0.041624866 -0.014883151 -0.07612503 0.13002108 0.049574338 0.0506573 0.033949327 -0.0076241326 0.0030630527 0.0048817634 0.058616105 -0.03900394 -0.0033324703 0.04173787 -0.05868003 -0.04301873 0.031140914 -0.021966731 0.042132247 0.080513045 0.02860035 0.045805458 0.073225684 -0.044673983 0.01587118 -0.05672074 0.052778803 -0.028900864 -0.0011950519 -0.046885855 0.05212998 0.12962332 0.1591779 0.0183205 0.12545392 0.04932759 -0.09425404 -0.06227155 0.03677542 0.051082697 0.095214255 0.01202097 0.00085324864 -0.013996278
¶¨ -0.08992673 0.07661196 -0.017119514 0.07048763 0.041385535 -0.0819292 -0.017359713 0.100029856 -0.06363251 0.07752301 0.017356353 -0.030753192 -0.05326026 0.023099791 0.12019562 -0.0934242 -0.04495807 0.06884464 -0.02563263 -0.052637022 0.0015190105 -0.077226415 -0.029048245 0.034297056 -0.07635383 0.013751006 -0.016897142 0.03254909 -0.113630965 -0.03869163 0.02604867 0.052312445 0.064562514 -0.016458409 -0.028492272 -0.0023618767 -0.0370845 0.017548505 -0.105010055 -0.11273402 -0.096402876 0.0010264901 0.04261567 0.043150622 0.043143168 0.010307988 0.06950994 -0.006483851 -0.014422217 0.02057496 -0.0149764065 -0.043856863 0.01510846 -0.05965077 -0.016917543 -0.07557558 0.06966021 -0.07066836 -0.07014172 -0.0035517516 0.062222674 0.072817214 -0.047933273 -0.05930399 -0.0681993 0.06566735 -0.10033135 0.16195951 -0.07525888 0.009576526 0.0120971175 -0.028640576 0.107985154 -0.03722959 0.0052085323 0.053018745 0.042895563 -0.13584417 -0.106594466 -0.0111463545 -0.03765191 -0.13760577 0.06631336 -0.009922236 -0.018008843 -0.027397225 -0.019292114 0.12700069 0.030772366 -0.08019519 0.04022507 0.030752266 0.078159265 0.031454988 0.12944815 0.2199516 0.008733004 0.016723061 -0.10522692 0.1321302 -0.09299304 0.03381118 0.0045315507 0.030206872 -0.07956494 -0.02391675 -0.088353604 0.0771513 -0.026425814 -0.10082195 -0.055905666 -0.0830226 -0.031190779 -0.04751385 -7.9612895e-05 -0.026441883 0.04909397 -0.08870354 -0.025945934 0.023710446 0.029596325 0.06177778 -0.0094908085 -0.07060392 -0.017626375 0.1136636 -0.12080732 0.058806065 -0.047068227 0.005488611 0.009988041 0.061853178 -0.03669728 0.084581904 -0.025668554 0.09207905 -0.043104406 -0.12171002 -0.040016163 -0.0036942356 0.0067422283 0.030620085 0.062830485 0.019689197 0.0028196103 -0.008508796 0.00922318 -0.033294134 -0.054007698 -0.033867206 -0.008340226 -0.008815928 0.017175857 0.0067667747 -0.056087732 -0.01641534 -0.042895876 -0.019947968 -0.08972957 0.15961899 0.051430132 0.056749925 0.033229906 -0.004667766 0.005384796 0.014563256 0.06823353 -0.045673553 0.0040950277 0.04877246 -0.073572524 -0.0539017 0.03137356 -0.020429375 0.051878244 0.100833945 0.03404756 0.060923353 0.083036564 -0.042049337 0.022717599 -0.07555774 0.05849442 -0.033883087 -0.0011401861 -0.059347875 0.053539943 0.14914002 0.18784185 0.016235648 0.1395482 0.051418133 -0.112413496 -0.0786883 0.04481094 0.05987455 0.110186584 0.013479771 0.0004973465 -0.010804907
Á¢ -0.12067642 0.09517716 -0.019607352 0.086270094 0.048433036 -0.099439 -0.016016478 0.13544656 -0.07764755 0.09809379 0.029775362 -0.041094232 -0.061244793 0.02986117 0.15017283 -0.1185375 -0.056641348 0.09202241 -0.041725405 -0.06505952 -0.0021963879 -0.097051986 -0.032914143 0.038877744 -0.093045175 0.014237808 -0.017699411 0.03917148 -0.14290997 -0.047271814 0.036248036 0.062210023 0.08334632 -0.020561952 -0.033910766 -0.0051091216 -0.040299475 0.02842707 -0.13605957 -0.14674479 -0.11860613 0.001216221 0.05356507 0.056848444 0.057185363 0.003175338 0.090179786 0.0010048375 -0.0126305865 0.021682728 -0.012692497 -0.05307874 0.014662446 -0.073502615 -0.017315604 -0.094694585 0.09730727 -0.098124675 -0.08355395 0.0032796068 0.07433653 0.094915725 -0.058075365 -0.07897771 -0.09325825 0.0774863 -0.12902875 0.19872713 -0.09640652 0.013390954 0.015720665 -0.03829216 0.13445674 -0.049898803 0.0032223875 0.07029466 0.058584318 -0.16969883 -0.13465315 -0.015182649 -0.0458302 -0.17732261 0.08986268 -0.010903847 -0.019837884 -0.03555926 -0.028582335 0.15737298 0.03422944 -0.10361401 0.045361605 0.03680477 0.105190545 0.04120525 0.15667261 0.27954927 0.0038026862 0.02292188 -0.12778196 0.16937713 -0.11092471 0.04095355 0.006805041 0.03655599 -0.10773687 -0.034108132 -0.12095978 0.104791 -0.03471918 -0.13001527 -0.075105205 -0.10152523 -0.042606883 -0.05822209 0.004664773 -0.030908458 0.06563443 -0.11437591 -0.03035349 0.02376391 0.034564015 0.07611076 -0.0018427634 -0.092796035 -0.023009945 0.1435548 -0.16033514 0.06774063 -0.061414193 0.00079927384 0.015800295 0.07528935 -0.043554787 0.10470945 -0.03259324 0.11953087 -0.05579671 -0.15742964 -0.048384048 -0.0077820187 0.00933128 0.04604724 0.08441016 0.01808816 -0.0017031439 -0.0039621084 0.0036000113 -0.051134583 -0.06421234 -0.03972212 -0.013705272 -0.009153176 0.027380468 0.0054656058 -0.07287768 -0.015200587 -0.058827043 -0.021625789 -0.12117157 0.20329677 0.06716255 0.06932739 0.044052303 -0.0059179203 0.00802824 0.009670398 0.09224098 -0.052396134 0.0047610668 0.05786994 -0.0950291 -0.069470145 0.045267656 -0.027670158 0.069289885 0.13232073 0.05205185 0.07984676 0.11351614 -0.0544622 0.023701238 -0.09790613 0.07186365 -0.04419462 0.0071236724 -0.081553906 0.0717647 0.19988197 0.23039429 0.019752085 0.18389015 0.07157204 -0.14473677 -0.09751579 0.056507554 0.07196275 0.13621171 0.01681248 0.00401659 -0.014838024
Ö¸ -0.13037269 0.098573625 -0.016436504 0.09648341 0.052833542 -0.10997176 -0.019780107 0.13926473 -0.08085796 0.099183194 0.02906292 -0.043903366 -0.06544764 0.034374338 0.1635615 -0.122469164 -0.061943147 0.098573714 -0.038190644 -0.06251405 1.2196667e-05 -0.108739756 -0.03550383 0.04037867 -0.09482043 0.01659458 -0.020837981 0.04091265 -0.1494635 -0.052410454 0.038987886 0.06454994 0.08870734 -0.014983842 -0.04002266 -0.000309347 -0.044625502 0.024020882 -0.15021616 -0.15430853 -0.12775551 -0.0011273923 0.062914394 0.055234894 0.064776994 0.011381784 0.09357537 -0.0073464075 -0.013481324 0.020428888 -0.016828971 -0.052526418 0.018188948 -0.08082171 -0.017071495 -0.098197445 0.09998985 -0.09698308 -0.08626582 -0.006027753 0.08022364 0.10335453 -0.058257658 -0.083149 -0.09310371 0.08247312 -0.1315064 0.20797533 -0.100867294 0.008819671 0.017033845 -0.0377943 0.14455512 -0.049572766 0.001761811 0.073645286 0.055603858 -0.18335591 -0.14293636 -0.015115644 -0.05237404 -0.1841159 0.09569423 -0.01378488 -0.017943336 -0.040771794 -0.027944073 0.16066706 0.03521523 -0.107861206 0.045047905 0.039319463 0.109207205 0.04840162 0.17086227 0.28961256 0.006261594 0.021969963 -0.13285062 0.179824 -0.12518838 0.041659407 0.006285947 0.048727367 -0.10592911 -0.033346824 -0.12521714 0.1043055 -0.034270793 -0.13575041 -0.074050725 -0.10633955 -0.04282777 -0.057286512 0.009651779 -0.038320012 0.069333516 -0.1132442 -0.032029532 0.031034302 0.035985816 0.08489511 -0.0070843734 -0.09645864 -0.020308305 0.15538952 -0.16620816 0.07527157 -0.066202 0.00045296125 0.014155993 0.07232744 -0.042183507 0.11339267 -0.032845434 0.12522152 -0.05425571 -0.17044237 -0.05855457 -0.0016967038 0.0068538105 0.044839304 0.08267304 0.021429708 -0.006853838 -0.009450592 0.0033583303 -0.05164427 -0.0632844 -0.041252922 -0.01613641 -0.008809068 0.027540045 0.0077531207 -0.08084855 -0.022208864 -0.06445842 -0.028547531 -0.12025359 0.20500326 0.0772188 0.07558117 0.05554872 -0.010478282 0.0063536726 0.01257072 0.09032767 -0.053208727 -0.0029922728 0.065260544 -0.093446076 -0.069498695 0.04692258 -0.03431261 0.07344497 0.13446249 0.05020517 0.083046 0.11898853 -0.062052928 0.024151124 -0.09366813 0.076823145 -0.04533546 0.0050629345 -0.08380471 0.076526746 0.20444737 0.25186187 0.027337382 0.19706145 0.07574307 -0.14472133 -0.104667544 0.06067522 0.083812416 0.15180518 0.010516379 0.004245321 -0.023250004
1985 -0.074372366 0.0664082 -0.013329593 0.06402719 0.033282876 -0.06943736 -0.005767251 0.08664675 -0.05353699 0.062195264 0.017610533 -0.028836347 -0.045610484 0.026226142 0.099594004 -0.07671657 -0.043095045 0.063369535 -0.02581866 -0.03882291 0.00430767 -0.0696626 -0.018902589 0.027060844 -0.056272052 0.013698758 -0.00798771 0.02470633 -0.09512696 -0.02743496 0.019444855 0.043783374 0.04838427 -0.011222915 -0.026239885 -0.0012730957 -0.02785435 0.013602019 -0.09252731 -0.098608546 -0.082390726 0.0025743712 0.037584037 0.03753316 0.038105264 0.009157199 0.06128103 -0.0068554482 -0.009297708 0.017949458 -0.0060965833 -0.03230916 0.008991345 -0.04946878 -0.016885115 -0.05851045 0.06384012 -0.0599279 -0.054188367 0.0027058446 0.053967454 0.066665664 -0.03822793 -0.05090144 -0.06094673 0.04849671 -0.08508655 0.13988493 -0.07033372 0.007901851 0.00773612 -0.02275983 0.090017624 -0.026045542 0.003104227 0.04355313 0.03378309 -0.11618758 -0.09345566 -0.0067534447 -0.034276303 -0.118210465 0.05318728 -0.0062924866 -0.0093867155 -0.017121224 -0.0200614 0.10402258 0.022083636 -0.073360875 0.028216708 0.022036167 0.07140752 0.028027697 0.10590427 0.18055063 -0.0018430061 0.009644863 -0.083359726 0.1141431 -0.07722924 0.029277036 0.009096131 0.023441965 -0.07280397 -0.01919834 -0.07817325 0.069794886 -0.02595802 -0.08292456 -0.054667838 -0.074313894 -0.030890122 -0.0384702 0.0048929728 -0.025524998 0.048223425 -0.07352991 -0.018426523 0.016946632 0.026462067 0.053307515 -0.0072031277 -0.062815644 -0.0067496863 0.09596633 -0.10593025 0.047890056 -0.043778077 -0.00078030105 0.01328379 0.04528529 -0.024760302 0.07342771 -0.019318657 0.0776912 -0.03849953 -0.10799106 -0.03688271 -0.008394829 0.005511277 0.027445734 0.056520592 0.012798531 -0.0025440566 -0.002544164 0.008595276 -0.02662966 -0.046163287 -0.02893266 -0.011812511 -0.0040109996 0.016190678 0.0065511903 -0.049368493 -0.011741925 -0.037228428 -0.016394919 -0.079172656 0.1326034 0.04931364 0.051962744 0.03277912 -0.008473544 0.002746887 0.01160726 0.058946162 -0.030563276 -0.0019988897 0.04361457 -0.059010457 -0.045727804 0.027895262 -0.024008317 0.049810674 0.0855551 0.029940663 0.04673091 0.07525119 -0.040470116 0.01897778 -0.05697763 0.04648478 -0.024681982 0.0030536095 -0.053222667 0.048682764 0.12852113 0.15444851 0.013774206 0.11856847 0.046771213 -0.08943213 -0.06698187 0.037445687 0.048629336 0.08923925 0.0028641378 -0.005670299 -0.017860843
Îñ -0.13009587 0.10520237 -0.019524127 0.094831996 0.056502447 -0.11415351 -0.0160274 0.14829624 -0.08738369 0.10616863 0.027009524 -0.044588864 -0.07479604 0.03710037 0.16346271 -0.13077058 -0.060937624 0.09776529 -0.044174053 -0.07249246 0.001435034 -0.1108926 -0.0430177 0.038319703 -0.099352986 0.012384948 -0.023492593 0.046174884 -0.1577347 -0.0502701 0.037348006 0.06425273 0.08310312 -0.020988941 -0.035690736 -0.0041069635 -0.044902936 0.02699252 -0.14611329 -0.1583296 -0.12662345 0.0005022526 0.0579015 0.063954234 0.06536518 0.009396831 0.10458632 -0.0016686384 -0.01282868 0.020138752 -0.009725671 -0.059150368 0.015344244 -0.087604016 -0.018455766 -0.1037152 0.09821161 -0.09811031 -0.08802595 0.0008097391 0.08758997 0.10614541 -0.06725087 -0.082566746 -0.09884144 0.09132144 -0.14171723 0.2210394 -0.111897774 0.016345385 0.022559347 -0.03888263 0.14651321 -0.054262932 0.007994424 0.07481126 0.06016311 -0.18923001 -0.14621678 -0.015156668 -0.048604816 -0.1916378 0.094369076 -0.010681775 -0.019031778 -0.039656077 -0.030676272 0.16456491 0.032591417 -0.11202034 0.047044586 0.035119537 0.11299832 0.04558923 0.17916138 0.3047591 0.0018144696 0.02500805 -0.14185905 0.19093186 -0.12893116 0.04239458 0.008819355 0.04559725 -0.11599625 -0.036673248 -0.12173091 0.114336774 -0.039659187 -0.13741818 -0.08527921 -0.11806787 -0.042172264 -0.06415065 0.007646063 -0.04109898 0.07847065 -0.12344503 -0.03144932 0.03575231 0.03984956 0.08798202 -0.0026159103 -0.107849665 -0.020469794 0.15052158 -0.16802634 0.072141 -0.06458551 -0.0011248352 0.021158947 0.07983101 -0.047586743 0.120389394 -0.034034792 0.12727508 -0.054782085 -0.17604265 -0.0589095 -0.009099276 0.013409702 0.043205407 0.08746717 0.02307286 -0.0016796793 -0.010369692 0.004384896 -0.04985601 -0.06885517 -0.041362576 -0.011248375 -0.008363582 0.030902358 0.0128131965 -0.08035016 -0.021809924 -0.0663725 -0.023655806 -0.12823299 0.21434538 0.07395426 0.07532218 0.0491455 -0.008338638 0.011991358 0.01053435 0.102299 -0.054136403 0.0035375014 0.06818598 -0.098304406 -0.072510675 0.053630725 -0.037224386 0.07574861 0.13996914 0.05330972 0.081662335 0.113408126 -0.063666545 0.028496869 -0.09949067 0.074271336 -0.042523358 0.002862202 -0.079660416 0.08126451 0.21466267 0.259243 0.022343563 0.19802311 0.07405617 -0.14802086 -0.10435722 0.060444806 0.08524383 0.1513956 0.012367655 0.0022813296 -0.024349079
ÈÎ -0.112861425 0.09110632 -0.017782344 0.086028464 0.047326617 -0.09971459 -0.019886652 0.12506145 -0.078431025 0.08866358 0.028910594 -0.046264425 -0.06607224 0.037530404 0.14202613 -0.11314867 -0.06060739 0.08126622 -0.03825557 -0.056637038 -0.0013952114 -0.09715827 -0.03291439 0.036320824 -0.08214809 0.01612749 -0.018557401 0.041336577 -0.14067909 -0.03928838 0.031220647 0.061133992 0.070802815 -0.01327023 -0.03596889 -0.0077016954 -0.04411507 0.026975136 -0.12702559 -0.14190285 -0.10919021 0.0023162405 0.057153508 0.054451182 0.05773868 0.010719469 0.0833395 0.001886865 -0.0096993465 0.015655698 -0.011240975 -0.048250563 0.018244062 -0.07073099 -0.019041508 -0.082561925 0.09221589 -0.08950243 -0.07464771 -0.0034117943 0.0709261 0.0920244 -0.058609903 -0.07451924 -0.08730535 0.072219096 -0.120075114 0.1903373 -0.09278179 0.009677484 0.019844972 -0.03417345 0.12995778 -0.050204188 0.0010298621 0.05906895 0.05637495 -0.1656415 -0.13209742 -0.011482589 -0.04435702 -0.16314091 0.080835566 -0.011184287 -0.016834665 -0.029633993 -0.02619041 0.14377435 0.03221315 -0.1032254 0.04678755 0.03407179 0.10180382 0.04059792 0.15429026 0.264713 0.008803097 0.023157518 -0.12264693 0.16564457 -0.1050853 0.03655666 0.0061689345 0.0422092 -0.09484615 -0.029321253 -0.11514709 0.0945644 -0.030314682 -0.121722914 -0.06593652 -0.097635 -0.03735153 -0.050037384 0.001936116 -0.034960058 0.065296955 -0.10867859 -0.031048313 0.022586321 0.032439817 0.07379846 -0.009321954 -0.09431033 -0.012811965 0.13728516 -0.15117495 0.06785197 -0.05456068 0.0040744017 0.01987351 0.070659816 -0.04120293 0.0966352 -0.023654196 0.11586881 -0.04937421 -0.15212648 -0.055130906 -0.0066991486 0.009814565 0.041858748 0.078609265 0.017224608 -0.0074706464 -0.007453267 0.0037080708 -0.045747075 -0.058340143 -0.041229006 -0.013298413 -0.0110715525 0.020876398 0.011514675 -0.07102634 -0.015659843 -0.051873878 -0.025001839 -0.11268806 0.18231308 0.07112497 0.06518666 0.041424654 -0.001789111 0.009679223 0.008193211 0.08756734 -0.054716893 0.0027477492 0.05410332 -0.08672011 -0.05997828 0.0471015 -0.027720304 0.068011545 0.11587342 0.048046168 0.06780006 0.10408931 -0.052990474 0.019409627 -0.08825973 0.070995174 -0.036247313 0.0021024235 -0.0751656 0.066973455 0.1864623 0.2260335 0.025689878 0.17667317 0.06126021 -0.12924556 -0.09060907 0.047634766 0.076011404 0.12834148 0.015179279 0.0021063252 -0.021542713
Åä -0.09998489 0.08250648 -0.017588008 0.075185165 0.038301528 -0.0871471 -0.009630571 0.11616751 -0.07213324 0.08346191 0.023997635 -0.039798878 -0.055357657 0.030153964 0.13103609 -0.0987715 -0.0549218 0.07548318 -0.03394636 -0.057267386 0.0023785399 -0.08349866 -0.032508027 0.03480873 -0.07632811 0.014604119 -0.01141396 0.030607583 -0.123304516 -0.039110847 0.030599397 0.05372449 0.07281709 -0.017611982 -0.02730208 -0.0019215789 -0.03949184 0.028807377 -0.118183285 -0.12575021 -0.104171455 0.0028052258 0.050270937 0.045592926 0.044399757 0.008565885 0.078939356 0.0028400612 -0.016430978 0.020031812 -0.015654873 -0.045459542 0.012820235 -0.06638708 -0.019012064 -0.07495134 0.08366132 -0.07730636 -0.07224061 -0.0054594483 0.065370806 0.08578872 -0.045834508 -0.066067845 -0.07289815 0.06343894 -0.10621498 0.17149237 -0.08751318 0.0076734335 0.017888466 -0.03096451 0.1120883 -0.043475706 -0.00046111102 0.060874254 0.05230435 -0.14501724 -0.12221659 -0.0091247475 -0.04561563 -0.14817159 0.08256284 -0.016714549 -0.017352259 -0.030487763 -0.02375659 0.13833399 0.028418856 -0.08585036 0.03916071 0.030819517 0.09325476 0.03456281 0.1337864 0.23695207 0.006507466 0.018117014 -0.11092553 0.14325777 -0.09349602 0.039139614 0.0010129864 0.032170676 -0.08608445 -0.029217774 -0.09961776 0.08556821 -0.027066104 -0.10310305 -0.06419894 -0.08543612 -0.033785924 -0.04588651 0.0023177788 -0.028107677 0.0605994 -0.09099589 -0.031963687 0.022185015 0.032663725 0.071925774 -0.008644993 -0.07859722 -0.019867241 0.118598044 -0.1350055 0.055746775 -0.048741724 0.0038057396 0.014251925 0.062086504 -0.038630694 0.08884883 -0.02458617 0.09996043 -0.043977268 -0.13630071 -0.046025325 -0.009074827 0.009896525 0.03359303 0.06842153 0.015272252 -0.0062880325 -0.008869086 0.0018703769 -0.03993793 -0.052836988 -0.032776285 -0.014275079 -0.008067032 0.023197323 0.0033381747 -0.062455516 -0.014450878 -0.053387098 -0.02185833 -0.10114104 0.175137 0.05974883 0.06141199 0.038136404 -0.008105539 0.005913873 0.016701337 0.08019111 -0.048277784 0.00024585272 0.046831485 -0.080412954 -0.059069056 0.039416622 -0.029386487 0.056074183 0.10579157 0.03922546 0.06875246 0.09398364 -0.049467277 0.019899396 -0.082663 0.0630894 -0.041689493 0.0032880956 -0.0697011 0.059799194 0.16764203 0.1975747 0.01957414 0.15432951 0.057520125 -0.11703879 -0.08242096 0.04776762 0.06475965 0.11870215 0.005637324 -0.0013367288 -0.016150892
¿ì -0.11859665 0.09189222 -0.019058807 0.08558597 0.05041359 -0.09928161 -0.014926967 0.13091113 -0.078268826 0.08958671 0.025808053 -0.041169796 -0.06138354 0.032925703 0.14446323 -0.11799893 -0.053696766 0.08935019 -0.039530028 -0.06537944 -0.0032557594 -0.097951874 -0.03874875 0.042631406 -0.08871459 0.0097304275 -0.013787055 0.04368728 -0.13694224 -0.04292657 0.03206079 0.061993074 0.077742375 -0.021772698 -0.033253133 -0.0024771788 -0.045063734 0.027863044 -0.13756478 -0.14408042 -0.1135261 0.0051071695 0.0515308 0.059002273 0.05837584 0.010773281 0.08580592 -0.0025261177 -0.015032397 0.022255179 -0.015924651 -0.045178458 0.0110802585 -0.07415507 -0.02005129 -0.08678072 0.094492964 -0.094687566 -0.0817931 0.0014233986 0.07015949 0.09234082 -0.053489942 -0.08094096 -0.08584442 0.07425855 -0.1215437 0.19030862 -0.1004367 0.0141561935 0.012123837 -0.033524293 0.13371217 -0.041390758 0.0041723163 0.06510542 0.05631212 -0.16247459 -0.13755259 -0.009795378 -0.048285317 -0.1659308 0.08145311 -0.01488222 -0.02272037 -0.027815284 -0.021878347 0.15309042 0.030964505 -0.09635656 0.049208757 0.035039257 0.10585579 0.04019038 0.15917909 0.26444182 0.00505474 0.018388132 -0.12512356 0.16298191 -0.11210688 0.039200913 0.0045581837 0.041703247 -0.102780305 -0.032547772 -0.11568907 0.0933781 -0.030610286 -0.12330311 -0.07444062 -0.09536981 -0.03542957 -0.055503063 0.0062491903 -0.029781265 0.06369904 -0.104832835 -0.036681876 0.022427926 0.032286473 0.08183716 -0.009066187 -0.09597029 -0.021542877 0.13484022 -0.14951147 0.06913394 -0.059628747 0.00089271326 0.016794862 0.07418074 -0.037157167 0.10515857 -0.028975643 0.11809933 -0.045952085 -0.15532991 -0.051891737 -0.0075744637 0.013734545 0.03947599 0.07727482 0.01988466 -0.006007097 -0.008661056 0.0056342264 -0.0403192 -0.058702283 -0.04272723 -0.007527716 -0.0016432761 0.02737347 0.011751578 -0.0747017 -0.01922353 -0.05469224 -0.02126422 -0.11668616 0.1971305 0.069296695 0.068649665 0.042076908 -0.0070343087 0.0057185185 0.012625522 0.087513424 -0.049369875 0.002221692 0.05930117 -0.08335962 -0.068959855 0.04903806 -0.033236127 0.06297533 0.12509215 0.048083503 0.06839959 0.10781539 -0.060563587 0.026098305 -0.093625784 0.06856082 -0.040697515 0.0039537386 -0.07410557 0.06509362 0.18909588 0.228815 0.018566214 0.1771363 0.06298881 -0.13796088 -0.092460655 0.04880734 0.06825514 0.13612507 0.009639888 0.0038903148 -0.01948049
¶· -0.116388686 0.08629693 -0.021191463 0.08383045 0.04299906 -0.091007896 -0.01373746 0.12650976 -0.07725651 0.08781392 0.024743652 -0.040672332 -0.062993154 0.03757017 0.14697918 -0.110512234 -0.052770797 0.08306715 -0.031549808 -0.06184116 -0.005448879 -0.093840525 -0.031226054 0.039612837 -0.08633619 0.010365097 -0.014734407 0.038534455 -0.13628317 -0.045413483 0.034023102 0.055346385 0.07075446 -0.018553095 -0.027168414 -0.004215731 -0.037903972 0.027125437 -0.13428342 -0.13399975 -0.10818669 0.00015016242 0.05524887 0.05405624 0.052650116 0.011071766 0.08879883 -0.000684604 -0.010645266 0.015477866 -0.008462734 -0.049642555 0.01200163 -0.06954582 -0.0149655165 -0.0885406 0.09132582 -0.08421214 -0.07946628 -0.0017252321 0.07182988 0.08836706 -0.058504112 -0.06989675 -0.083769456 0.07288444 -0.11397626 0.19247061 -0.09260796 0.010312758 0.012820067 -0.032529447 0.13019115 -0.044377487 0.002934793 0.06316738 0.05193104 -0.16357204 -0.12479915 -0.010984299 -0.040494367 -0.16624582 0.0863187 -0.016105799 -0.021283083 -0.03406671 -0.025339432 0.15056962 0.029127302 -0.09557065 0.043029472 0.034267217 0.096914776 0.037509948 0.1495192 0.260258 0.005924632 0.019416163 -0.122593686 0.16131836 -0.10619872 0.041936044 0.0066167214 0.044136073 -0.09361867 -0.024886778 -0.10829959 0.09225835 -0.033764888 -0.117407404 -0.07364554 -0.097118504 -0.038061086 -0.056756496 0.005378619 -0.02885502 0.06103446 -0.10343061 -0.031461366 0.030088905 0.035386126 0.07527072 -0.009375197 -0.0897707 -0.018885907 0.1386603 -0.14974752 0.06493606 -0.057445593 0.006547827 0.018587755 0.072123714 -0.044446718 0.09624154 -0.032528598 0.11135345 -0.045535643 -0.14665297 -0.05252684 -0.007361497 0.012880403 0.04042438 0.0697048 0.0221696 0.0004721714 -0.0032417101 0.0021921047 -0.04151528 -0.05645169 -0.04441981 -0.012219739 -0.0025263526 0.019770728 0.0024145585 -0.06804415 -0.020466046 -0.05858592 -0.021237759 -0.11007368 0.18643036 0.067064956 0.06525522 0.048711088 -0.0064450004 0.0063083963 0.011130932 0.08712906 -0.05386768 0.0006163919 0.059804887 -0.08240985 -0.05983148 0.03899159 -0.02822619 0.06704866 0.11618407 0.050545182 0.07625388 0.09972551 -0.05868621 0.026175909 -0.08784489 0.0691923 -0.042776927 0.00059143227 -0.068436936 0.06426964 0.17888053 0.2241084 0.02161674 0.16790469 0.070686914 -0.1278031 -0.09895349 0.04693385 0.071047604 0.12630644 0.008862454 0.0035153632 -0.01815657
Ö» -0.117545776 0.09261494 -0.015459167 0.0818486 0.05042726 -0.09045002 -0.020102473 0.12623335 -0.074903786 0.08966449 0.025371183 -0.04141348 -0.057623696 0.029953124 0.1489745 -0.10692724 -0.059975978 0.08646138 -0.03986762 -0.05621534 -0.0008736106 -0.09871425 -0.040005006 0.040802475 -0.08688697 0.008937942 -0.01886621 0.040317103 -0.13293603 -0.044727903 0.029849539 0.06307602 0.07936014 -0.013010584 -0.036935497 -0.0051732454 -0.045574863 0.03051445 -0.13251518 -0.1344887 -0.11086707 -0.001938223 0.051668383 0.04800169 0.058378655 0.0075223213 0.092524126 -0.0019356782 -0.01271377 0.02258567 -0.00773144 -0.048866868 0.012597611 -0.07341787 -0.017375616 -0.083783336 0.08569235 -0.08602602 -0.07704855 -0.0042018173 0.07394584 0.08937533 -0.05733431 -0.07536631 -0.08298621 0.07235406 -0.11709897 0.19259062 -0.095023274 0.009684545 0.01680555 -0.03347562 0.12683201 -0.050917245 0.0056809946 0.060938455 0.05210508 -0.16074185 -0.12902117 -0.005510207 -0.04750326 -0.16764468 0.08858186 -0.017181382 -0.017055962 -0.03356708 -0.022865534 0.15078719 0.03536708 -0.10085143 0.043334093 0.033583917 0.09796469 0.03850857 0.14758258 0.2639347 0.0038411277 0.02266812 -0.12587787 0.16288461 -0.10824428 0.042149547 0.010199132 0.034836944 -0.101452745 -0.030299097 -0.10723606 0.09154105 -0.031484887 -0.120194495 -0.07482608 -0.09435587 -0.040604893 -0.053442165 0.0025674056 -0.03614715 0.063056625 -0.10443225 -0.03042541 0.029370427 0.037899427 0.07272618 -0.0011223125 -0.08950229 -0.022378335 0.13990283 -0.15172416 0.06408249 -0.05585384 0.0037265369 0.017834457 0.07292323 -0.045662023 0.10489892 -0.02359752 0.10944311 -0.050089538 -0.14940655 -0.051452506 -0.0019462145 0.012496533 0.0414932 0.0763601 0.0203083 0.0004283715 -0.005612641 0.006755379 -0.04258051 -0.062123127 -0.034819692 -0.015444934 -0.0013822813 0.02227087 0.0022980273 -0.06711405 -0.019876614 -0.056519296 -0.023835398 -0.1133221 0.1854047 0.07161633 0.06318305 0.04655643 -0.004294121 0.0058944602 0.009859894 0.08753484 -0.051369794 0.0024448002 0.06078824 -0.090393655 -0.06760282 0.041958373 -0.027769605 0.06774331 0.118945636 0.04910437 0.06848254 0.100148425 -0.055468135 0.023450967 -0.086181775 0.07245797 -0.045915704 0.0066117537 -0.07456353 0.062153507 0.18509825 0.22190168 0.025839835 0.17277703 0.06312995 -0.12967838 -0.09663397 0.051137187 0.06736725 0.13145879 0.00879306 0.0016528171 -0.019608771
½« -0.090829745 0.074556775 -0.019803382 0.069855236 0.038569734 -0.07933322 -0.011110583 0.10555894 -0.06265662 0.07332225 0.022659468 -0.031724166 -0.05498829 0.02457638 0.118776985 -0.09303678 -0.048361667 0.07009575 -0.027290864 -0.050310288 -0.0005997398 -0.07966004 -0.031038715 0.027204849 -0.07577867 0.010927791 -0.017858062 0.034492962 -0.10896555 -0.03334533 0.023841245 0.04295994 0.06682862 -0.016882261 -0.031082535 -0.0026310538 -0.034281388 0.022913055 -0.10930053 -0.11725141 -0.096752115 0.0019235036 0.048545353 0.043879542 0.04422446 0.003279935 0.07313161 0.00048717583 -0.010200069 0.016529212 -0.015800172 -0.044330467 0.010838745 -0.059549868 -0.012573526 -0.06675503 0.07004787 -0.07442558 -0.066140294 -0.0046972637 0.06455039 0.07627762 -0.040888865 -0.060803574 -0.068928935 0.06528333 -0.102222584 0.16041137 -0.075399175 0.0069826287 0.010661919 -0.024859803 0.1058079 -0.041780297 0.007545734 0.052320164 0.03991733 -0.13345256 -0.10960823 -0.005466453 -0.03668736 -0.1340905 0.07132691 -0.009013894 -0.01451207 -0.03005872 -0.016966162 0.11854803 0.029742772 -0.08369555 0.03138918 0.022667423 0.082928084 0.038519368 0.12344383 0.21252024 0.006758482 0.01624818 -0.09947219 0.13851377 -0.0876958 0.03454885 0.0068585933 0.031152036 -0.08289321 -0.021510998 -0.08641833 0.07999949 -0.030819817 -0.10185253 -0.05281368 -0.083745986 -0.027622264 -0.04099874 0.0037055174 -0.027890228 0.052259345 -0.089473136 -0.021889266 0.022156017 0.029075652 0.05696817 -0.006597984 -0.073009916 -0.010344837 0.107914805 -0.12418058 0.056739353 -0.050056607 0.0010029529 0.016844057 0.056671523 -0.03346242 0.079092786 -0.017633377 0.08867565 -0.03864277 -0.12415715 -0.03838704 -0.0036869014 0.006785896 0.03704308 0.058820546 0.01666986 -0.0012933902 -0.0005034069 0.00966624 -0.031239476 -0.04620198 -0.030109365 -0.00631967 -0.0052252547 0.016517535 0.009301971 -0.05618572 -0.01648586 -0.048514318 -0.022281643 -0.08744935 0.15316369 0.0504623 0.0583364 0.035926096 -0.001072467 0.0072720996 0.0146896625 0.067661054 -0.041683014 -0.00017351787 0.042805213 -0.07410313 -0.05052635 0.03844011 -0.021606073 0.05567261 0.1021538 0.03264671 0.061584614 0.087600954 -0.047302026 0.01911523 -0.07237426 0.059832137 -0.031011397 0.0010061129 -0.063962325 0.060329143 0.1470192 0.17695558 0.015664393 0.14021775 0.05410019 -0.10870666 -0.08172857 0.042554986 0.061229922 0.11401599 0.012195795 -0.0043232627 -0.014840089
º£ -0.08693638 0.06408445 -0.013316303 0.06705033 0.033514958 -0.07239128 -0.0071583265 0.09810751 -0.059947357 0.06566226 0.019480186 -0.034158695 -0.052445926 0.023936447 0.10741529 -0.081899054 -0.04105874 0.06475617 -0.031550597 -0.04266331 -0.004619875 -0.07602843 -0.028729165 0.028148867 -0.06420107 0.011817185 -0.008988324 0.03067369 -0.09963873 -0.02804604 0.027044166 0.04696802 0.059558306 -0.014149695 -0.02581054 -0.00024533583 -0.03080453 0.015666416 -0.102952585 -0.107763335 -0.0830976 0.0024425832 0.041009743 0.044610873 0.03775516 0.006980435 0.06801307 -0.0064863213 -0.008694541 0.01371192 -0.011180515 -0.033549268 0.012977921 -0.052813552 -0.012076459 -0.065520585 0.06467048 -0.06519003 -0.060058698 -0.00085773977 0.059777994 0.064307734 -0.04337385 -0.05840399 -0.06248812 0.060209017 -0.084549345 0.14867048 -0.0707082 0.011669622 0.010195645 -0.02837383 0.0968897 -0.039276764 0.0004068402 0.05173249 0.044922642 -0.12616852 -0.10075028 -0.0044973297 -0.034806844 -0.12702343 0.06820071 -0.009906258 -0.009037276 -0.020568464 -0.019546082 0.11021484 0.02327268 -0.07034819 0.028146986 0.027956232 0.07560992 0.035668146 0.11742505 0.194524 0.007240116 0.0183528 -0.09327618 0.12033772 -0.08235282 0.033813827 0.00027407467 0.0337164 -0.07855816 -0.021190714 -0.08539272 0.068115816 -0.022367116 -0.088257514 -0.05373911 -0.07425036 -0.02831171 -0.040021732 0.0020339757 -0.027261825 0.05028161 -0.076326706 -0.023031374 0.019841861 0.029896747 0.060021654 -0.0050610057 -0.07024593 -0.015268898 0.09995854 -0.10899191 0.052070837 -0.045326468 -0.0013028033 0.012186026 0.04945503 -0.028343704 0.072161116 -0.023268387 0.08030982 -0.03751263 -0.114481576 -0.03664493 0.0008207193 0.0038201592 0.029685333 0.05908029 0.017841829 -0.00070784835 -0.0068376358 0.0021753018 -0.03502102 -0.042264283 -0.027025774 -0.0050575314 0.00010477846 0.019368464 0.0025418603 -0.049603913 -0.017759815 -0.040828496 -0.016984753 -0.08368233 0.13994935 0.05000069 0.045591634 0.033474047 -0.009865684 0.00625213 0.012031901 0.059435897 -0.033802927 0.004400721 0.04400482 -0.065827146 -0.04423843 0.02980299 -0.025876228 0.045445066 0.08661964 0.030168254 0.059317704 0.078817 -0.045507524 0.01400808 -0.06335172 0.051377494 -0.026184453 0.00518111 -0.050582416 0.052926887 0.14309442 0.16636342 0.018284453 0.12581928 0.052036505 -0.10070134 -0.07356511 0.03684749 0.050089434 0.096237235 0.0084272735 0.0023339347 -0.017500428
À´ -0.13539381 0.110817544 -0.026903896 0.10037334 0.05407647 -0.118341714 -0.015564314 0.15425116 -0.08848977 0.103694275 0.028692609 -0.052991968 -0.07807881 0.03746027 0.17860328 -0.13188466 -0.07453566 0.10449046 -0.04168408 -0.070663534 -0.0053736283 -0.121705085 -0.043492366 0.041249167 -0.10249822 0.018775417 -0.0199377 0.04439483 -0.16417532 -0.050890666 0.037803404 0.06812244 0.094157465 -0.021250037 -0.040731627 -0.0024358397 -0.046808675 0.028820928 -0.16015445 -0.1702075 -0.13286632 0.0038586 0.06901027 0.06423413 0.064386286 0.013000155 0.10527886 -0.0021612367 -0.01667857 0.02858082 -0.018353848 -0.055509552 0.012302773 -0.08949918 -0.022367107 -0.10969914 0.10645353 -0.10746602 -0.097479455 -0.0052746567 0.08572638 0.107032105 -0.06639918 -0.088379025 -0.10893672 0.09357215 -0.14700708 0.23460679 -0.112222 0.018945668 0.014663654 -0.03507413 0.15268248 -0.05635684 0.007099468 0.077838376 0.068321235 -0.1973983 -0.15459868 -0.014765788 -0.052094236 -0.206469 0.10373367 -0.01965916 -0.017017215 -0.03500257 -0.03134403 0.17877117 0.04236704 -0.11625574 0.050236728 0.037040673 0.12590313 0.05557763 0.18658523 0.32456607 0.0022385565 0.023886088 -0.14490475 0.20410736 -0.13332888 0.054685403 0.004476417 0.050940778 -0.11773526 -0.034436446 -0.1381398 0.120648414 -0.036850326 -0.139215 -0.084816456 -0.12376401 -0.041441184 -0.0633988 0.0112092905 -0.037455276 0.07720404 -0.12443714 -0.039933253 0.034641344 0.044631764 0.090402834 -0.0069460273 -0.11369749 -0.023415405 0.16637771 -0.18031357 0.08066578 -0.07449032 -0.0025405772 0.014436439 0.08729541 -0.052837625 0.12338879 -0.034561586 0.14057222 -0.061142914 -0.18601446 -0.060566884 -0.0050656996 0.010573694 0.04541366 0.0913187 0.019629601 -0.0057241814 -0.008751229 0.005896701 -0.0495006 -0.07634706 -0.044850793 -0.014972799 -0.012091751 0.033879865 0.006801729 -0.08375276 -0.026551247 -0.06469042 -0.031658337 -0.1345184 0.23273656 0.083076224 0.07659237 0.054766178 -0.00846335 0.007908551 0.013209498 0.09943346 -0.06676555 0.0020280683 0.074340545 -0.104131944 -0.079643495 0.0508048 -0.03482517 0.082135044 0.15116578 0.059214935 0.08512805 0.12847897 -0.06437165 0.024023827 -0.10542345 0.08009248 -0.0500936 0.0041774022 -0.09161291 0.08654771 0.22397424 0.27445388 0.029554905 0.21243697 0.08475166 -0.16150892 -0.11501039 0.06004034 0.092670314 0.16601562 0.017114827 -0.0025043432 -0.019448752
¹ý -0.09426472 0.07210983 -0.014125632 0.06993161 0.037434813 -0.073682934 -0.016562268 0.10138829 -0.058154766 0.074447 0.014825268 -0.032836873 -0.05284457 0.022731941 0.11492115 -0.08579584 -0.04953671 0.06646877 -0.02638723 -0.042543065 0.0033143908 -0.07354907 -0.023444362 0.028773172 -0.06421383 0.009473456 -0.011466971 0.026974022 -0.10535322 -0.032043856 0.02791694 0.041415993 0.058055256 -0.009035516 -0.02066098 -0.0076531903 -0.037553687 0.02352885 -0.10161091 -0.105410755 -0.09153445 -0.003681199 0.045751147 0.040438358 0.04089053 0.0029833966 0.065455414 -0.0018611773 -0.016326802 0.012781601 -0.013504424 -0.03896821 0.0102147795 -0.05605278 -0.017223872 -0.06375656 0.06714649 -0.06952427 -0.061350115 -0.00028622453 0.05749552 0.07275834 -0.046864223 -0.06093809 -0.066824034 0.057100113 -0.09060104 0.14926928 -0.07578886 0.010023371 0.009526202 -0.022441389 0.09620684 -0.03929749 0.007637523 0.049318098 0.04676006 -0.12825379 -0.102605954 -0.005517544 -0.03281979 -0.13343295 0.06366287 -0.013935804 -0.009116449 -0.025255397 -0.01803104 0.120573886 0.024367206 -0.08090698 0.037161693 0.01971349 0.074033104 0.029268345 0.12323639 0.20689486 0.0055154953 0.018476436 -0.098150395 0.12881795 -0.08707845 0.032063395 0.007317783 0.031621948 -0.07859353 -0.021143781 -0.093021944 0.07654869 -0.0312844 -0.091569774 -0.05834497 -0.08153114 -0.03085079 -0.039188188 0.007135946 -0.028948084 0.054355826 -0.0851726 -0.02460883 0.025564676 0.021798434 0.056034137 -0.0057466724 -0.06768741 -0.020678723 0.10460536 -0.12015665 0.051367726 -0.04675694 0.004246005 0.015221276 0.051725414 -0.029062556 0.07984442 -0.018857434 0.08962324 -0.03475509 -0.118698925 -0.03382294 -0.0012917822 0.010500734 0.030230563 0.054060753 0.010582299 -0.0038094379 -0.008136404 0.0030031768 -0.029775923 -0.044676077 -0.029930778 -0.008592814 -0.008826005 0.022650823 0.005283029 -0.052063063 -0.015045716 -0.049156893 -0.01787742 -0.08838189 0.15141815 0.0525115 0.05068234 0.040551357 -0.006663467 0.011025911 0.010325471 0.06671758 -0.042572446 0.0016074763 0.040123187 -0.07141009 -0.052253902 0.031924002 -0.026056658 0.049667437 0.09169974 0.033210553 0.053661756 0.084169626 -0.04866955 0.017491974 -0.073770195 0.053634938 -0.03583842 0.0025027264 -0.059960976 0.05419407 0.1429037 0.17377648 0.020435479 0.13309056 0.047420856 -0.101952165 -0.0721782 0.042062085 0.053189047 0.10414977 0.008437212 0.0014315421 -0.010450474
ÏÂ -0.11413868 0.09278025 -0.020483239 0.08383425 0.04182918 -0.093284845 -0.011774674 0.13244261 -0.08242525 0.09530763 0.029549342 -0.040556774 -0.068798706 0.034256004 0.15048237 -0.111171365 -0.058583505 0.085342206 -0.041166358 -0.062161822 0.0040381188 -0.097135186 -0.035409417 0.039893597 -0.0888228 0.01120634 -0.016451675 0.034076553 -0.13918217 -0.04802921 0.037180573 0.060912378 0.07828932 -0.018230094 -0.030902386 -0.0073541803 -0.039552584 0.022208896 -0.13526493 -0.1459312 -0.1105573 0.0029191514 0.055542607 0.05661431 0.053198148 0.0053687394 0.09381005 -0.00074401736 -0.010173525 0.019248927 -0.010736392 -0.048831433 0.010706601 -0.07522879 -0.018586244 -0.08744686 0.09378386 -0.08984981 -0.07833791 0.0016644998 0.07196342 0.08707654 -0.055183522 -0.07926483 -0.083681434 0.07979162 -0.11749557 0.19475952 -0.096474685 0.01717112 0.01695791 -0.031734623 0.13446487 -0.046458416 0.0065497346 0.06349482 0.057051897 -0.16429573 -0.13141629 -0.015186731 -0.050570045 -0.16850181 0.0909739 -0.008527623 -0.013414426 -0.0328935 -0.029052893 0.15575518 0.03380574 -0.105711974 0.044603426 0.03552825 0.10738109 0.044520073 0.15462035 0.26411086 0.0045230384 0.0256088 -0.13006644 0.166993 -0.10961704 0.044004425 0.00408299 0.040430494 -0.09778134 -0.03111809 -0.11285613 0.10019126 -0.033947513 -0.11670109 -0.07177675 -0.10131454 -0.04147561 -0.05702187 0.003915587 -0.03590767 0.071070425 -0.10841522 -0.029701577 0.024174817 0.036049943 0.07605662 -0.0030192505 -0.087829046 -0.021958128 0.13708216 -0.1499827 0.062861174 -0.060429838 0.0009192571 0.017513873 0.073212996 -0.040486302 0.10576726 -0.03006583 0.1166042 -0.04832398 -0.1514121 -0.05523389 -0.0009892927 0.008767668 0.036892943 0.074504815 0.018162053 -0.004220344 -0.0014962609 0.0035214336 -0.045048155 -0.059440702 -0.03875439 -0.010976863 -0.0040046955 0.02652966 0.007864416 -0.0743109 -0.023823688 -0.057191495 -0.022084657 -0.11379063 0.19711357 0.07356399 0.07026875 0.0481169 -0.009765828 0.008751294 0.015688498 0.08230316 -0.052792165 -0.00254301 0.059693467 -0.09371922 -0.06853693 0.043125506 -0.028298851 0.06685479 0.12504657 0.04243022 0.073714636 0.10810579 -0.059022777 0.022775447 -0.09232506 0.068686746 -0.043920953 -0.0024443986 -0.07381276 0.07188702 0.18867737 0.22658564 0.025398783 0.17375596 0.065885894 -0.13759643 -0.0992991 0.055232447 0.072430655 0.13886744 0.011747617 -0.0042216773 -0.014279067
1998) -0.07095869 0.05408864 -0.0060165627 0.055682734 0.030901562 -0.053884573 -0.0073178457 0.07054909 -0.040777344 0.043363754 0.02111123 -0.022983942 -0.036996268 0.02550939 0.08280351 -0.069743015 -0.03442052 0.045215704 -0.0250988 -0.037187602 0.0012528147 -0.06028087 -0.023002163 0.022040207 -0.048841245 0.006352651 -0.012925885 0.024760157 -0.08001326 -0.025861295 0.020519411 0.032116488 0.03971278 -0.01199736 -0.023288606 -0.0061822995 -0.018291255 0.010135056 -0.086564675 -0.07935078 -0.07188726 -0.0020950083 0.034906298 0.032078013 0.03790505 -8.8164576e-05 0.041949745 0.002500925 -0.0033127386 0.007605724 -0.009329561 -0.022114124 0.0070734527 -0.047171555 -0.014084103 -0.050408997 0.053938504 -0.06271194 -0.050827052 0.0028849319 0.044210512 0.05318072 -0.031437144 -0.04091712 -0.05479879 0.05177961 -0.07092189 0.116287 -0.050039288 0.00639629 0.00957444 -0.01930832 0.0794521 -0.023964357 0.0034834712 0.039576385 0.028353577 -0.09960955 -0.07602572 -0.010954911 -0.029948784 -0.08916414 0.049539194 -0.0025138939 -0.009986316 -0.0047839344 -0.017739898 0.08339309 0.00991467 -0.057747137 0.031459853 0.023642667 0.05403261 0.03008239 0.09357802 0.16493896 -0.0049679982 0.0145413345 -0.07123296 0.09403468 -0.060779188 0.026074998 0.0020686937 0.025280263 -0.06157556 -0.019495582 -0.060594548 0.056954887 -0.02201628 -0.062224444 -0.04107635 -0.052198693 -0.022109943 -0.040214725 0.007977257 -0.018191606 0.03347745 -0.06473886 -0.012538356 0.016064987 0.027108353 0.04535828 -0.0046568643 -0.05431757 -0.0011355284 0.07941765 -0.076993726 0.033590667 -0.03170363 0.0068634995 0.0018263148 0.04072685 -0.028957015 0.05560922 -0.016572235 0.063681886 -0.023514912 -0.08214457 -0.031203784 -0.0054523335 0.0038564282 0.020719696 0.044864595 0.01219222 4.243681e-05 -0.0076092426 -0.00058565906 -0.020775134 -0.039051544 -0.027588235 -0.0016921469 -0.0018474077 0.019360105 0.006189789 -0.03919014 -0.013588135 -0.039099842 -0.0057410174 -0.06308194 0.11197818 0.042585593 0.03861237 0.031548914 -0.006283815 0.0015265297 0.0011549842 0.058610156 -0.030450705 -0.0051306016 0.03622436 -0.048167095 -0.043821596 0.02672223 -0.020993277 0.034433186 0.07324523 0.032107703 0.041760188 0.04918376 -0.037371848 0.0144229345 -0.04675728 0.040378176 -0.02109545 0.008419934 -0.03655361 0.036972187 0.10157312 0.13479756 0.020697596 0.1002291 0.044454496 -0.07722385 -0.057553228 0.027972443 0.04336359 0.07977709 0.0027489804 0.00165165 -0.012916765
( -0.0333192 0.027809473 -0.009097614 0.02816761 0.010169462 -0.034159187 -0.009452329 0.041601002 -0.021380758 0.024735304 0.004213948 -0.01380028 -0.024151668 0.01139166 0.044257455 -0.03263331 -0.013158585 0.025800845 -0.014325739 -0.02029861 0.0001672171 -0.025686221 -0.0087455185 0.014812319 -0.027035303 0.008694375 -0.0073592323 0.010526363 -0.03951902 -0.013052554 0.008961115 0.018773764 0.023726124 -0.006305627 -0.011052155 0.0022990638 -0.012785809 0.010439908 -0.03784516 -0.03874524 -0.035144117 -0.0033604708 0.012978644 0.014284239 0.012852129 0.0042485828 0.026622118 0.0029088932 -0.00062980485 0.0021497975 -0.00011109479 -0.013451451 -0.00051496195 -0.01934707 -0.0013877394 -0.025230488 0.023250436 -0.026427792 -0.029554797 -0.0035790442 0.020184865 0.030972872 -0.022237005 -0.026007062 -0.026148919 0.019287478 -0.037103128 0.06070512 -0.034755252 0.002895583 0.00887947 -0.012401146 0.03813139 -0.016668636 -0.0016215083 0.024241349 0.016763253 -0.052441623 -0.04462163 -0.0065151 -0.010550498 -0.05623408 0.023494422 -0.0047886227 -0.005750695 -0.011458663 -0.0080606295 0.045092728 0.013404101 -0.03302043 0.011029698 0.014822004 0.03189584 0.008501479 0.04293388 0.07772597 0.0023410895 0.0072298776 -0.03497295 0.050286073 -0.03435985 0.017177178 0.003733807 0.016388608 -0.02779621 -0.007973261 -0.033429757 0.03255265 -0.01384095 -0.03439419 -0.020125134 -0.028240113 -0.013683694 -0.015777923 0.0046377955 -0.009489374 0.016612511 -0.030821515 -0.0057336306 0.009102659 0.013809254 0.01971452 0.0016663778 -0.025091115 -0.009958598 0.046657704 -0.046563134 0.02436223 -0.021223161 0.0036727525 0.009136962 0.018410709 -0.011118106 0.031086357 -0.004987502 0.030717123 -0.018010898 -0.047703676 -0.013493444 -0.0054026656 0.007004652 0.011114579 0.022294337 0.0022757812 0.0011091497 -0.002090905 -0.0027530873 -0.012959119 -0.016897578 -0.0127953775 0.00024504942 -0.0015368606 0.004472739 0.0059069833 -0.025551206 -0.0012632107 -0.016167019 -0.008264476 -0.03598424 0.05906014 0.025276555 0.020853858 0.017246412 -0.004460901 0.0020702796 -0.0012436504 0.027434858 -0.01891308 -0.0013783249 0.01278214 -0.029153671 -0.022008624 0.01056327 -0.005038483 0.02175196 0.038719684 0.018101081 0.02623207 0.029918032 -0.02113394 0.012319943 -0.022127878 0.020345826 -0.01470567 -0.0012262547 -0.026162313 0.018962454 0.054020155 0.06568247 0.004508384 0.053836185 0.01672221 -0.043638457 -0.029546244 0.019373866 0.017532175 0.041133158 -0.0017806609 0.0039617033 -0.0009456277
¡¿9 -0.03495191 0.026683008 -0.0011632434 0.02005326 0.007987173 -0.029181289 -0.0083883945 0.03242768 -0.019539714 0.020561472 0.005485192 -0.011324903 -0.01915768 0.009033142 0.04154685 -0.0319432 -0.01690518 0.023600325 -0.007317744 -0.01816788 -0.00384078 -0.031959858 -0.007748576 0.014478573 -0.018374281 -0.0013766955 -0.0033446692 0.013296698 -0.041203413 -0.015908765 0.005885647 0.01920541 0.018922048 -0.004441373 -0.0071723084 0.002767669 -0.006586557 0.009247223 -0.031899687 -0.03812098 -0.030413682 0.002186949 0.014870851 0.014362859 0.015369351 0.0015387444 0.019862322 0.005002273 -0.001786702 0.009703036 0.0020304024 -0.011629931 0.0005003378 -0.019161005 -0.0040046736 -0.024227709 0.028778398 -0.022772258 -0.01772922 -0.004466593 0.020969097 0.023785815 -0.011980821 -0.020871466 -0.020913465 0.018658916 -0.035084683 0.048215557 -0.022053853 0.0008341425 0.0012945767 -0.005592412 0.03599559 -0.014423943 0.005937401 0.016183026 0.011162084 -0.046164416 -0.033363327 -0.008054908 -0.015777215 -0.048004266 0.022578968 -0.00752995 -0.004452095 -0.0049582315 -0.007127225 0.03451924 0.0052416753 -0.030122314 0.012418516 0.008025387 0.02453064 0.009326333 0.043468382 0.076856375 -0.0016208388 0.002090329 -0.033518784 0.04034206 -0.025882447 0.008953747 0.0042105718 0.015393063 -0.02834419 -0.008186723 -0.034114413 0.030181324 -0.012146717 -0.03607768 -0.022177536 -0.02589853 -0.006855594 -0.010876156 0.0032262183 -0.0044099404 0.019052284 -0.025848946 -0.012571573 0.009891445 0.013898643 0.014945869 0.0013809791 -0.02810771 -0.0092657 0.034004204 -0.042585123 0.020507542 -0.014183457 0.004584387 0.008320706 0.021039966 -0.013413902 0.030206114 -0.011658474 0.03143227 -0.011675792 -0.038158912 -0.010884173 -0.004855629 0.0023276517 0.01359898 0.022256728 0.00048152482 0.0028603761 -0.0018024583 -0.0020683573 -0.013912935 -0.0139142815 -0.013459892 -0.005148858 -0.00024069849 0.009852082 0.0067952033 -0.019246906 -0.0025553342 -0.01111998 -0.0013023512 -0.027703902 0.047741145 0.014890846 0.022524381 0.013548617 -0.0018832377 -0.00030829888 -8.466621e-05 0.024517803 -0.012075928 0.0029919427 0.016343957 -0.022045583 -0.013049804 0.0099437665 -0.0051676757 0.014083324 0.030226074 0.0130085265 0.019924643 0.030716455 -0.0135252215 0.008446614 -0.022983007 0.014731368 -0.011063862 0.0022718392 -0.021512793 0.01706071 0.046530038 0.058187637 0.009355865 0.042233083 0.021358905 -0.035666697 -0.02903235 0.01915788 0.017228073 0.035115115 0.0045885234 0.0013028634 -0.0049374746
24 -0.07756485 0.060059216 -0.015873918 0.0673998 0.033895414 -0.06453097 -0.0069319983 0.08841844 -0.05189089 0.05542939 0.017874269 -0.028339462 -0.04548721 0.024318557 0.09302081 -0.073686205 -0.03612641 0.052225225 -0.027192397 -0.040141884 0.0010956166 -0.07410764 -0.026212074 0.023994446 -0.05406251 0.004575934 -0.006703398 0.02496121 -0.09979157 -0.03177807 0.029073464 0.04113603 0.049284246 -0.010195297 -0.028418591 0.0014920799 -0.023433315 0.014252551 -0.09506424 -0.09301221 -0.08287408 -0.0024301277 0.044920973 0.043030508 0.037262708 -0.00079470535 0.053474218 0.0053397603 -0.0027361924 0.01676177 -0.01003227 -0.0322655 0.008187342 -0.059509564 -0.01754993 -0.061270397 0.059271276 -0.07406228 -0.056711257 0.0035782233 0.04641132 0.06452372 -0.037506055 -0.053928863 -0.067235075 0.05755346 -0.07939704 0.14230096 -0.059977006 0.0034348941 0.0169707 -0.0159789 0.09584573 -0.029935911 0.0044373884 0.04408794 0.033182353 -0.11706923 -0.09875189 -0.014128242 -0.027095238 -0.11070749 0.054282475 -0.0039600395 -0.008359362 -0.013070629 -0.015439153 0.1010975 0.01187683 -0.07559179 0.038244646 0.02174623 0.067245446 0.0321515 0.11158457 0.19451262 -0.0014755232 0.0095440075 -0.07701928 0.112265274 -0.07083432 0.026002383 0.00746857 0.029073182 -0.067281984 -0.02286513 -0.07116507 0.06479509 -0.02256902 -0.07361542 -0.048870396 -0.063622236 -0.021888152 -0.039528698 0.0052803042 -0.020363027 0.045695674 -0.07647307 -0.02240733 0.016930936 0.028092591 0.058722448 0.00137225 -0.06471712 -0.009280042 0.08844968 -0.09320096 0.040444747 -0.037879195 0.007123554 0.004383901 0.052414272 -0.033126067 0.0669038 -0.021766601 0.07398401 -0.037308086 -0.10536582 -0.03606937 -0.0124236755 0.0046234606 0.017514937 0.053954486 0.017801225 0.002940061 -0.009178074 0.002252516 -0.022154909 -0.039730843 -0.026020003 -0.0072074383 0.00039619612 0.01766294 0.00077918073 -0.044911817 -0.013070385 -0.04607097 -0.017204044 -0.08115736 0.12373685 0.047029104 0.04668489 0.03838111 -0.011663748 0.0037895867 -0.001164299 0.059453446 -0.029925713 -0.007349073 0.03308074 -0.059246283 -0.04908538 0.031154603 -0.024963854 0.037999947 0.0802318 0.02796722 0.05071234 0.06258117 -0.040528234 0.015144399 -0.05696682 0.048888445 -0.029960057 0.0011321392 -0.053122018 0.042450204 0.1257971 0.15390758 0.023296727 0.12222329 0.05290988 -0.09120949 -0.06314956 0.035796907 0.054206733 0.08956158 0.0005352511 0.0012958621 -0.02097881
18 -0.096539855 0.071159296 -0.01371102 0.07655595 0.041249212 -0.08391472 -0.012792989 0.10430086 -0.062449355 0.069886215 0.020613093 -0.035431627 -0.061077442 0.029499885 0.11901435 -0.10073215 -0.044847105 0.07078776 -0.0372327 -0.04950045 -0.0026586931 -0.08782101 -0.02636135 0.036077186 -0.0710951 0.0123176575 -0.018520067 0.03157886 -0.119596824 -0.031086033 0.029277122 0.040634573 0.06272189 -0.0097667035 -0.02604423 0.0016121378 -0.036506817 0.020961422 -0.12226356 -0.12270827 -0.094935305 -0.0014402987 0.047815133 0.045704506 0.044092435 0.002187612 0.06991559 0.0045030834 -0.005057509 0.020261602 -0.006172041 -0.03502729 0.013878377 -0.068668954 -0.02569088 -0.06761089 0.081033766 -0.08189494 -0.075907476 0.0053883125 0.06190744 0.07793854 -0.051881067 -0.06264995 -0.07737661 0.06705932 -0.106888354 0.16620392 -0.07919019 0.0010737097 0.01692837 -0.028385492 0.11468615 -0.03474227 0.008079085 0.053078968 0.042219616 -0.13775639 -0.113483064 -0.017739046 -0.039909054 -0.14066033 0.072451964 -0.012212896 -0.008269812 -0.017753758 -0.024544828 0.11838898 0.021885905 -0.08316803 0.04644663 0.02442024 0.08829378 0.043809257 0.1291193 0.23759998 0.00057335064 0.01490186 -0.101013415 0.13703488 -0.09316365 0.03224814 0.010689789 0.036442544 -0.083863065 -0.02602622 -0.08572082 0.08319265 -0.032303073 -0.09224106 -0.06569121 -0.08338167 -0.031920936 -0.05585752 0.009218069 -0.034015194 0.050649974 -0.09596821 -0.021253131 0.015377831 0.041332796 0.07561897 -0.00026148363 -0.073238336 -0.008227294 0.11623433 -0.124913484 0.05489885 -0.04854716 0.0029660314 0.009032874 0.0622392 -0.03471573 0.08375493 -0.025297157 0.097692706 -0.03944163 -0.12519072 -0.048525795 -0.013847877 0.0075106057 0.028914796 0.06281429 0.015522944 0.0008171079 -0.010201956 0.0079921745 -0.036809497 -0.05271401 -0.03184727 -0.0046739117 -0.00075147965 0.02762434 0.010365375 -0.05437976 -0.015203684 -0.05413036 -0.019406764 -0.090753876 0.16080245 0.0657047 0.061256286 0.0389156 -0.011936469 0.0040215845 0.0007481255 0.08103814 -0.040791538 -0.007227925 0.04595281 -0.07500992 -0.05342754 0.043208845 -0.027825963 0.048910156 0.10315215 0.044080075 0.0596646 0.07732975 -0.04548058 0.019972835 -0.0664072 0.052152663 -0.038587295 0.0078073377 -0.06492781 0.052284706 0.15740015 0.19839641 0.02556636 0.15122007 0.06059691 -0.1055105 -0.08358423 0.048172154 0.06712203 0.11227341 0.0020052067 -0.00014818621 -0.015997821
(ÅÝÅÝÁú), -0.08452772 0.0700055 -0.01019526 0.066576734 0.04539158 -0.072771445 -0.01141113 0.10520264 -0.058192473 0.071578205 0.024541037 -0.036106788 -0.048117872 0.027717806 0.11411677 -0.086014464 -0.043509535 0.069526106 -0.03031575 -0.04916331 0.004796633 -0.07752634 -0.020840798 0.03139939 -0.073551506 0.00680187 -0.0069374475 0.031098144 -0.111901 -0.03203624 0.028485913 0.042678785 0.060616262 -0.013570624 -0.021501217 -0.0028062658 -0.034590628 0.014550467 -0.10786611 -0.1038455 -0.08527366 0.0017138998 0.045592617 0.042665415 0.043531824 -0.0021267452 0.07174471 -0.008199351 -0.015165111 0.022170797 -0.009146228 -0.035270482 0.007899125 -0.055744585 -0.011716047 -0.067062885 0.07145218 -0.068456516 -0.06294342 -0.0012582355 0.052020814 0.068312936 -0.045628164 -0.06471761 -0.069858134 0.05680772 -0.091098115 0.15551604 -0.07224573 0.0015108052 0.015744874 -0.024081074 0.102121875 -0.03904909 0.0076855477 0.050886497 0.044088803 -0.12643765 -0.11060741 -0.010591517 -0.04146438 -0.12567845 0.06532815 -0.010304918 -0.015997276 -0.02208436 -0.019292675 0.11709382 0.024936378 -0.08493261 0.03277808 0.02294432 0.08562317 0.030917054 0.12334709 0.21285802 0.009095254 0.014481964 -0.09646099 0.13724777 -0.09026252 0.032248575 0.007885268 0.033484396 -0.07536767 -0.022547752 -0.08491415 0.076313965 -0.03128057 -0.097302265 -0.054243553 -0.08335414 -0.03142331 -0.051565535 0.0020011514 -0.021966193 0.046154045 -0.078222826 -0.022577278 0.020675996 0.026601544 0.070181444 -0.0031320932 -0.07150598 -0.009901732 0.112152174 -0.11974801 0.05287249 -0.045326773 -0.004236459 0.01481022 0.05892986 -0.029601963 0.07596074 -0.021008575 0.09118036 -0.040188003 -0.1213362 -0.04505819 -0.008404866 0.008166431 0.029803775 0.055924576 0.010210336 -0.0040241666 0.0004379383 0.00036912694 -0.036043834 -0.044166688 -0.033706773 -0.00963855 -0.0062455516 0.01782896 0.011769859 -0.05769963 -0.014619785 -0.04119009 -0.02346848 -0.08461966 0.15061985 0.050698556 0.052871402 0.032838862 -0.0010125254 0.0076738303 0.007627419 0.076523446 -0.03928452 0.0010159643 0.048604727 -0.06680671 -0.054584373 0.030914027 -0.027462801 0.053034637 0.09567428 0.03198077 0.061741505 0.08241906 -0.040381033 0.022503875 -0.07333042 0.051481675 -0.032915916 0.0013229641 -0.05330254 0.055091865 0.1490411 0.17693411 0.011486206 0.14103833 0.060373653 -0.108164154 -0.07244305 0.037522107 0.051424023 0.10298501 0.010042731 -0.0023990495 -0.014436427
redpower -0.09161481 0.07373309 -0.014508991 0.07250807 0.045042142 -0.074440576 -0.011699592 0.103368275 -0.05498053 0.06712468 0.0201479 -0.03206877 -0.05360736 0.02655233 0.11353506 -0.08927156 -0.047027834 0.066951334 -0.028643612 -0.049452357 -0.001137206 -0.07292991 -0.021857496 0.03341067 -0.07554686 0.01030562 -0.017014988 0.03197602 -0.109334625 -0.032455247 0.022498723 0.03952546 0.06272165 -0.015413943 -0.02516841 0.0013954658 -0.039945222 0.022511404 -0.10349471 -0.11465549 -0.09338858 0.0023417533 0.04221937 0.04411724 0.039260156 0.0005049378 0.07185247 -0.0038921523 -0.0077180695 0.017604113 -0.0008984742 -0.039501797 0.014455335 -0.06001225 -0.021084143 -0.074326195 0.06914474 -0.07653311 -0.0654663 -0.0037282715 0.05449007 0.06759154 -0.045793932 -0.058997106 -0.06610036 0.063643664 -0.09438843 0.15211022 -0.07438134 0.0094551025 0.011318998 -0.028208695 0.10043178 -0.03443642 0.001277901 0.054970354 0.041294906 -0.13736326 -0.1056916 -0.010809412 -0.038942304 -0.1312273 0.06398868 -0.0044762706 -0.016739834 -0.024729015 -0.015793176 0.12688674 0.026167192 -0.084604286 0.036061965 0.030082447 0.085627966 0.036841106 0.12419241 0.22220372 0.0034851613 0.021152107 -0.09961672 0.14130749 -0.08917349 0.03871996 0.0022990028 0.028849684 -0.082460955 -0.029983766 -0.09002356 0.07314077 -0.023497825 -0.09825925 -0.063339695 -0.08455629 -0.033097357 -0.048101973 0.0011530769 -0.024853155 0.054154765 -0.08384015 -0.026555516 0.02711943 0.020979647 0.06738875 -0.0058691255 -0.07051286 -0.013887728 0.10803606 -0.11928916 0.053253956 -0.052196283 0.00012578069 0.016207423 0.057140093 -0.03501222 0.07996798 -0.017840471 0.088271 -0.035181273 -0.12554473 -0.049662687 -0.00025102624 0.0068406416 0.021850586 0.059726402 0.014758827 -0.0036493978 0.0011363408 0.005774739 -0.041367803 -0.045213416 -0.029273339 -0.01050486 -0.0053831697 0.018637057 0.01198434 -0.05728803 -0.011386123 -0.039932072 -0.01642326 -0.09452352 0.15376462 0.05330182 0.059002195 0.031287827 -0.0019072657 0.0089554 0.0013727085 0.06972708 -0.04066312 -0.0010729256 0.04944832 -0.07500564 -0.061119627 0.03716161 -0.017520228 0.06073317 0.10419535 0.040259194 0.064202145 0.07972876 -0.042606376 0.017881129 -0.07006738 0.060070623 -0.03082339 0.005149786 -0.05197422 0.05562228 0.15100014 0.18839905 0.013849135 0.13755095 0.052495096 -0.10338143 -0.07402833 0.036908146 0.055700716 0.114854544 0.008990047 0.0009374813 -0.011549248
µØµã£ºÓÉºÏ×÷·½Ñ¡Ôñ 0.0006898677 0.0027000874 -0.0010690796 -0.0003290814 0.0041693156 0.002734015 -0.004799241 -0.002802767 -0.0029623772 -0.00022629321 0.004776773 0.0040301126 0.0040658377 -0.002770425 0.00057932915 -0.00025270402 -0.004357728 0.0026704432 -0.0041673947 0.00050108315 0.0006351811 -0.003247981 0.004611648 0.0014069611 0.0018786127 0.002150008 -0.0025504017 -0.00053140876 -0.00031666816 0.0026361637 -0.0036632926 0.0036096198 -0.0032859289 0.00032096743 -0.0013800072 -0.0025945222 -0.0042412025 0.0013087672 -0.0037369884 -0.0006066132 0.0014125401 -0.0004821551 -0.0010377318 0.002927872 -0.0027153771 0.00065959094 -0.0029041606 -0.001790123 -0.00071614445 -0.004814453 0.0049746186 0.0045388048 -0.0014359928 -0.00027060986 -0.001063233 0.0016109974 0.00044236303 -0.0006991619 0.0044125076 0.0037114513 -0.0043689753 0.0017342638 -0.0027036667 -0.004231581 0.0035980898 0.002498716 -0.0027091599 -0.0021755917 -0.00088117184 -0.0024268592 -0.0047126235 0.004236908 -0.0031502228 -0.00072372856 -0.0028635 0.0014508206 0.0018220949 0.00126333 0.0043212934 0.0042868154 0.0020477134 0.0024668586 -0.004490778 -0.0034779334 0.0010076601 0.0015987909 -0.0006920362 0.0011420376 -0.0017114943 -0.0028826576 0.0034374702 -0.0040371544 -0.0028638577 -0.003747049 0.0047761076 -0.0008266473 -0.004890146 -0.0034083838 0.004173172 0.0003634113 -0.0022307753 -0.0014728522 -0.0016656346 -0.003974742 -0.000830363 -0.002115069 -0.0016543042 0.00025406183 0.003590045 0.004067722 -0.0033189363 -0.002652582 0.002231819 0.0012712693 0.00091006217 -0.0010458124 0.002441303 0.0038450635 0.0034556675 0.0033556283 -0.003525094 -0.0039857305 0.0033956105 0.003173325 -0.00050871255 0.002734571 -0.00435636 0.0015828037 -0.001447894 0.002703659 -0.00017931401 -0.0027440034 -0.004035085 0.0025995297 0.0037714683 -0.00048522055 -0.0027113366 0.0021208 0.0021359557 0.00018959522 -0.0034160675 -0.0035542853 -0.0044440497 -0.0038593072 0.003618697 -0.0018831623 -0.0041328804 -0.0037393153 -0.0006729138 0.004314222 0.0014699071 0.00086009025 -0.0020256864 -0.0037867809 0.0004016745 -0.0045267898 -0.0030467678 0.003952469 0.0007427418 -0.003871997 -0.0018857908 -0.001095916 -0.004519576 -0.0018071389 -0.0035825735 0.00082888664 5.254686e-05 -0.0027200817 0.0025634922 -0.0038639372 0.00090852496 0.004114044 0.0017197079 0.0031904383 -0.0008290434 -0.0018159151 -0.0013658309 -0.004206557 -0.0027723454 -0.0026380676 0.003022064 -0.00044015885 -0.0038893444 0.0031190931 0.002181235 0.0020190405 -0.0039007277 -0.0043357178 -0.00015428543 -0.0026599085 -0.0009745735 -0.0048857317 -0.0007688659 0.0034840554 0.0046592816 -0.0045011854 0.00080334663 -0.0029761696 0.004809388 -0.00080484094
µç»°£º7953816 -0.070831366 0.058344994 -0.0059630154 0.050458264 0.027174259 -0.057364233 -0.009556121 0.0764225 -0.043894324 0.051310085 0.017801836 -0.029480929 -0.033018656 0.019981604 0.080802664 -0.069572315 -0.029757416 0.048896 -0.025238013 -0.03181251 0.0028829162 -0.057322174 -0.017020427 0.024700867 -0.049019616 0.008865484 -0.005909983 0.019035459 -0.0815415 -0.030651737 0.014255119 0.034348343 0.047365304 -0.012971492 -0.02005387 -0.0024707094 -0.025469555 0.012788243 -0.074778154 -0.077801466 -0.06643994 0.0018681844 0.03639028 0.030903729 0.029596044 -0.00015204996 0.055871442 0.00264407 -0.007282548 0.007970016 -0.011059576 -0.026557721 0.008940975 -0.04343615 -0.007485368 -0.052377403 0.04849749 -0.055489827 -0.053415112 -0.001041962 0.04238836 0.04949602 -0.03456051 -0.04161507 -0.054228235 0.049171496 -0.067132436 0.11829504 -0.057044182 0.0020974712 0.010172887 -0.014442468 0.07664831 -0.03167717 0.0019325757 0.04284302 0.03181181 -0.102999926 -0.07771223 -0.0081375595 -0.026266258 -0.09556444 0.052872222 -0.008346254 -0.01274172 -0.02177826 -0.015857823 0.084381066 0.020040708 -0.06537684 0.028817128 0.0197738 0.060898837 0.031268638 0.095085956 0.1608703 0.0031186002 0.01697026 -0.07320095 0.09494646 -0.06957586 0.02099199 0.0086507015 0.023530938 -0.064934395 -0.021304056 -0.06683496 0.05237886 -0.02463732 -0.069846585 -0.042785544 -0.061040368 -0.027398271 -0.038275592 0.008221866 -0.018582936 0.035786048 -0.060416702 -0.021807702 0.018949408 0.02085408 0.04371125 -0.0005919205 -0.05861145 -0.006212877 0.078078054 -0.086215325 0.03661002 -0.040297385 -0.0014277614 0.009972455 0.04645363 -0.022281531 0.061193936 -0.01654257 0.07139409 -0.024202429 -0.09329346 -0.031081542 -0.0043218466 0.006674656 0.020265386 0.04850626 0.0076916674 -0.0022037048 -0.007097348 0.005185646 -0.027915921 -0.037317462 -0.026469411 -0.010868523 -0.0063141696 0.014015815 0.006929934 -0.04715331 -0.015694343 -0.032769155 -0.015662247 -0.063518725 0.117020264 0.04162657 0.041716885 0.025118373 -0.0013429859 0.006816794 0.003918003 0.050164197 -0.033969875 0.0031056812 0.030278288 -0.05310259 -0.03857683 0.026960643 -0.016363861 0.037731733 0.07267014 0.025684917 0.047720786 0.05873462 -0.036436312 0.018840354 -0.047899153 0.041938126 -0.024794903 0.0027744859 -0.04357931 0.03808024 0.111462824 0.13871972 0.0142437145 0.10527049 0.040666763 -0.08259187 -0.060317215 0.031904116 0.045805715 0.085435726 0.0033056822 -0.00080450537 -0.014693446
ÁªÏµµ¥Î»£º¼ÃÄÏÊÐÂÀ¾çÔº -0.07292997 0.056660507 -0.013051502 0.054738883 0.035248764 -0.06633293 -0.0060627405 0.0823791 -0.053065382 0.057861768 0.0136708515 -0.031548295 -0.040384144 0.022737447 0.086207986 -0.070445575 -0.031720422 0.052066922 -0.026514914 -0.040978283 -0.0006915318 -0.057737805 -0.026151558 0.02778904 -0.051241774 0.009948462 -0.011732403 0.026517738 -0.08801 -0.027857298 0.023129607 0.03519722 0.044334292 -0.0076403474 -0.019591011 0.0029419768 -0.030533716 0.012877371 -0.081730075 -0.08461834 -0.0734656 0.003974495 0.033763573 0.03780068 0.03879366 0.0076157716 0.05890248 -0.0025593997 -0.0065580695 0.011206367 -0.008107838 -0.027618252 0.007865922 -0.05394718 -0.01168718 -0.05694798 0.05496391 -0.05880088 -0.057195164 0.00045839674 0.051606815 0.053204555 -0.036058795 -0.051162813 -0.056905475 0.049092386 -0.0746163 0.122417815 -0.0615758 0.0032489647 0.009544781 -0.022839202 0.08296957 -0.023611858 0.007602582 0.043841705 0.0348337 -0.11056343 -0.081433475 -0.011414699 -0.033948306 -0.10637706 0.053884644 -0.0050929287 -0.00970721 -0.019364841 -0.019401357 0.092315406 0.019830443 -0.06100984 0.02798833 0.025662448 0.06814824 0.032489844 0.09527044 0.16570371 0.00074994896 0.017054083 -0.07921291 0.10536848 -0.07025542 0.023887826 0.0032648416 0.028701317 -0.060499463 -0.014803986 -0.06822391 0.060706846 -0.019394858 -0.072945245 -0.04949813 -0.062636696 -0.021594975 -0.033379704 0.0047179735 -0.01629191 0.03736246 -0.065210454 -0.015111862 0.01590969 0.025977472 0.050388467 -0.0021643615 -0.059894793 -0.012700873 0.08183671 -0.094009556 0.040054373 -0.033950686 0.00047607766 0.011276682 0.044644188 -0.030411959 0.06858901 -0.020715203 0.06773377 -0.029917354 -0.10062822 -0.030330494 -0.009633185 0.009704246 0.019963909 0.053456478 0.016052183 1.9894782e-05 -0.0012624764 0.0039952626 -0.024807863 -0.035662632 -0.023365868 -0.0062910737 0.0008307404 0.015870074 0.010085787 -0.04312238 -0.011408384 -0.033864435 -0.014743779 -0.06987038 0.12531868 0.045793783 0.039027896 0.028344356 -0.0019422203 0.009856988 0.006993851 0.059943605 -0.027584977 -0.005255192 0.035014197 -0.05970617 -0.04350229 0.02716779 -0.01757935 0.04641237 0.07607921 0.024029525 0.043931708 0.06726083 -0.031802494 0.0106186075 -0.053634796 0.04165421 -0.026350815 0.0008097023 -0.04164337 0.042501956 0.11443461 0.14341448 0.010670434 0.11101007 0.043114047 -0.08537179 -0.06417472 0.035259433 0.04864155 0.08420233 0.009148274 -0.003983929 -0.015564804
ºÏ×÷·½Ê½£º¹ÚÃûÈ¨£¬½ÚÄ¿µ¥Ðû´«£¬Ã½Ìå±¨µÀ 0.0004784268 -0.0025970256 -0.0015471018 0.003888262 0.0011853325 0.0041492986 -0.0042626197 -0.0003857696 0.0046771984 -0.001644339 0.0031411499 -0.0024159665 0.00034364164 0.0013104236 0.0037869024 0.0041059316 -0.0026791375 0.0033675903 0.0026914633 -0.004443867 -0.004723937 0.0012897581 -0.0016898251 -0.0016295933 4.619658e-05 0.004400713 0.0038357438 0.001855855 0.0005657524 -0.0032778168 0.00043117165 0.0023269004 -0.003731861 -0.0012300187 0.0019069331 -0.0026639176 -0.004128781 0.001722036 -0.000584898 -0.003497528 -0.0029945218 0.0006734341 0.0014901704 0.0015353113 0.0013036877 -0.004286093 -0.0005807066 -0.0002468151 -3.1449796e-05 0.00046109795 0.004975909 -0.0032283682 0.0011950571 -0.0023112725 0.002700165 0.0029279077 -9.4971656e-05 0.0040015085 -0.0034211224 -0.00082499505 0.0030996322 0.0025359476 0.0038623137 -0.002302121 0.003289458 -0.0026072764 -0.0037219124 0.002042343 0.003941221 0.000984894 -0.004181707 -0.0022725577 -0.0016940081 -0.0018493157 0.00043212593 -0.0040033623 7.8305005e-05 0.0001501602 -0.0016915745 0.0030997682 0.0030802495 0.0008449769 -1.50603055e-05 0.0021812408 -0.00210117 -0.002125011 0.0012836981 0.0014268064 0.0043755425 0.003375125 -0.0031193483 0.004378065 0.0033208793 0.0025520122 0.002115283 0.00021696508 0.0017095905 -0.0017077791 -0.0034949726 0.0040898137 -0.0022624969 -0.0024792964 -0.001212287 0.0017539233 0.0033312486 -0.0033483214 -0.000953809 0.003628369 -0.0013050955 -0.0043991995 -0.0026516754 -0.00035569907 0.0026356517 -0.00015065193 0.0007610893 -0.003329757 0.001621449 0.0019253445 -0.00027719676 -0.0040531224 -0.004671608 0.0007591784 -0.0015196645 0.0016757619 -0.0023988856 0.003092705 0.0005010438 -0.0031456256 -0.0040399255 -0.0012691063 -0.0035158866 -0.003851605 -0.0036049336 -0.00096876384 0.0014375817 -0.002629357 0.0024849814 0.0025796639 0.0037188805 -0.0045789573 -0.00031316222 0.002497652 0.0018933463 -0.0023929917 0.0045080264 0.0023260426 -0.00041346013 6.886661e-05 0.0044056815 0.004795745 -0.0017485976 0.0028767032 0.0004310137 0.0020619142 0.004607778 0.00025943934 -0.00047969937 -0.00046141862 0.0049089952 0.00050322356 0.001735875 0.004441849 0.0014675873 -0.003276334 0.0005021447 0.0044597182 0.004553807 0.00039500237 0.0025030153 -0.003148871 -0.0024146647 0.00026971698 -0.0027367508 0.0016485655 0.0030484193 0.004832998 0.0013939977 -0.00082306564 0.0024171579 0.0029479528 -0.0009036404 -0.0032053601 0.001871534 0.0005754054 0.0015476132 0.0010491174 0.0018363559 -0.0018197137 0.00031946064 -0.0022942715 0.004205991 -0.0027971321 -0.0043598777 0.0034647363 -0.00043461024 0.0012357187 -0.0029130483 -0.00091081974 -0.0031185257 -0.0042483076
µØµã£º¾ç³¡ -0.0039476026 -0.0006393135 0.0038757187 0.00039116503 0.0048105116 0.0028078794 -0.0039818035 0.0046288613 0.00018072546 -0.001592685 -0.0008212483 0.0014131546 0.0010627824 0.0022746897 0.00030164898 0.00078985095 -0.000105013845 0.0028112172 -0.004647001 0.00030077994 -0.0008627182 0.00073325157 0.0018168867 0.0005906671 -0.00057204126 0.0049757864 0.0010537952 0.0015146052 -0.001533066 0.0040123477 -0.000777362 -0.0015544397 0.0005561483 -0.0032980794 -0.0007228494 0.004828864 -0.0015933531 -0.0020216287 -0.001387757 -0.004371471 -0.0025593096 9.2216134e-05 -0.0039334125 0.003598932 0.004250907 -0.0016884023 0.00446952 -0.001136865 -0.0015524859 -0.004862097 0.002779467 0.0038224114 0.004511448 0.002728042 -0.0027864235 0.0034180265 0.0015250045 -0.0033355618 0.0035399138 0.00050167146 -0.0035660386 0.003689981 -0.0012996888 -0.0011444741 0.0025315827 0.00022273243 -0.004794727 -0.0014774681 0.0035106074 -0.0028721816 0.003335181 -0.002167706 0.003850509 -0.003940412 -0.0004553169 0.0010896206 0.0049650115 0.0047617387 -0.003943069 -0.0042838766 0.004542993 -0.0012778699 0.0029577322 -0.0026407975 0.0014924485 0.0032902318 -0.0024310828 0.0010499978 -0.0019581288 -0.00366695 -0.00479442 -0.0028244078 -0.00045068085 0.0008647126 -0.00028782905 -0.0048296778 0.0010279876 -0.0007617396 0.0015202392 0.0010923189 0.002379017 -0.0001851976 -0.003561846 -0.0017124409 -0.004308477 0.0046028616 0.0021286206 -0.0017865789 0.003457259 0.0017323345 0.00082002877 0.0024454987 0.0037709253 -0.0020315414 0.0002172333 0.0025198257 -0.0024006665 -0.0018258095 0.002224096 0.0012570381 0.00068013667 0.00079477904 0.003071268 -0.004243554 -0.004864692 -0.0014438027 0.0036656754 0.0023364758 0.002619583 -0.0009176928 0.002256469 0.0029197056 -0.0010716498 -0.0046984004 0.0032299035 0.0029638207 0.002720698 0.003977126 -0.0049076183 -0.0032072496 0.004150098 -0.0003027892 0.0003774798 -0.0043531233 -0.003624171 -0.0013915568 -0.0033812516 -0.00063682796 -0.0013282043 -0.0027301228 -0.0004140824 0.001008699 -0.0047719465 -0.002277115 -0.0013599258 0.00404694 0.0018448472 -0.0013745981 0.00035665155 0.0014609725 -0.0003920132 0.003367043 -0.0020378632 -0.0014728272 0.004384749 -0.0015331715 -0.0018713033 0.0043631895 -0.002365352 0.004468876 -0.0034174437 0.0048931255 -5.8817863e-05 0.00017006397 0.003064025 -0.0020282262 -0.0020438803 -0.0015254288 0.0033646936 0.004383904 0.0015423131 -0.0018385767 -0.0032299089 0.00022613049 -0.0037036466 0.0008079523 -0.0011899746 0.0014225054 -0.00018529773 0.0027846186 0.0049557267 0.004294425 -0.00027761518 0.0004790038 0.0003996724 0.0046206526 -0.0043858653 0.00410174 -0.0031266809 -0.0010814732
ºÏ×÷·½Ê½£ºÂò¶Ï¹ÚÃûÈ¨ 0.00011965752 0.00263156 -0.00021308362 0.0037699747 -0.004117627 -0.0009273106 0.00093008636 -0.0008551937 -0.0013632071 0.004632256 -0.0016372263 -0.0034637756 0.004340994 -0.003754069 -0.00010507345 0.000624097 0.0035515577 -0.00037365197 -0.0035938926 0.0004754734 -0.0024085075 0.0017283112 0.0019703484 0.003992706 0.0010825067 0.0036736983 -0.0016077566 -0.0029832022 0.00011819184 -0.003951494 -0.0014343273 -7.758736e-05 -0.0017351079 0.0036675108 -0.004565215 -0.0009079546 -0.0039647496 0.0011953622 -0.0008972061 0.0029431372 0.0018700117 0.0020609498 -0.0042179013 -0.0038136905 0.0040787156 0.0010725046 0.0036903447 0.00433937 -0.0019200093 0.0047998857 0.004682119 0.0005505973 -0.0043609845 -0.0025741274 -0.000260852 -0.0029603236 -0.004215143 -0.0016705662 -0.00472446 -0.0042328928 0.0035085422 0.002823255 -0.00031526983 0.0024741155 -0.00036510825 -0.004273167 -0.003922629 0.0010429287 -0.003035916 -0.0026527494 0.0017350662 -0.0014001119 0.004346392 -0.0038494735 -0.0017466116 0.0034724677 -0.00078539905 -0.002327385 -0.00015325725 -0.004745502 -0.0023258883 0.002964045 0.0012146109 0.0016563403 -0.0001321268 -0.0042626555 0.0017033976 -0.0041604387 0.00011154473 0.0006194729 0.003093331 -0.0008807063 0.0032140773 0.0023639034 0.0033493561 -0.0031256026 -0.0042212023 0.00067156734 -0.0027792817 -0.0019441348 0.004928423 -0.00048693002 -0.0020518498 0.0021986323 -0.0029839224 0.003292501 0.00494941 -0.0022472453 0.0032244248 -0.004845696 -0.004130627 -0.0043535684 -0.00023505688 -0.0009477532 -0.0013483507 -0.00088297186 -0.0038962418 -0.0012683559 -0.0015992045 0.0048057484 0.004691241 -0.002136916 0.0010001499 -0.0047029783 0.0014858836 -0.0019228267 -0.0016554791 0.0015154594 -0.0032465088 -0.0049943174 0.00024883272 -0.0014363558 0.0042678225 -0.0021315045 0.0025599592 -0.0047578756 0.0049056844 -0.0038257563 0.0015081018 -0.004306734 -0.0045218198 0.0034169196 0.0029541708 -0.0009866846 0.002498815 -0.0032463567 0.0049053608 0.0009767753 -0.0046119303 -0.0030831485 0.0012677467 -0.004004953 0.0005060649 0.004391289 -0.0008469367 0.004947745 0.0019517785 -5.595386e-05 0.003499406 -0.00046845913 -0.0003882104 -6.386399e-05 -0.0049110674 -0.0024654078 0.0026488786 -0.003666548 -0.0046909223 -0.002478488 0.0042465753 0.0028064835 0.003688367 0.0026041097 -0.0031364763 0.002942006 0.00068514165 -0.0019334746 0.0040115877 -0.0046803765 -0.0037065905 -0.004230018 -0.0049181934 0.0022809291 0.0012702667 -0.002947055 0.0015585453 0.0032907827 0.0048484593 0.0005237806 0.00487099 -0.0037027185 -0.0016712617 -0.0027859826 0.00032948612 -0.0015242642 0.0030815422 0.0034690357 -0.0007351893 0.003786695 0.0040784497 -0.003667432
York: -0.10861016 0.08753695 -0.016965427 0.088447206 0.043882105 -0.09320809 -0.02049658 0.12928927 -0.071482226 0.08287301 0.021551792 -0.04146055 -0.05943743 0.03366061 0.13580449 -0.11159861 -0.053528912 0.07807051 -0.03730654 -0.057451926 -0.0009875293 -0.09227528 -0.032648705 0.03911706 -0.08665696 0.013108748 -0.012763817 0.04126099 -0.13836443 -0.043933094 0.028963257 0.055733107 0.07300143 -0.01405648 -0.038088374 -0.003922204 -0.039943583 0.020736657 -0.13094454 -0.13638707 -0.115033455 -0.0018639752 0.056749407 0.05449288 0.054552183 0.010517544 0.08564588 -0.0030005816 -0.013393919 0.019531466 -0.014726086 -0.046285234 0.018250376 -0.07331819 -0.015732646 -0.09091459 0.08518531 -0.09519693 -0.08121279 -0.0044221077 0.06803515 0.0892636 -0.057580613 -0.07530221 -0.08830062 0.07541014 -0.12299678 0.18639489 -0.09970761 0.01025437 0.01507275 -0.033160657 0.1326635 -0.045251194 0.009055241 0.062128894 0.049591932 -0.15861757 -0.13098192 -0.013209757 -0.048985746 -0.16667844 0.08169602 -0.011432688 -0.017337613 -0.027772037 -0.02902162 0.14148594 0.026469922 -0.09710611 0.04383941 0.03472086 0.09944725 0.04665839 0.15424077 0.26794758 0.006866004 0.02143378 -0.12537867 0.15954563 -0.10990132 0.040789757 0.0010680307 0.039404187 -0.09653563 -0.034069054 -0.10957805 0.09071978 -0.03281387 -0.11283874 -0.07118603 -0.10082288 -0.04230425 -0.060338218 0.010050421 -0.030977344 0.05984788 -0.109650634 -0.027276412 0.02664453 0.033264626 0.07592177 0.00092271186 -0.08650371 -0.0154585745 0.12928613 -0.14264414 0.064624675 -0.062759794 -0.004343138 0.014457233 0.07181002 -0.045001674 0.09606264 -0.030342793 0.11527449 -0.047135465 -0.15300621 -0.055113222 -0.012214429 0.009964003 0.038379055 0.07680595 0.014867486 -0.008442267 -0.00026515793 0.0064329524 -0.044220403 -0.055859797 -0.041007906 -0.014226417 -0.009454469 0.026153546 0.010086709 -0.072733745 -0.016337618 -0.05694814 -0.027138632 -0.110869 0.19148313 0.07338362 0.06478526 0.046140928 -0.0044037495 0.0035538883 0.009474158 0.084292434 -0.04628989 -0.0028932604 0.061578304 -0.083290935 -0.062267743 0.038860187 -0.030165 0.06691692 0.1199029 0.044455282 0.07725078 0.09956083 -0.058428954 0.02338614 -0.09028304 0.06644843 -0.04410543 0.0065835346 -0.07097809 0.06895214 0.18284239 0.2181032 0.01796711 0.1770315 0.06475267 -0.13445412 -0.09148932 0.05200686 0.075926885 0.13386646 0.0069012605 0.0025939438 -0.016205972
1992 -0.05862201 0.049592145 -0.00994782 0.042418245 0.019476106 -0.044988655 -0.01069111 0.06405831 -0.040518504 0.045493335 0.013618853 -0.021659285 -0.03489734 0.019265553 0.070404395 -0.05411013 -0.030775031 0.038939573 -0.014918261 -0.029852675 -0.0035919438 -0.046107717 -0.021047488 0.0139690265 -0.039798107 0.0033306952 -0.004400698 0.017106418 -0.07243551 -0.017055193 0.014872776 0.026075445 0.03514436 -0.012600376 -0.020635398 0.0029427146 -0.015728503 0.0072174403 -0.065325566 -0.07046082 -0.05518927 -0.00014847219 0.028332725 0.024771512 0.026066376 0.0055086687 0.04050196 -0.0053714043 -0.0050632 0.010422537 -0.0023491275 -0.019467201 0.011658313 -0.03697121 -0.006482345 -0.042138074 0.043490782 -0.046202723 -0.039074 0.0050921664 0.033519316 0.042280108 -0.02831994 -0.039647814 -0.042823333 0.042153217 -0.055815104 0.10203047 -0.046089683 0.005639579 0.012052473 -0.017532086 0.06397622 -0.025511498 -0.0018061779 0.034543596 0.028106749 -0.084878065 -0.066908844 -0.0056378446 -0.02692826 -0.0786588 0.044728056 -0.009368542 -0.005016604 -0.010652649 -0.009550108 0.07839782 0.019703628 -0.04570499 0.0246421 0.019452235 0.04722484 0.019306624 0.080424465 0.13442928 -0.0025887198 0.014996738 -0.064757444 0.08475497 -0.05533605 0.018113839 -0.0016062952 0.015786957 -0.054538704 -0.018809663 -0.052656773 0.04783588 -0.012373673 -0.06337795 -0.03557021 -0.049822707 -0.01581098 -0.027855953 0.00017880912 -0.018927408 0.02851498 -0.055757623 -0.016463976 0.010672006 0.015467019 0.037886236 -0.0049097044 -0.04990775 -0.008971911 0.06696584 -0.07249397 0.035421204 -0.031322766 0.0011997131 0.010972088 0.037718162 -0.01763411 0.0484921 -0.01153165 0.052552205 -0.020112898 -0.076175876 -0.030840104 -0.008304357 0.00071274425 0.016416842 0.04208894 0.011390029 -0.0021631445 0.0017861244 0.0035295058 -0.017800173 -0.032161497 -0.019859418 -0.0057763597 -0.005267242 0.008144489 0.006002797 -0.04002754 -0.013482634 -0.026997903 -0.008980313 -0.05863058 0.09407541 0.036716804 0.032727137 0.027055647 -0.0024372751 -0.0007218363 0.0017639498 0.04776732 -0.025951486 0.0036591406 0.02693111 -0.04677589 -0.029844904 0.018042376 -0.019412389 0.036976427 0.05766802 0.020657463 0.038008478 0.055011608 -0.031119417 0.014280804 -0.048155356 0.02984632 -0.015930127 0.0038603055 -0.039999433 0.029436614 0.09165221 0.109780766 0.016242677 0.091270186 0.036807824 -0.064364806 -0.05145568 0.021697063 0.040597018 0.07152792 0.0071518193 -0.0004780106 -0.010352591
http://bbs.fudan.edu.cn[FROM: -0.06982179 0.05918992 -0.017337488 0.053183205 0.026749011 -0.06353806 -0.005786281 0.08364449 -0.045888167 0.060385987 0.013837149 -0.028099032 -0.04423103 0.024595562 0.089154765 -0.07311442 -0.035814 0.052188143 -0.022944612 -0.037997484 -0.0020369338 -0.06657759 -0.025662355 0.027729196 -0.06190454 0.003995747 -0.0093262 0.0194195 -0.08519411 -0.025938958 0.02339421 0.039778855 0.048606418 -0.004762995 -0.02296879 -0.005804586 -0.021285014 0.01756312 -0.08596732 -0.087744206 -0.07628923 0.0001437176 0.031403653 0.031751566 0.031740032 0.0063806153 0.056811552 -0.008781612 -0.014424134 0.009768443 -0.012183652 -0.032492053 0.0049780523 -0.05481743 -0.009131503 -0.055811364 0.063225344 -0.05980517 -0.049660977 0.0026131885 0.05007709 0.063058354 -0.04069818 -0.045960374 -0.056157928 0.047765106 -0.07804826 0.12472696 -0.064687364 0.0019577462 0.0051666196 -0.022794163 0.0881004 -0.031073907 0.0007296339 0.03961589 0.039069217 -0.106155574 -0.08416682 -0.011509754 -0.028077587 -0.10967608 0.04883325 -0.01285159 -0.009383862 -0.023749808 -0.016056107 0.09403154 0.023358477 -0.060386963 0.03513303 0.020560712 0.06962956 0.031061092 0.0998765 0.17615567 -0.0021384358 0.016396824 -0.07502128 0.113172606 -0.07027176 0.028485205 0.0051900977 0.021699611 -0.061245043 -0.024057811 -0.07666794 0.058595203 -0.025584934 -0.082066625 -0.050720498 -0.066365555 -0.02652493 -0.03236802 0.007851974 -0.02201484 0.038776837 -0.066756055 -0.017859835 0.01254581 0.020899422 0.049977798 -0.006773948 -0.059052557 -0.014087332 0.08789306 -0.096170925 0.041300572 -0.034157213 -0.0012407361 0.0038372525 0.050119765 -0.031695113 0.062874615 -0.014044601 0.06793759 -0.027651278 -0.09732417 -0.035425223 -0.0084590055 0.0062641553 0.021715628 0.053209264 0.014926961 -1.733662e-05 -0.008778328 0.00275517 -0.028789004 -0.040588032 -0.023541508 -0.0022461663 0.0011468732 0.016197538 0.009279239 -0.04768009 -0.012919388 -0.031984825 -0.019639336 -0.07682607 0.12088861 0.048977245 0.045076136 0.026871676 -0.007453771 0.0034579905 0.0029326156 0.06116078 -0.03597086 -0.004240408 0.034779083 -0.058238667 -0.041331418 0.025102323 -0.022838129 0.037425656 0.076923765 0.03000553 0.051441427 0.06867514 -0.03052656 0.010559924 -0.05534643 0.043461516 -0.027579421 0.0034185904 -0.044850834 0.04478387 0.11795659 0.14541909 0.013593902 0.110573426 0.040925317 -0.08716888 -0.06441475 0.032516092 0.05305989 0.089081414 0.0014198401 0.0008710989 -0.013403533
À´Ô´:£®ÈÕÔÂ¹â»ª -0.07172634 0.055508 -0.017577853 0.05355961 0.029233748 -0.060836382 -0.011095336 0.08485744 -0.048597205 0.052843913 0.015562217 -0.027838891 -0.04266086 0.020715903 0.09573203 -0.07768019 -0.03224813 0.050744433 -0.023475863 -0.036101323 -0.004945669 -0.061367765 -0.021865701 0.028980639 -0.06286177 0.009812374 -0.008722625 0.027471745 -0.09495911 -0.023560602 0.023286238 0.041468017 0.051786702 -0.0051856874 -0.026754247 0.0033182818 -0.025153713 0.01397457 -0.0841199 -0.0906133 -0.078021295 0.0048076124 0.04010406 0.032887753 0.039668635 0.008747006 0.061480053 -0.00087942136 -0.013042672 0.017288003 -0.009537671 -0.029890016 0.005322892 -0.05254318 -0.015080714 -0.054852854 0.059335437 -0.0598149 -0.05523426 -0.0037297863 0.045774624 0.05694056 -0.037863538 -0.05036159 -0.060012855 0.044972036 -0.07437637 0.12771794 -0.06097326 0.0018584894 0.01208523 -0.026632018 0.08372044 -0.028792672 -5.570565e-05 0.0396431 0.036749274 -0.10405368 -0.088813566 -0.008264252 -0.029457994 -0.10881206 0.05682862 -0.008774505 -0.009411127 -0.02086334 -0.016637301 0.10088186 0.021183454 -0.069814764 0.026170157 0.025459252 0.06487867 0.030549152 0.10101633 0.17187752 -0.00075570424 0.016030226 -0.0790552 0.10666266 -0.06883555 0.025237152 -0.00086928275 0.025400853 -0.064860925 -0.018735379 -0.07697334 0.058016 -0.025906926 -0.07576241 -0.04505513 -0.06874555 -0.02568526 -0.032886986 0.0063723675 -0.018897826 0.042190734 -0.06776161 -0.024803972 0.012577912 0.020372894 0.048424043 -0.0022659667 -0.055128433 -0.009198629 0.090520166 -0.09865621 0.041314118 -0.042073425 0.00427886 0.0056877374 0.04766916 -0.025956186 0.068183064 -0.017866362 0.07711628 -0.03485818 -0.09943419 -0.030157909 -0.008190254 0.0017325452 0.025002284 0.050581217 0.008825076 -0.0036401653 -0.0018749367 0.00090505363 -0.0317703 -0.041341793 -0.027281886 -0.012087965 -0.0022548055 0.012565255 0.003321251 -0.046355713 -0.013211065 -0.039690327 -0.012437713 -0.07184699 0.1260806 0.047874372 0.043027796 0.026091987 -0.0060679964 0.009461989 0.001214572 0.05574064 -0.033925835 -0.0022140353 0.037526958 -0.054296266 -0.044517558 0.024242764 -0.018406196 0.042240534 0.076323345 0.027059058 0.043646537 0.06556277 -0.0394958 0.011681925 -0.058848914 0.04735428 -0.027088841 8.7338325e-05 -0.050311483 0.047542285 0.11636444 0.14354385 0.015510689 0.11866725 0.040955454 -0.08875565 -0.061075766 0.029988458 0.051790226 0.087951586 0.011625857 -0.0049239993 -0.011538473
impact -0.05596211 0.04571511 -0.0042724777 0.042716194 0.020549094 -0.044300918 -0.0040578605 0.059023164 -0.040210668 0.04426814 0.013908147 -0.02622515 -0.03507049 0.020094771 0.06949782 -0.06041755 -0.024727596 0.041681528 -0.014795335 -0.031271566 -0.0013305814 -0.04667314 -0.016687892 0.018828966 -0.040548727 0.0023529807 -0.0059886607 0.016911957 -0.06811766 -0.023831856 0.01263845 0.027603194 0.036190763 -0.007353457 -0.016602134 0.0010454995 -0.017092826 0.011654484 -0.0716061 -0.06972917 -0.052440636 0.003184761 0.03325612 0.03015256 0.031434648 -0.0014246737 0.040067077 -0.004184347 -0.011730684 0.010758735 -0.0011414896 -0.02048668 0.008150638 -0.043178685 -0.013334159 -0.048526794 0.048547808 -0.050005883 -0.040293474 -0.00022377091 0.036286175 0.04810213 -0.028408831 -0.038130965 -0.048756476 0.037948344 -0.0556915 0.094947785 -0.050698783 0.009555855 0.012695063 -0.018204397 0.06391291 -0.01911468 0.0056201387 0.035256125 0.02709354 -0.083034955 -0.07026854 -0.006704979 -0.028264415 -0.08619439 0.042753424 -0.0030747587 -0.008993688 -0.0089413095 -0.009643587 0.07549685 0.016443146 -0.054325324 0.023034016 0.017164413 0.05538618 0.019447869 0.07762466 0.13584596 0.0045763995 0.005131619 -0.059044287 0.08856411 -0.05882559 0.017548043 0.0016776138 0.022729723 -0.054049402 -0.01445494 -0.051276408 0.04584362 -0.01895684 -0.059622176 -0.037943892 -0.052414067 -0.017268324 -0.03240421 0.0048681777 -0.019248832 0.030432058 -0.0545217 -0.016338231 0.014196838 0.021713655 0.04244404 -0.005467587 -0.05014419 -0.009950827 0.071256444 -0.07831795 0.02994064 -0.03357623 0.00078045577 0.012160986 0.03909696 -0.023767183 0.051865075 -0.009643991 0.05551915 -0.024128376 -0.073924825 -0.0252767 -0.0061700884 -7.187482e-05 0.01450716 0.03982635 0.013967039 -0.0004100367 -0.0040674885 0.0047152312 -0.017129824 -0.033660796 -0.022218008 -0.008109564 -0.0032757183 0.016364746 0.0048617525 -0.035340667 -0.005142775 -0.029095208 -0.016496299 -0.059587438 0.09743804 0.03999813 0.03517611 0.019446472 -0.009014265 0.005462219 0.00025077045 0.045532625 -0.026903024 -0.003608267 0.03145247 -0.04783392 -0.03536584 0.019712014 -0.017498462 0.029754234 0.061468348 0.018478362 0.035562165 0.05430073 -0.031375386 0.010799256 -0.04856353 0.030805156 -0.017927082 -0.0029295483 -0.032996256 0.037212458 0.096457504 0.109417506 0.014288814 0.085865594 0.030643074 -0.07203188 -0.051800862 0.025589976 0.032508258 0.06438191 0.008728425 -0.0022980883 -0.009492995
Nov -0.09207809 0.073066905 -0.009908637 0.074412584 0.04479804 -0.081602186 -0.015118626 0.10252552 -0.06279283 0.07052177 0.021138538 -0.028979188 -0.05422067 0.027556675 0.10803797 -0.089788966 -0.04205607 0.0638398 -0.03696016 -0.048393518 0.00017812807 -0.078845866 -0.02709658 0.033992432 -0.0648693 0.012470677 -0.0113013415 0.030997323 -0.11386074 -0.030313898 0.028592011 0.040776946 0.060509525 -0.013720383 -0.023234293 0.0006918547 -0.033388924 0.01959727 -0.10886102 -0.11153753 -0.09404011 0.00032511336 0.04514908 0.04596281 0.04518655 -0.001700715 0.068405576 0.0034050932 -0.011397393 0.020383662 -0.006924608 -0.03713288 0.006588472 -0.058792822 -0.02217182 -0.070566826 0.07631228 -0.07967753 -0.06829095 -0.0026720986 0.056362633 0.07475288 -0.04254144 -0.054671813 -0.0681943 0.064086996 -0.097683065 0.16241835 -0.07627334 0.008257421 0.013209786 -0.019677188 0.10693661 -0.0327786 0.0030766807 0.04582146 0.036251176 -0.12767714 -0.110377215 -0.01723216 -0.039486118 -0.12892912 0.06586351 -0.00930461 -0.014434919 -0.020315038 -0.020820195 0.11286522 0.016841298 -0.08487643 0.045915075 0.0312404 0.08447122 0.03604786 0.12673122 0.21269086 0.000563766 0.015950095 -0.0962521 0.12534578 -0.07997601 0.031674244 0.011068634 0.034603976 -0.08512079 -0.024282508 -0.08093518 0.070609026 -0.023869667 -0.087710425 -0.055960298 -0.07248253 -0.030946711 -0.046123974 0.008233051 -0.031129807 0.05032658 -0.084764846 -0.019069735 0.021022297 0.033829153 0.0714224 -0.0038824931 -0.06761972 -0.004630157 0.10234159 -0.11102705 0.044767227 -0.043365907 0.007967161 0.00969372 0.05674048 -0.038656026 0.07503211 -0.028768372 0.088811144 -0.03326162 -0.11456277 -0.039668538 -0.00990074 0.0096173035 0.024065496 0.06405583 0.020858228 -0.003956705 -0.012239422 0.0035002192 -0.032277867 -0.042700678 -0.029475883 -0.005432159 -0.004134681 0.025617417 0.0031008525 -0.04958229 -0.018479122 -0.04887328 -0.0126927765 -0.08810009 0.1518131 0.062681586 0.049734708 0.036278054 -0.008757411 0.009983841 0.0004983427 0.076050796 -0.035980534 -0.0077493065 0.041389808 -0.07569867 -0.055512596 0.03583992 -0.028870491 0.050799597 0.093343444 0.03600487 0.0573254 0.075327635 -0.0415568 0.018884482 -0.06055884 0.053350437 -0.033247977 0.0056486204 -0.05901866 0.047361765 0.13826686 0.18151502 0.020070948 0.14040348 0.055830207 -0.099020034 -0.07267576 0.0410321 0.06342358 0.11087081 0.0028521956 0.0039826785 -0.022137405
²¡ -0.1497011 0.118526235 -0.02643136 0.11077685 0.05970294 -0.12568912 -0.017644512 0.16374168 -0.09283056 0.11587827 0.036103375 -0.053902596 -0.08486784 0.039908636 0.18099977 -0.14325202 -0.07368482 0.108863644 -0.05202598 -0.080147974 0.0016525022 -0.12352748 -0.043263264 0.046947174 -0.11014402 0.015421644 -0.022094892 0.05132353 -0.17272864 -0.057120863 0.0434646 0.07444411 0.09981767 -0.024919698 -0.038127683 -0.00809713 -0.051012628 0.0328156 -0.16894671 -0.1752356 -0.14246987 0.00029497448 0.07120202 0.06976725 0.06802795 0.012877433 0.1147374 -0.0052618203 -0.019878246 0.02509746 -0.014502781 -0.061829913 0.012062778 -0.092684746 -0.022906693 -0.11152659 0.11701174 -0.11480126 -0.106987014 0.004005546 0.09523116 0.112853795 -0.068304025 -0.09798888 -0.10603826 0.091692746 -0.14886601 0.24835905 -0.11686855 0.014643917 0.025066115 -0.044582207 0.16004254 -0.058222488 0.011224216 0.085708715 0.07226845 -0.20958732 -0.16709903 -0.015986415 -0.06070423 -0.21506844 0.10726639 -0.010199047 -0.026058251 -0.042993065 -0.033087432 0.1896744 0.04349806 -0.1311831 0.054990448 0.040875442 0.1314093 0.050595738 0.19280891 0.34105793 0.006245917 0.0313841 -0.15914196 0.2077323 -0.14234954 0.053820673 0.0029978845 0.05193993 -0.1234081 -0.04145784 -0.14257322 0.11829105 -0.03959199 -0.15063976 -0.09292595 -0.12751989 -0.044287626 -0.06584735 0.008135553 -0.037257183 0.080626 -0.13071376 -0.03816511 0.030321373 0.042771738 0.1020727 -0.006280495 -0.11798491 -0.021503106 0.1752107 -0.18994865 0.0845186 -0.07126884 0.004881743 0.018727178 0.09048162 -0.05348321 0.12801103 -0.03120283 0.14734092 -0.06294508 -0.19424933 -0.0664887 -0.010075605 0.010975878 0.04468191 0.09362727 0.023303144 -0.005733023 -0.008558974 0.011107173 -0.05484154 -0.08105054 -0.05392391 -0.014731997 -0.009180523 0.029316224 0.010030789 -0.08859942 -0.025887052 -0.074971795 -0.027916608 -0.14463264 0.23568073 0.08694894 0.08149164 0.05529642 -0.011180294 0.008819465 0.014379069 0.10947475 -0.0697578 0.0019037279 0.0748184 -0.108408555 -0.08466799 0.057293713 -0.040658824 0.08694665 0.15296592 0.058000248 0.09077511 0.13317902 -0.07271548 0.0253322 -0.10780811 0.08483645 -0.05100277 0.0054419576 -0.087127395 0.084839195 0.23717888 0.28930804 0.029497413 0.2246275 0.08660273 -0.16686855 -0.11970762 0.063314445 0.08747671 0.17494151 0.013181882 0.002436361 -0.021744475
¡¡¡¡(ÖÐ¹ú¹ú·À¿Æ¼¼ÐÅÏ¢ÖÐÐÄ) 0.0015208834 0.0022096818 -0.0024811416 -0.0022701453 0.0008252245 0.0046624243 -0.0030242521 -0.0023308909 0.002658862 0.0012463713 -0.002704677 -0.0030746544 0.0018102777 0.0044727875 0.0036745362 -0.0018902761 -0.00019436776 -0.0021208238 0.0030927658 -0.0013549429 -0.0027665675 0.00053018273 0.003947297 0.003604197 -0.0029580777 0.004622906 0.0034718693 0.0020592147 0.003520493 0.00085546257 0.004139078 0.0004667455 -0.0025466038 -0.00017321229 0.0006021392 0.0038606804 0.0017375237 -0.0036085332 -0.0025130427 -0.00041740297 0.002565115 0.0043816096 0.0025315809 -0.0029960282 -0.00066491606 0.0035726952 0.00099814 4.141152e-05 0.0013434887 0.00028036593 0.0012952382 -0.0015403944 0.0025331348 -0.0046967566 -0.0044334424 -0.0037771577 -0.00057856855 -0.0013606048 -0.002190787 -0.0036450773 -0.0025225263 0.00056178984 -0.002988928 0.004687981 -0.00035716535 0.0040072408 0.0027664388 -0.00043095768 -0.00438476 -0.0034430283 -0.0029009974 -0.00020195186 -0.0039629447 -0.0015538388 0.0008711833 0.0007222736 -0.0031573467 -0.0026755505 0.00091055216 0.0020942218 -0.003642608 0.003114319 0.004203434 0.002390343 -0.0010029078 0.0049981517 -0.002258305 0.004867036 0.004039575 0.00035235882 -0.0035923976 0.0014401478 -0.00478621 0.0013551038 0.0011631208 -0.0038870352 -0.0005923015 -0.00014467478 -0.00096425414 0.00027438998 -0.0048278924 0.0016568023 -0.0034374886 0.0030634832 -0.0013623375 0.0033558302 -0.0047140582 -0.0039930637 0.0011603826 -0.0048657437 -0.002160237 0.0040617455 -0.0021697998 0.0038540375 -0.0025485624 0.0034980702 0.0036415774 0.0008413756 0.002866774 0.004194375 -0.0043773414 -0.00077663956 0.0043593156 -0.0031298005 0.0037716096 -0.00095789076 -0.00097055675 -0.002411518 -0.0007314616 -0.0046315663 -0.0042141136 -8.350194e-05 -0.0034813576 -0.001958471 -0.0017430872 -0.0041492693 0.0026918768 -0.000105701685 -0.0015028435 0.0018094016 0.0045942273 0.0011920178 -0.0033013595 -0.003735407 -0.0043186266 -0.0039098724 0.0016639531 -0.0045839776 -0.002996635 -0.0023741974 0.00069761695 0.0016006321 -0.0037652564 -0.0033442355 -0.0044439547 0.0023582953 0.0037421577 0.000699265 -0.004263544 -0.004920824 0.0012217021 0.0028743667 -0.002953064 -0.0037211364 -0.0002592957 -0.004140703 -0.0037225538 -0.002342934 0.00020726323 0.00083298865 -0.0012475634 0.0013877773 -0.0022115463 0.0047410475 0.0033787591 -0.0010976678 0.0019960785 -0.0009195328 -0.0018796134 -0.000390833 0.00309069 0.0011827004 0.003012355 0.0012148732 -0.002199741 0.00050215604 -0.0048488975 -0.004601772 -0.0003005123 0.0018676668 -0.0012561339 0.0037739975 0.0022091693 -0.00032295703 0.0037136644 -0.002099527 0.0018304664 -0.002755971 0.00017405867 0.0032107788
²ú -0.10433279 0.0877283 -0.015606043 0.08074809 0.044252936 -0.09288857 -0.0114241075 0.11384524 -0.07080259 0.08178802 0.021919725 -0.042393103 -0.05502464 0.032803893 0.13821532 -0.10450957 -0.055913035 0.075162254 -0.03732862 -0.055940405 0.0017102194 -0.08834743 -0.031670727 0.02981905 -0.079664424 0.015733523 -0.013375267 0.031246165 -0.13413277 -0.04238895 0.03086558 0.0502613 0.06701692 -0.019265646 -0.034917947 -0.007906864 -0.040219612 0.02617593 -0.122782916 -0.12994951 -0.10911334 0.001369218 0.05485063 0.049195014 0.052132588 0.008710165 0.081615366 -0.00019964504 -0.017171476 0.016388979 -0.016333967 -0.043652315 0.008929695 -0.07501073 -0.021291975 -0.075887576 0.08561946 -0.0888375 -0.07612548 0.0026246614 0.074050225 0.08399558 -0.050783105 -0.06910367 -0.080317035 0.074648514 -0.116147585 0.18307173 -0.0884378 0.009383019 0.016303282 -0.026265733 0.117545135 -0.045261044 0.0026880659 0.06139606 0.050197747 -0.15708712 -0.12173067 -0.0066561825 -0.047681272 -0.15369657 0.081514806 -0.0142224105 -0.012170512 -0.02456691 -0.026817901 0.13523872 0.02780342 -0.09087897 0.042722005 0.029519398 0.089857146 0.035735454 0.14416711 0.24583918 0.00632671 0.017749868 -0.1145636 0.15583284 -0.1008122 0.03355428 0.005885586 0.040744018 -0.08963158 -0.032572553 -0.10505352 0.08996958 -0.033529766 -0.112213306 -0.067282386 -0.092705026 -0.03376646 -0.054154187 0.005076119 -0.030009076 0.059619557 -0.10177386 -0.031602312 0.021205312 0.035774935 0.067271054 -0.005514314 -0.08152822 -0.021136584 0.1257345 -0.1390481 0.05866929 -0.05677676 0.0028301668 0.0120355515 0.07048241 -0.039247565 0.091508366 -0.027309274 0.10885316 -0.04667185 -0.14339036 -0.050096244 -0.004853272 0.011512372 0.03771403 0.06963552 0.016664086 -0.0056617167 -0.0059148567 0.009746955 -0.044658735 -0.055029772 -0.040907644 -0.0152301425 -0.00067828957 0.027161172 0.0057821097 -0.06470344 -0.012746579 -0.05834825 -0.020457042 -0.10100078 0.17560375 0.0594005 0.06493123 0.04189254 -0.008085857 0.004583586 0.014230178 0.08220009 -0.051792312 0.00063015067 0.050983414 -0.08340184 -0.059668757 0.041093085 -0.025830762 0.061788157 0.109827474 0.046195753 0.06438012 0.09697464 -0.049055062 0.022978973 -0.0841924 0.065850876 -0.04299023 0.007055709 -0.06448474 0.05906776 0.17677708 0.20590274 0.020323522 0.16587201 0.059133332 -0.12130761 -0.08804931 0.047161378 0.064520985 0.12620147 0.012064744 -0.003455916 -0.019287119
Òò -0.12790515 0.10692723 -0.022121353 0.09993348 0.054190174 -0.10337781 -0.020885762 0.13892299 -0.09072195 0.105420254 0.027997375 -0.045805592 -0.07023735 0.033624567 0.16708715 -0.12395051 -0.06910978 0.09255077 -0.042595718 -0.06574143 -0.0035870231 -0.110727094 -0.043147396 0.042272694 -0.099566646 0.015811244 -0.021721752 0.047650024 -0.15247613 -0.052192383 0.032067247 0.062032618 0.08466565 -0.017577432 -0.035155922 -0.0066978615 -0.049699653 0.03348253 -0.14567636 -0.1522 -0.12529673 0.005965706 0.05686761 0.06515939 0.05765899 0.0055152248 0.103150934 -0.006120568 -0.016487531 0.028340012 -0.014852106 -0.05904579 0.013069256 -0.08423674 -0.022976896 -0.09242896 0.099523224 -0.10408212 -0.08990562 -0.002344359 0.0846961 0.10374777 -0.061728436 -0.08413988 -0.101715684 0.08461697 -0.1382152 0.21631157 -0.10842503 0.009767401 0.021718886 -0.03726316 0.14431259 -0.054791715 0.008103023 0.07520021 0.06343703 -0.18911994 -0.15153514 -0.00899355 -0.053537823 -0.18433285 0.090807326 -0.013876365 -0.0153134195 -0.033682045 -0.025901139 0.16525519 0.034037713 -0.1160666 0.05411179 0.038588278 0.113570355 0.04600635 0.17425358 0.2940803 0.008148462 0.018589096 -0.13486348 0.18324621 -0.11883811 0.047400806 0.0031816883 0.04724914 -0.10858189 -0.036479436 -0.12909785 0.103690006 -0.040412847 -0.13533223 -0.0757313 -0.111888856 -0.041694816 -0.062020626 0.012031193 -0.037658557 0.07378211 -0.1170503 -0.030206664 0.03498603 0.040969394 0.08290464 -0.0038038634 -0.103178486 -0.023595668 0.15797248 -0.16326126 0.06925021 -0.06608289 0.0046876697 0.016549343 0.07783537 -0.05104514 0.111447036 -0.030228183 0.13093103 -0.059336796 -0.17109752 -0.06044112 -0.002387192 0.016019 0.043595467 0.08605755 0.016564423 -0.0030958215 -0.008147801 0.0021183772 -0.045166027 -0.06481243 -0.040593877 -0.016809594 -0.0019058606 0.030589513 0.012664577 -0.07975731 -0.023767158 -0.06819516 -0.026574621 -0.13221394 0.2181916 0.07790827 0.07582107 0.05466132 -0.007250968 0.01064834 0.010191335 0.09877465 -0.055027448 0.004213106 0.0597621 -0.096406505 -0.076534845 0.048818726 -0.033804365 0.07807421 0.14058144 0.049606923 0.08567602 0.11881292 -0.06329574 0.026434468 -0.10268374 0.07500555 -0.042783085 0.0021475612 -0.08484016 0.078209184 0.20438881 0.24705727 0.021552606 0.20115452 0.07439932 -0.15369411 -0.10675721 0.05474452 0.07881663 0.15374827 0.011622203 -0.0019507066 -0.020263616
Ó¦ -0.12505808 0.09547111 -0.017300267 0.09784529 0.05223655 -0.10543581 -0.016855892 0.13057297 -0.084432445 0.09961678 0.027708441 -0.046803642 -0.063219965 0.031803116 0.15358795 -0.120752044 -0.06232414 0.08924009 -0.04095111 -0.06393532 0.0010269663 -0.098926745 -0.032901216 0.038974036 -0.08970971 0.016706167 -0.014816161 0.045652483 -0.14576535 -0.047014877 0.03909436 0.061024472 0.08679167 -0.022276426 -0.034987476 -0.001128909 -0.048601266 0.02885522 -0.14757648 -0.15069439 -0.12571649 0.00059024274 0.059773263 0.05357296 0.056979824 0.0037457368 0.090924874 -0.0010147626 -0.019191938 0.019836543 -0.012779773 -0.051352188 0.012907924 -0.08011659 -0.022963203 -0.097199254 0.0927313 -0.097636566 -0.0848319 0.0016815461 0.078475975 0.09948821 -0.05527395 -0.07779745 -0.0878396 0.085378096 -0.12503397 0.20701675 -0.10418648 0.013941525 0.01991119 -0.038621455 0.13305163 -0.047121916 -0.000101715515 0.07189766 0.05622271 -0.17192972 -0.13810487 -0.013831915 -0.05180959 -0.17989865 0.08830745 -0.010802262 -0.015793208 -0.035968866 -0.023310095 0.1583502 0.0368172 -0.10448171 0.04676829 0.03887807 0.11153911 0.049721517 0.16258474 0.28192726 0.0075462996 0.0188447 -0.12927905 0.1790127 -0.11508999 0.046555724 0.0028745073 0.046462085 -0.10530719 -0.034562334 -0.11693818 0.09802264 -0.03889991 -0.1294068 -0.07982712 -0.1096917 -0.03793346 -0.05575717 0.009352631 -0.038806185 0.067595206 -0.11568744 -0.029888395 0.026761685 0.036326997 0.082827 -0.0041576154 -0.09615269 -0.01636475 0.15077439 -0.1607338 0.074161395 -0.06282974 0.0013489407 0.019023702 0.075278394 -0.045680877 0.11048695 -0.031958506 0.11865824 -0.057203323 -0.15845788 -0.058599625 -0.010280471 0.00952239 0.04140899 0.08543421 0.01941159 0.00015312934 -0.008860979 0.008563738 -0.04504566 -0.0647201 -0.039202098 -0.014305616 -0.010322973 0.020626014 0.011650352 -0.07698057 -0.018574411 -0.057773598 -0.02597066 -0.122111574 0.19991621 0.07271241 0.07719634 0.046384815 -0.004942466 0.010199194 0.016142678 0.096818924 -0.053558204 0.002302054 0.066174775 -0.095136225 -0.06552861 0.043821547 -0.034719106 0.07565262 0.12657392 0.05223429 0.082510196 0.11439269 -0.057119727 0.02343198 -0.09915234 0.07606615 -0.041723434 -0.0016547999 -0.080545135 0.07201467 0.20162013 0.2450666 0.027200062 0.19012041 0.07102046 -0.14513896 -0.10678839 0.05893624 0.0761898 0.14291646 0.006952789 0.0014561492 -0.017968329
µÈ -0.07754634 0.06794702 -0.017133811 0.055829115 0.030337041 -0.06403381 -0.011135862 0.08565484 -0.058154088 0.06721369 0.017826121 -0.03297505 -0.04580174 0.018295044 0.101635896 -0.07943691 -0.03948522 0.06249625 -0.024972012 -0.03844064 -0.0019033484 -0.0682863 -0.023498924 0.026749205 -0.06348696 0.00987695 -0.007917157 0.0270443 -0.09933551 -0.03276068 0.019641183 0.038725905 0.0475949 -0.012151767 -0.026560279 -0.0034956334 -0.030967386 0.015399867 -0.085952036 -0.09582689 -0.07897558 0.00079105294 0.04010336 0.0416828 0.040701628 0.007887656 0.056912474 -0.0033475575 -0.007907263 0.016968073 -0.004026048 -0.029470433 0.006431994 -0.05266242 -0.012385448 -0.05729997 0.06104883 -0.063413955 -0.0538997 0.00083266414 0.050461266 0.060481794 -0.040158644 -0.055535052 -0.062544234 0.05176893 -0.08239903 0.13720964 -0.06403202 0.012629968 0.0135660535 -0.023428433 0.08950999 -0.03223152 0.0027778116 0.043658026 0.03771458 -0.10978509 -0.09013528 -0.011404324 -0.029535023 -0.11086633 0.06311974 -0.013628958 -0.015295955 -0.01966089 -0.01447168 0.09844812 0.020397646 -0.06587263 0.03273057 0.023603799 0.067828 0.025245247 0.108069114 0.18505993 0.0035438172 0.012171347 -0.08534813 0.112079576 -0.07123753 0.02902967 -0.00018486081 0.02309517 -0.06853481 -0.023863144 -0.07963205 0.06449775 -0.021176938 -0.08715371 -0.051821705 -0.0689837 -0.028571613 -0.039513186 0.008150321 -0.019055557 0.04337727 -0.067977235 -0.019850561 0.022431271 0.024485957 0.050995577 -0.008220767 -0.061852567 -0.009520282 0.09208756 -0.099077284 0.042284157 -0.038671758 0.0019412418 0.008300149 0.050419535 -0.027268667 0.07083062 -0.016566614 0.07377696 -0.03751219 -0.10443579 -0.030596819 0.00044581428 0.005460541 0.024130246 0.056789465 0.011284941 -0.0057259863 0.0013548075 0.0076791677 -0.028162265 -0.04279384 -0.031618115 -0.004393047 -0.007886533 0.015452857 0.0018499157 -0.04833113 -0.014205355 -0.038425203 -0.015511909 -0.07915972 0.12653208 0.047551624 0.05045332 0.026170596 -0.008183778 0.0058749313 0.0053178025 0.05890825 -0.03975693 -0.00064155896 0.04017792 -0.062062755 -0.045708377 0.030631965 -0.024362829 0.043339476 0.07895507 0.030263802 0.05449689 0.06912377 -0.039893214 0.013625088 -0.06479288 0.048688553 -0.0321507 0.0013200757 -0.053078372 0.045544546 0.123092555 0.15649348 0.012416137 0.11805245 0.041536342 -0.09180024 -0.06096532 0.033629023 0.047881827 0.09661019 0.0042904983 0.0009381707 -0.013579671
½Ï -0.10145394 0.0776457 -0.016803224 0.07355666 0.03518128 -0.085192375 -0.017346114 0.1107808 -0.06723613 0.07444569 0.025908347 -0.031684246 -0.055658776 0.029219039 0.11886827 -0.09634442 -0.052474767 0.07687778 -0.03445798 -0.049364943 -0.0041964124 -0.07764738 -0.0260874 0.02701415 -0.07712313 0.015473978 -0.016758487 0.03600767 -0.11932219 -0.03336892 0.024956604 0.04595892 0.062316038 -0.015268081 -0.03151535 0.0008638413 -0.03457376 0.01756907 -0.11537973 -0.11818583 -0.09376941 0.0016317872 0.045069538 0.046079773 0.046041634 0.009060121 0.07128764 -0.002651289 -0.01626736 0.02072841 -0.0067328834 -0.0420246 0.0070266845 -0.05912942 -0.014667275 -0.076213285 0.07910223 -0.074517004 -0.067319006 0.0035417415 0.06751436 0.081494704 -0.04423119 -0.05928626 -0.071859166 0.065001175 -0.10664044 0.16658263 -0.08096195 0.011537111 0.013518728 -0.025559243 0.106881626 -0.03495631 -0.000991341 0.05731171 0.047175676 -0.13501136 -0.109935455 -0.0077030347 -0.039182656 -0.14431687 0.06832138 -0.006537909 -0.017677592 -0.03165469 -0.020061133 0.12990674 0.028500363 -0.08763802 0.039158743 0.026302196 0.090068236 0.04114383 0.13502854 0.22071497 0.0046610176 0.021703556 -0.104088224 0.1366907 -0.09414573 0.037479024 0.0033866146 0.03640614 -0.08251909 -0.030060327 -0.09565152 0.08572542 -0.024623113 -0.099289976 -0.061872605 -0.07947777 -0.02888442 -0.046985008 0.010173321 -0.023387346 0.059867278 -0.09371053 -0.027335733 0.0217569 0.024070375 0.06513723 -0.0056180228 -0.07567801 -0.015593682 0.119098336 -0.12510523 0.06111602 -0.04574137 0.00201878 0.011407635 0.06452604 -0.037284143 0.08887007 -0.018993355 0.096135475 -0.0372451 -0.12464319 -0.04274563 -0.002524855 0.012667584 0.03854621 0.0669714 0.016045066 -0.001934827 -0.0051756958 0.009463619 -0.04015613 -0.050075565 -0.03202223 -0.005752945 -0.00057757203 0.019079128 0.0029781295 -0.064344406 -0.019458836 -0.0482124 -0.024105217 -0.09511823 0.16301712 0.056682557 0.06022188 0.036511984 -0.0034204556 0.007117315 0.013620081 0.06886822 -0.041221652 -0.0014482633 0.044607043 -0.0794931 -0.05209912 0.041060198 -0.024030818 0.051828526 0.1071653 0.042130962 0.061030425 0.087297514 -0.048860956 0.017791199 -0.07255354 0.057248954 -0.036655482 -0.0024041466 -0.059060663 0.054353986 0.15964371 0.18741795 0.022002062 0.14924258 0.058991864 -0.112415895 -0.077752106 0.045803558 0.05709568 0.10860097 0.0092938645 -0.0013355576 -0.019482274
Òµ -0.0947673 0.079522565 -0.011629846 0.07318235 0.035684075 -0.078924395 -0.016992016 0.10512737 -0.06809322 0.07119853 0.018926581 -0.031143304 -0.056833547 0.028158326 0.123193726 -0.09288199 -0.043937635 0.07159806 -0.033349857 -0.050844785 -0.0020899444 -0.07786607 -0.025777027 0.0330699 -0.07785684 0.011474946 -0.014114724 0.029044976 -0.11656557 -0.03385071 0.02891643 0.04715109 0.06631383 -0.015583123 -0.02900946 0.0004064382 -0.033448104 0.016485896 -0.11346562 -0.11585751 -0.10012765 -0.0008703954 0.049049992 0.046284534 0.043978497 0.0031352877 0.07178963 -0.0019323404 -0.010311863 0.020759605 -0.0070899096 -0.044529606 0.008093657 -0.06757476 -0.016439429 -0.07711778 0.07979253 -0.077855 -0.067778975 0.002548211 0.062727116 0.07477798 -0.049758837 -0.06540085 -0.069331005 0.068490654 -0.10059133 0.16199811 -0.07760757 0.013289357 0.010802391 -0.02464187 0.11202884 -0.038321953 0.0039896457 0.053372763 0.042633843 -0.13673963 -0.11353383 -0.0047403085 -0.03877021 -0.14235982 0.07358994 -0.0075870864 -0.01643918 -0.026355948 -0.019291786 0.121118434 0.030866131 -0.08034941 0.03600324 0.023422118 0.08962578 0.03903301 0.1303995 0.22005211 0.0058658076 0.016842958 -0.105907865 0.14038801 -0.096751094 0.036650907 0.0012377113 0.02838659 -0.08203173 -0.02435124 -0.08990358 0.085219204 -0.024808982 -0.098073035 -0.062364124 -0.08493995 -0.03578322 -0.04922138 0.0024638118 -0.022452248 0.059359796 -0.087781355 -0.023395918 0.019895427 0.025740672 0.062337007 -0.0073122038 -0.07600736 -0.017681208 0.114705935 -0.13075154 0.0503003 -0.049431905 0.0020085655 0.0145835895 0.060918607 -0.030858735 0.08613825 -0.025187282 0.0958021 -0.044524536 -0.122139 -0.045849074 -0.0061034565 0.011372758 0.036119044 0.068417735 0.020679366 -0.0007583261 -0.004980619 0.003023089 -0.038399875 -0.054273896 -0.029259378 -0.012752366 -0.0016394866 0.022883136 0.008720862 -0.06350751 -0.017506013 -0.045904484 -0.015497077 -0.09454434 0.15946881 0.059494138 0.057952352 0.03808197 -0.010637302 0.010075079 0.006195354 0.067732 -0.040224593 -0.0026835813 0.04578286 -0.07311561 -0.06008116 0.041880645 -0.028610714 0.05729696 0.10604071 0.041078698 0.056355763 0.08823044 -0.047166582 0.024518078 -0.07482352 0.055995196 -0.032708157 0.0057505346 -0.06548882 0.059056714 0.15726377 0.18737367 0.01693716 0.15186477 0.0558203 -0.11237939 -0.08185404 0.04668771 0.05824883 0.110996336 0.012931853 -0.0013424499 -0.0157996
±± -0.08493949 0.06762127 -0.014212649 0.06964871 0.03828489 -0.071239986 -0.0074903616 0.0987149 -0.062961094 0.0722037 0.020127801 -0.0309136 -0.051337678 0.02011829 0.11353296 -0.087216884 -0.040966425 0.06961131 -0.030982658 -0.04937976 0.002021292 -0.078555584 -0.027445728 0.028679654 -0.06384976 0.012626009 -0.012238994 0.024795137 -0.10548611 -0.03677755 0.030080697 0.042427674 0.054015346 -0.011822219 -0.02436633 -0.0011967169 -0.031638406 0.01792553 -0.100434504 -0.107984774 -0.08927071 0.005617005 0.038150653 0.039392892 0.04460778 0.006118405 0.06967447 0.002928285 -0.0084120035 0.018788192 -0.0067028976 -0.042216375 0.010887139 -0.05253544 -0.019748181 -0.06235719 0.06994873 -0.06468251 -0.06242229 -0.0007610798 0.058528017 0.070677474 -0.046821244 -0.060894474 -0.067619525 0.059067972 -0.089850634 0.14772585 -0.07420284 0.008553537 0.0104233045 -0.021324815 0.09769097 -0.03558161 0.00414004 0.05071511 0.04013732 -0.13048282 -0.09973986 -0.012005236 -0.036220904 -0.13409717 0.066403165 -0.008702052 -0.009711502 -0.026768032 -0.022768227 0.11885467 0.021416374 -0.076787375 0.031195777 0.022727132 0.07839763 0.028009389 0.11518492 0.20484073 0.0069853505 0.014587835 -0.09106715 0.126165 -0.08128146 0.027965093 0.007158875 0.03465742 -0.07949536 -0.022796348 -0.09008572 0.071583666 -0.030775031 -0.08965766 -0.049999043 -0.07202169 -0.026661089 -0.041744687 0.0009552969 -0.026046243 0.045857538 -0.07706466 -0.029014764 0.016865347 0.030010922 0.052910257 -0.0021551512 -0.06875217 -0.017559316 0.10462833 -0.11027226 0.04708249 -0.042617127 0.0044107246 0.009174294 0.05598025 -0.03568894 0.07478411 -0.02052135 0.08262447 -0.040583335 -0.11314181 -0.032710794 -5.7982874e-05 0.00996977 0.030761711 0.057113454 0.011802583 0.002847634 0.00025931816 0.0015847514 -0.03180741 -0.04901018 -0.025416337 -0.005750051 -0.0060468754 0.014435445 0.006760049 -0.050467968 -0.015433359 -0.044952024 -0.01780714 -0.08925652 0.14732346 0.053251255 0.05346792 0.039736085 -0.006465257 0.008907623 0.008516996 0.067192815 -0.040554278 0.0006245006 0.041051958 -0.06309924 -0.04571252 0.03165696 -0.027044438 0.051053546 0.09582219 0.03804646 0.053490203 0.08437593 -0.038766548 0.014238097 -0.06439615 0.05472063 -0.03567623 -0.0020996842 -0.057354063 0.056719642 0.13903944 0.16997746 0.01867141 0.13402028 0.047022823 -0.10380553 -0.07186706 0.03749307 0.054207448 0.10053275 0.0127470745 0.0028887899 -0.009271093
ÑÐ -0.13715568 0.10432835 -0.024291586 0.09817301 0.05785076 -0.11581916 -0.018632308 0.14944886 -0.0876076 0.109756835 0.027285121 -0.0515197 -0.079243466 0.038467944 0.17068624 -0.13140628 -0.064936414 0.09805306 -0.04719642 -0.06888078 -0.00096849515 -0.11765614 -0.045848317 0.041230656 -0.10704764 0.012943591 -0.017982688 0.041552197 -0.16324438 -0.055357262 0.039460428 0.066114224 0.09497462 -0.016857812 -0.041689824 -0.0048259837 -0.052163783 0.028902305 -0.15153033 -0.16748007 -0.13467531 0.0046737874 0.06855188 0.067191936 0.068257935 0.003619835 0.108347386 0.0019776796 -0.0155505 0.021355068 -0.017807525 -0.05578272 0.016262138 -0.086970806 -0.020598125 -0.098493345 0.10736977 -0.10824528 -0.09702315 0.0020957226 0.08428505 0.10907523 -0.060697496 -0.09265137 -0.09886898 0.086899 -0.14589591 0.23295778 -0.11598756 0.010866246 0.014239822 -0.035200045 0.1549606 -0.058230832 0.0059576235 0.076326 0.060449004 -0.1946757 -0.1544264 -0.0148853455 -0.05699225 -0.19511265 0.096757546 -0.019595211 -0.02213757 -0.03723613 -0.03490949 0.17726246 0.03733891 -0.11778913 0.05044838 0.04206524 0.121716425 0.045964845 0.17948261 0.31234202 0.0089181885 0.021994004 -0.14403199 0.19457102 -0.13197604 0.043945484 0.0065931315 0.04910656 -0.11292839 -0.0350271 -0.12839682 0.11851891 -0.040102646 -0.1398606 -0.088956065 -0.120825455 -0.04581834 -0.062199783 0.010698718 -0.041180722 0.07955538 -0.12646921 -0.041445207 0.031013938 0.04458095 0.08721288 -0.003096582 -0.109914504 -0.021125503 0.16375387 -0.18049705 0.07731564 -0.06686572 -0.00086559966 0.016332012 0.07990925 -0.053345975 0.11796651 -0.02842632 0.13293277 -0.053726114 -0.1745192 -0.056718573 -0.0124895545 0.008761957 0.045656055 0.0916918 0.020504426 -0.0023384744 -0.008932735 0.011261232 -0.05419868 -0.07009012 -0.049479753 -0.016241243 -0.011892204 0.030039262 0.008398898 -0.08651686 -0.019571759 -0.065156825 -0.03256336 -0.13483417 0.22728421 0.07698583 0.075366564 0.054016426 -0.009974955 0.013686263 0.018114658 0.102230184 -0.05869603 -0.005435014 0.065912664 -0.10708079 -0.07610215 0.055296592 -0.03887075 0.073432624 0.14327791 0.05349606 0.088351294 0.123529576 -0.062444918 0.03214738 -0.101309076 0.077023804 -0.05185142 0.0026804798 -0.08163439 0.07556016 0.21253406 0.25959525 0.023839606 0.20475876 0.073755786 -0.16278073 -0.11804338 0.056976 0.080960155 0.15790047 0.008748804 -0.00241434 -0.023011258
Í» -0.08226849 0.063521795 -0.01645592 0.06709729 0.036212433 -0.07213887 -0.009139573 0.09702364 -0.053840395 0.066061966 0.017108243 -0.03037331 -0.042729203 0.028623933 0.10640991 -0.08124438 -0.044174604 0.058679976 -0.027520975 -0.043487884 -0.0010900246 -0.07518683 -0.025728734 0.029036922 -0.06150084 0.013759483 -0.015135369 0.028973542 -0.10058407 -0.036183942 0.019329306 0.03944518 0.06011416 -0.012438231 -0.024622839 -0.00052776193 -0.035517246 0.024621839 -0.097120516 -0.10052223 -0.0869596 0.003530848 0.04468362 0.043208063 0.04009672 0.010494509 0.07025622 0.00023124473 -0.012066371 0.017850619 -0.0058704955 -0.033246037 0.0117416615 -0.05214721 -0.01682292 -0.06658612 0.06309861 -0.06575316 -0.058103725 0.0009749656 0.05677883 0.0696935 -0.046200216 -0.053491127 -0.05975254 0.054244053 -0.08660235 0.13737744 -0.06900443 0.008789823 0.015452152 -0.023679135 0.09245554 -0.031245448 -0.0013907684 0.045265615 0.035815768 -0.1223149 -0.09549907 -0.0051015564 -0.038538188 -0.12589687 0.064746216 -0.0112548275 -0.012803861 -0.02632519 -0.018020483 0.11470161 0.026581367 -0.07487625 0.03273778 0.023230439 0.07725459 0.028399361 0.11049382 0.1994146 0.0012150274 0.020930966 -0.09693137 0.123061284 -0.08267659 0.03103396 0.0077915657 0.029345205 -0.07754552 -0.021655023 -0.08229192 0.068245865 -0.024583492 -0.08799145 -0.0488211 -0.06960096 -0.030494686 -0.037160046 0.0013408144 -0.020601565 0.050990447 -0.0815378 -0.01995575 0.016929498 0.026418641 0.054004543 -0.00035424522 -0.064686015 -0.013214182 0.102553405 -0.107434876 0.05047078 -0.042541463 -0.0032218613 0.014625734 0.05137675 -0.027043156 0.07182776 -0.019513827 0.08525261 -0.032183755 -0.110033624 -0.040626574 -0.005376861 0.008553582 0.035314426 0.05813198 0.015674204 0.0004249178 -0.0065364414 0.0025096731 -0.030186934 -0.049132094 -0.029004676 -0.0048486446 0.0004273752 0.014187256 0.004604765 -0.05664962 -0.013219656 -0.040815573 -0.016446535 -0.08658693 0.13988633 0.045797497 0.046685956 0.028642599 -0.0074559385 0.008846257 0.0098430915 0.062078368 -0.040116977 -0.0018876238 0.041375328 -0.059808362 -0.04794327 0.029626716 -0.02401 0.053201534 0.0929294 0.029878907 0.048270408 0.0817422 -0.04172053 0.020365408 -0.06261914 0.055822723 -0.0277519 0.002618892 -0.054601792 0.047493253 0.13462055 0.16426814 0.018886652 0.13023153 0.044362627 -0.100479215 -0.07214236 0.038790632 0.058963433 0.09812641 0.006593789 0.00077493786 -0.017430898
µ« -0.13404797 0.110002786 -0.02030546 0.096644916 0.052648596 -0.10838591 -0.014418574 0.14685296 -0.09113108 0.10519595 0.02717685 -0.051331315 -0.06967955 0.0380287 0.17408079 -0.1355415 -0.067618154 0.10056871 -0.03922921 -0.074560374 -0.002529509 -0.11335301 -0.03904622 0.04650847 -0.10238608 0.0152831115 -0.018426718 0.04328468 -0.16822302 -0.05173143 0.04246312 0.063207045 0.0921282 -0.019835811 -0.041435 -0.001886923 -0.05083321 0.03084146 -0.16194774 -0.16193704 -0.12939212 0.0034629372 0.06002485 0.06678641 0.063051365 0.008688984 0.10864254 -0.0024893354 -0.012146109 0.025649901 -0.01490889 -0.061939217 0.02050392 -0.08850039 -0.019804638 -0.106169365 0.10224835 -0.10573514 -0.09675536 -0.0029352994 0.08731592 0.10716573 -0.062176492 -0.087629445 -0.10344042 0.08554733 -0.13775451 0.2260798 -0.11726638 0.018117059 0.017620383 -0.033739716 0.15524165 -0.048849564 0.00024581267 0.072104536 0.063661814 -0.19189633 -0.15160993 -0.010865387 -0.05103594 -0.19775686 0.10173097 -0.013445969 -0.024735017 -0.035910316 -0.02637943 0.1708094 0.036840994 -0.11373431 0.049500477 0.035906374 0.11917309 0.05364507 0.17814365 0.31316522 0.00060903525 0.022101993 -0.14105536 0.19092818 -0.12885633 0.05300311 0.0040734066 0.045498326 -0.12025264 -0.032827314 -0.13382152 0.11171931 -0.044613082 -0.13799404 -0.08658569 -0.1176715 -0.049527153 -0.067661524 0.0067538936 -0.040686965 0.07286565 -0.1280561 -0.0384332 0.030526359 0.04504577 0.09608124 -0.005839944 -0.10689295 -0.02542233 0.165441 -0.17866266 0.07533148 -0.06665792 0.0009867344 0.02196844 0.08396446 -0.052015804 0.11545932 -0.03335775 0.13431522 -0.05599234 -0.18175578 -0.060111303 -0.01168725 0.012152534 0.0432043 0.0920732 0.027531795 -0.00591871 -0.004392659 0.003860649 -0.05549462 -0.0666117 -0.050370835 -0.013109598 -0.005505261 0.030926729 0.003973884 -0.0798007 -0.026018377 -0.071658105 -0.026512902 -0.13390858 0.22690845 0.08076395 0.07903048 0.055194076 -0.011341817 0.0085465275 0.017301507 0.105722845 -0.06211975 -0.0005450425 0.063674755 -0.10030445 -0.07263242 0.052829906 -0.037886444 0.07374036 0.14193799 0.05593621 0.08946288 0.12429932 -0.063956454 0.024378015 -0.10144104 0.081566304 -0.044991635 0.0029425644 -0.081743084 0.08008078 0.21259558 0.26554108 0.027628465 0.20770773 0.07659802 -0.16044627 -0.115740895 0.062598005 0.08136107 0.15696213 0.013380707 0.0008812917 -0.020633947
Õ¹ -0.12530112 0.095518686 -0.024703614 0.09000313 0.050152518 -0.09946633 -0.013852108 0.1387162 -0.0825469 0.09389163 0.026159447 -0.046393782 -0.06496046 0.035763934 0.15518242 -0.12214301 -0.061896484 0.0858645 -0.044039495 -0.060507666 0.0025003336 -0.099153295 -0.034124706 0.03661282 -0.0983555 0.011589119 -0.014941727 0.038628973 -0.1504803 -0.048773803 0.029557638 0.06160868 0.08164744 -0.012890746 -0.032572877 -0.0011191822 -0.044009853 0.025071401 -0.14149722 -0.1525718 -0.11830657 -0.0020108954 0.055496104 0.05602022 0.06294645 0.0048470204 0.09336079 -0.0010338782 -0.012694467 0.018885158 -0.01821613 -0.0503731 0.016857134 -0.080629446 -0.018024342 -0.09677797 0.09961445 -0.09908351 -0.08654246 -0.0053543574 0.07968216 0.09599953 -0.06166032 -0.08062644 -0.09049432 0.08072483 -0.124846935 0.2048891 -0.099596664 0.016125737 0.015998816 -0.030007618 0.13666706 -0.04969062 0.009037681 0.067061655 0.054250646 -0.17373969 -0.1420323 -0.0126000205 -0.0525265 -0.17559434 0.09038982 -0.009735541 -0.013725993 -0.03690368 -0.024613423 0.1544099 0.034660533 -0.10868953 0.048253845 0.031817153 0.11211123 0.046735246 0.1688315 0.28079382 0.004040048 0.018668465 -0.13735072 0.1776321 -0.11805312 0.043847043 0.008108231 0.03980969 -0.10740969 -0.03404006 -0.114457384 0.10407325 -0.033640373 -0.12917212 -0.073289424 -0.106946215 -0.037460253 -0.054948267 0.00378325 -0.030886753 0.07327376 -0.10850847 -0.034055796 0.031721137 0.036956374 0.08517912 -0.0049655577 -0.099983685 -0.018957019 0.14997128 -0.1590728 0.06827063 -0.05957748 0.0042679193 0.0118773645 0.0799945 -0.048398945 0.10731052 -0.032688413 0.12197233 -0.05007164 -0.1604029 -0.0511822 -0.0045097377 0.014424366 0.043063167 0.08468575 0.021433188 0.0021568865 -0.004373 0.0061607296 -0.051386137 -0.06351756 -0.04061647 -0.010121358 -0.001981203 0.024663517 0.0029854265 -0.06949293 -0.021453267 -0.058127485 -0.026773056 -0.12545848 0.20710789 0.07366228 0.06898339 0.05251914 -0.0056502274 0.0110325515 0.013684188 0.09668011 -0.05891186 -0.0031667186 0.062543854 -0.09070768 -0.06707243 0.052111257 -0.034622665 0.07258915 0.13213412 0.052531615 0.07772332 0.11389804 -0.055263218 0.022073597 -0.097784996 0.07638134 -0.04156083 -0.00085495785 -0.073277436 0.071552664 0.19471058 0.24322207 0.027530773 0.18535168 0.06853966 -0.14303854 -0.09902091 0.05619043 0.07739641 0.14759058 0.010929594 -0.0005925356 -0.023622762
military -0.024277372 0.023025066 -0.0036236122 0.016376095 0.01024738 -0.029054131 -0.0073988107 0.03144481 -0.013240002 0.022631384 0.0025992666 -0.013028159 -0.018015288 0.007844897 0.03171689 -0.030821295 -0.015413669 0.022002935 -0.013623038 -0.020183308 0.0010859176 -0.028627308 -0.012448307 0.013496877 -0.027324857 -0.0009251704 -0.00850039 0.007608848 -0.032084826 -0.009170629 0.0039646383 0.01776409 0.01894359 -0.007563248 -0.00570885 0.0020215597 -0.014839381 0.010393706 -0.033813704 -0.032172278 -0.027614553 0.0003041644 0.0136329755 0.012755354 0.017301248 -0.0030979004 0.024887862 0.00053995044 -0.0026732492 0.0016073282 0.0032063194 -0.017641565 0.004937143 -0.019758686 -0.009728575 -0.025774233 0.020551313 -0.020279711 -0.0249053 -0.0003324713 0.017835813 0.024026275 -0.01042962 -0.019318612 -0.024305714 0.020026011 -0.03379652 0.047183163 -0.029025035 0.0028298548 0.00021541484 -0.011154559 0.03789458 -0.0075240256 -0.0038732737 0.017764153 0.010820704 -0.044549055 -0.03395898 -0.0032271591 -0.0077162087 -0.03803198 0.022045916 -0.0071008247 -0.005844962 -0.0051240404 -0.004916491 0.04390121 0.012425044 -0.024721978 0.0106548015 0.010213787 0.029749012 0.01113519 0.042603895 0.07148932 -5.6684163e-05 0.008745925 -0.03123368 0.044316333 -0.024464514 0.016525079 0.0010000156 0.0076472885 -0.030145321 -0.0060694525 -0.02960556 0.026968531 -0.008953119 -0.02714632 -0.02392264 -0.030015647 -0.013842255 -0.018488934 0.00300576 -0.009894535 0.019243123 -0.023742286 -0.012185299 0.00590807 0.011677567 0.026224235 0.0020831975 -0.023350662 -0.003917222 0.029977912 -0.041828368 0.013505093 -0.020414503 0.0025908877 0.0075883777 0.014349468 -0.013497184 0.026376862 -0.0064548184 0.033995766 -0.013361957 -0.041533872 -0.014120344 0.0014237424 0.003673062 0.0068167937 0.023626199 0.0077722957 -0.004793185 -5.3715015e-05 0.0013585732 -0.016911473 -0.018733663 -0.009521671 -0.0008700679 0.003013227 0.0076366337 0.004910462 -0.01712187 -0.005389085 -0.010459791 -0.0038206356 -0.02456112 0.045338195 0.01589743 0.013533101 0.011942895 -0.0039184564 0.0031114658 0.0019322877 0.02469966 -0.01755392 -0.00022439039 0.016881045 -0.024726342 -0.01956218 0.00971957 -0.004404465 0.017683815 0.034100838 0.011936231 0.02486208 0.028903993 -0.011494092 0.0034320732 -0.020147795 0.015362917 -0.009365743 0.0035576047 -0.017284121 0.015640685 0.050886787 0.056786083 0.004936099 0.043119967 0.01959406 -0.034958724 -0.026175095 0.01681412 0.02188958 0.037744027 0.006320379 -0.0029928053 -0.0070345365
¡±¡£ -0.0031761546 -0.0038915551 0.00068755745 0.0024289913 0.0030649006 0.0037077188 -0.0035329468 -0.0005066711 -0.0018667328 -0.0044294368 0.0045038606 0.00040352345 0.00064206956 -0.0025008637 0.00018892645 0.0049707503 -0.0027994788 -0.00095918955 -0.00030816733 0.0028821563 -0.0029664547 -0.0027538626 -0.0022221291 0.0009722954 -0.0008058351 -0.0025536246 0.0014431691 -0.0038153552 -0.0023866969 -0.0035427022 -0.0029239529 0.00032953144 -0.00026748359 0.0048453575 0.00040349722 0.0021370691 -0.0034264857 -0.0035191905 -0.0021490424 0.0011701221 0.0012089186 -0.0017224741 0.0027662916 -0.00312339 -0.0009532166 0.0009762764 -0.0010596036 -0.002490747 -0.002144527 0.0003226942 -0.003706885 0.0007078558 -0.0018393123 -0.0034216428 0.00238788 0.002681203 0.0016958094 -0.004613169 0.0022044946 0.00026619376 -0.0049204146 0.0046343 -0.0033576905 0.004526387 -0.0019058115 0.004834714 -0.0039680176 0.003280238 -0.0037428702 -0.004999742 -0.0024983317 -0.004755282 -0.0023164588 -0.004880743 -0.00072870014 -0.0038390916 0.0044925255 -0.0029254907 -0.0006864375 0.0035423022 -0.0041181757 -0.0009057057 -0.000568893 0.0046821064 0.0038555474 -0.004045932 0.0021070063 0.003700246 0.0016123801 -0.0027855844 -0.0029420764 0.0026468802 0.0013299364 0.0021838928 -0.004695583 0.00416511 -0.0029017038 0.0005171341 -0.0014164299 -0.0018689132 0.0034490186 -0.00029046892 0.0024883992 -0.0034502768 0.003679455 0.004314135 0.0034525907 -0.0032647592 -0.004322225 0.0023011696 -0.0037877082 0.0014037478 -0.002235077 -0.003206331 -0.0024784796 -0.0014119733 -0.0013438779 -0.0032511728 0.00088267983 0.004392939 -0.0025661527 0.003934581 0.00023485124 -0.00037692545 -0.0030235136 -0.0019384586 0.0040048836 0.00039789022 -0.0003075743 0.00048529744 0.004807251 -0.0034453785 0.0029938144 -5.6089164e-05 0.0044336123 0.0023562992 0.00030074597 0.0045486605 0.0022015728 0.0015904844 0.0039937417 0.00052971183 -0.0001815182 -0.003391146 0.0003633696 -0.0012895066 0.0042117494 -0.002358979 0.0028602863 -0.0036065758 0.0041640163 -0.0022659986 -0.00086309254 0.0004348147 -0.003029774 -0.0007962638 -0.00013658882 0.0015194023 0.0017139447 -0.0005288142 0.003009938 -0.00057979464 0.004481614 0.0027481352 -0.0038794696 0.004511999 0.0018737417 0.0021233726 0.003648653 -0.00072031317 0.00033928631 -0.0017769408 0.004567393 0.0011820316 -0.004222608 0.00426974 -0.004888965 -0.001563865 -0.0004878539 0.0031781315 0.0024565416 0.0003009802 0.0008039558 -0.004817927 0.0013280433 -0.001935522 0.004613472 5.4970384e-05 -0.0045112194 -0.00368428 0.0020498359 -0.0042720665 0.00094707607 0.002027142 -0.00042301655 -0.004945401 0.0034313244 0.004670494 0.004127371 -0.0026025153
5 -0.07830776 0.0547707 -0.008415268 0.06168648 0.033173054 -0.061317604 -0.01053443 0.08718295 -0.04911209 0.053039197 0.014614908 -0.025752155 -0.04506745 0.027660994 0.08928587 -0.07497702 -0.042599283 0.053400718 -0.028974863 -0.039982185 -0.0039407993 -0.06701536 -0.01920377 0.023042219 -0.0617345 0.007212288 -0.008936929 0.026334748 -0.09141659 -0.028476942 0.025755165 0.037207223 0.05429135 -0.0069931964 -0.021786546 -0.0026930596 -0.023186188 0.014766926 -0.09375385 -0.09271855 -0.073847815 -0.0006486271 0.038152635 0.03597961 0.03363426 0.00596794 0.051961843 0.00286961 -0.0075133247 0.012204096 -0.008297788 -0.028800517 0.010902063 -0.056412697 -0.016941307 -0.05621767 0.05678571 -0.060819533 -0.05607466 -0.0017637515 0.049895365 0.0657294 -0.033051647 -0.045702767 -0.055954743 0.053615063 -0.08356089 0.12822817 -0.06584353 0.0033491321 0.01100702 -0.018665126 0.08259433 -0.026453618 0.007443988 0.04120483 0.039319508 -0.11003412 -0.08572181 -0.004090031 -0.027961485 -0.108191624 0.056576468 -0.010042508 -0.012752463 -0.020293897 -0.01791324 0.09819536 0.019832017 -0.06347133 0.032661133 0.026119132 0.066712886 0.030702047 0.102314785 0.18156163 0.004909035 0.009693488 -0.07575106 0.10780561 -0.07091742 0.031191722 0.0038457215 0.03076986 -0.07027031 -0.017178083 -0.06787443 0.06389966 -0.019954903 -0.078622915 -0.052852366 -0.064838134 -0.022049926 -0.03402679 0.008441797 -0.021737857 0.046829328 -0.06744946 -0.020406581 0.017866805 0.019918775 0.054810435 -0.0064957053 -0.060944613 -0.011222471 0.09108338 -0.09389791 0.041672055 -0.036468763 0.0054486883 0.009322971 0.04879108 -0.02481617 0.06315352 -0.01631815 0.070510626 -0.028477935 -0.09914164 -0.03551135 -0.008635831 0.0039909785 0.022895537 0.047663726 0.009083744 -0.00033267215 -0.0059747742 0.0032412657 -0.026357729 -0.04195066 -0.026217554 -0.0056942077 -0.00069629145 0.014713803 0.0060403966 -0.041762613 -0.01431184 -0.03853567 -0.013232383 -0.077994175 0.12130694 0.051276803 0.046671312 0.03222756 -0.011401096 0.005181441 0.0075198524 0.058253475 -0.036739234 -0.00025658414 0.035508275 -0.05821833 -0.04399751 0.027328625 -0.019920291 0.041874472 0.07680298 0.02995718 0.04727389 0.0664951 -0.04043132 0.017226817 -0.054179534 0.04668379 -0.02821632 0.0056589674 -0.043699816 0.04625948 0.11923625 0.1518626 0.017015414 0.1206618 0.046950437 -0.08322925 -0.067883 0.038714983 0.04734094 0.091096014 0.004814341 0.0027358262 -0.016179286
¨ -0.09217676 0.07174044 -0.012713078 0.06350418 0.042283334 -0.06802914 -0.009021982 0.09543381 -0.062069777 0.06405512 0.012552426 -0.02793996 -0.044308547 0.028061053 0.10294351 -0.077186845 -0.03729015 0.06259665 -0.024546526 -0.049646642 0.0027174437 -0.074040554 -0.02516528 0.029790413 -0.060673635 0.0090276515 -0.008837486 0.033457495 -0.10309133 -0.033801917 0.01659484 0.04518075 0.057615295 -0.014364021 -0.025631566 -0.0067623346 -0.024994167 0.017893484 -0.103837706 -0.107347675 -0.08527156 -0.0010640514 0.047454607 0.033774916 0.03839495 0.0068479613 0.070015244 -0.011348475 -0.010651582 0.017546972 -0.010062281 -0.03230695 0.008208819 -0.055108637 -0.012031109 -0.069320545 0.07050887 -0.06251154 -0.0669512 0.0004181952 0.051689304 0.06962925 -0.044078887 -0.055808667 -0.06954649 0.054343373 -0.09550435 0.14492957 -0.07672274 0.014099587 0.016257059 -0.022310438 0.10040754 -0.03550723 0.003895123 0.043140654 0.041858386 -0.12685467 -0.099642746 -0.0069125635 -0.035124198 -0.12441864 0.0564829 -0.0037658971 -0.013595799 -0.023920486 -0.016352551 0.10449624 0.018810598 -0.06901308 0.036562447 0.029221492 0.071965486 0.037322693 0.1097195 0.19704522 0.003226017 0.0124151325 -0.09740813 0.13128406 -0.08472445 0.029980889 0.0023653402 0.020381605 -0.07670275 -0.017856216 -0.07884669 0.07039906 -0.023545714 -0.09369213 -0.056581203 -0.074123345 -0.021983627 -0.045447487 0.00301006 -0.027267935 0.053339727 -0.07196344 -0.022755241 0.024169488 0.025203386 0.053595837 9.190082e-05 -0.06760708 -0.0120494785 0.09700057 -0.10658485 0.049619865 -0.04072402 -0.0049196496 0.016708784 0.05447889 -0.037011713 0.07422576 -0.015573275 0.08882475 -0.03497026 -0.11532863 -0.04327118 -0.0061439523 0.00033695082 0.025844393 0.05289144 0.011517254 -0.009396677 -0.0015431623 0.00044211277 -0.03349191 -0.05081493 -0.026814595 -0.0109691 -0.0035779204 0.010952576 0.001468085 -0.05050009 -0.016638057 -0.03972577 -0.014814999 -0.08731316 0.13759564 0.048035927 0.05234592 0.02850092 -0.0104256775 -0.0002535385 0.015451103 0.057411548 -0.042918894 -0.0072383247 0.045564286 -0.05758118 -0.055777147 0.038514223 -0.0228874 0.054744132 0.092414126 0.033223275 0.05462929 0.07382615 -0.039136093 0.022156535 -0.06764558 0.05823463 -0.026959581 0.002970753 -0.055701923 0.04768181 0.14070092 0.16526274 0.022560835 0.123046055 0.04559777 -0.10636666 -0.06817084 0.036071744 0.059652794 0.10132026 0.0045026895 0.0032894309 -0.011201232
¨v¨ -0.09120282 0.07146428 -0.007807269 0.070762336 0.043157615 -0.06948482 -0.016839154 0.09717862 -0.05853276 0.068907045 0.020153923 -0.030371543 -0.052066505 0.026936939 0.10738781 -0.08515765 -0.03556661 0.063316666 -0.031159421 -0.045858458 0.0016150238 -0.07145324 -0.02555321 0.022049122 -0.063568495 0.008035671 -0.014171709 0.029787054 -0.09883541 -0.032111023 0.017590586 0.049016066 0.05635917 -0.01706521 -0.03066591 -0.0073882663 -0.023812607 0.01965724 -0.10339366 -0.107862525 -0.088411324 0.00402946 0.042571038 0.03573931 0.035876203 0.007120739 0.07435679 -0.008634843 -0.018525017 0.01671655 -0.00843258 -0.03992275 0.009735759 -0.06009402 -0.011171079 -0.06627196 0.07305816 -0.065240204 -0.06395131 0.001834002 0.060710706 0.06257283 -0.04548234 -0.055057965 -0.06807107 0.05517628 -0.09453961 0.15364328 -0.07701037 0.006042541 0.008251032 -0.018827388 0.100699075 -0.038080208 0.0039608544 0.047069695 0.038830377 -0.12279893 -0.10160031 -0.0075744847 -0.034503106 -0.12725665 0.06155983 -0.0036964973 -0.011964624 -0.02047917 -0.014810354 0.10591382 0.025013043 -0.07405327 0.034516197 0.027169105 0.079922885 0.037234094 0.11749791 0.20099223 -0.0026899343 0.009766654 -0.101268485 0.13261463 -0.08755841 0.027056383 0.0064077843 0.022680601 -0.06963953 -0.023271922 -0.084308796 0.07053352 -0.021721857 -0.08865621 -0.05676979 -0.07985998 -0.028656328 -0.045524936 0.008087605 -0.02004621 0.04653866 -0.071410805 -0.027759966 0.023257729 0.025251824 0.05454098 -0.0045737093 -0.070465416 -0.015448517 0.10417747 -0.11177221 0.04346662 -0.04594242 -0.0022163694 0.017300114 0.05357561 -0.036803886 0.06976212 -0.023126755 0.08165187 -0.036375046 -0.11625248 -0.03419605 -0.011323331 0.004837472 0.022180248 0.057356123 0.015593082 -0.003258957 -0.0016539157 0.002133565 -0.030034319 -0.045365747 -0.027489511 -0.008710377 -0.0025214946 0.011456631 0.0013070074 -0.05429456 -0.011671011 -0.037537474 -0.014874182 -0.08514755 0.13858639 0.05044363 0.049115714 0.03637438 -0.00603776 0.008590969 0.013643265 0.061701678 -0.037214797 -0.0073029115 0.039090008 -0.06418984 -0.057060774 0.037308782 -0.024395391 0.049816113 0.096475 0.028037596 0.052179523 0.08190241 -0.039568845 0.018090002 -0.06868243 0.05803561 -0.027957052 0.008013528 -0.047544293 0.0503232 0.14501916 0.17486076 0.020234395 0.12471895 0.05020311 -0.10489425 -0.07813877 0.03221386 0.061536994 0.09832001 0.008737211 0.0008874843 -0.019112501
¨v¨v -0.14358954 0.116979145 -0.026453787 0.11082724 0.0661745 -0.12036094 -0.017957766 0.15713648 -0.09157943 0.10422724 0.025722839 -0.055125177 -0.084902145 0.0381969 0.17976335 -0.14324403 -0.074415565 0.101292185 -0.041617993 -0.07174543 -0.003197158 -0.12535016 -0.036355343 0.050543275 -0.10613512 0.013474815 -0.014941864 0.050066274 -0.17129384 -0.054937165 0.038494278 0.07405231 0.09460421 -0.022349983 -0.03857186 -0.0038458689 -0.051230818 0.033377737 -0.16261779 -0.17199132 -0.14228967 0.0010525554 0.07385005 0.06819411 0.06646689 0.006350516 0.11377236 -0.01095641 -0.01773739 0.022778988 -0.010052868 -0.0600793 0.021777928 -0.092919625 -0.030936638 -0.10927588 0.11644283 -0.11683378 -0.10184343 -0.0028180205 0.087945886 0.11393765 -0.07082083 -0.09754992 -0.111659184 0.099449076 -0.15410794 0.24481015 -0.1215063 0.010752744 0.01673609 -0.041577768 0.16480355 -0.055643972 0.010255349 0.07691363 0.06796393 -0.20762701 -0.16414772 -0.021351509 -0.06284232 -0.21015707 0.10426471 -0.015486188 -0.022801904 -0.040912297 -0.028986905 0.18368441 0.03440573 -0.12351174 0.058877483 0.043896444 0.13012642 0.052126046 0.19160181 0.33409852 0.00068229047 0.026815519 -0.15471627 0.2030129 -0.13787042 0.05184076 0.006045657 0.051183153 -0.12756091 -0.044052016 -0.1403104 0.1205284 -0.046381418 -0.15335287 -0.09227682 -0.12476718 -0.051945575 -0.074823834 0.008718306 -0.037861086 0.08566599 -0.1348634 -0.042906195 0.03168399 0.04176028 0.09727752 -0.0068307333 -0.11485113 -0.016111862 0.1609136 -0.18801282 0.07770054 -0.07697121 0.0039505516 0.014994057 0.09165171 -0.052500952 0.12860276 -0.034034505 0.14306004 -0.06411717 -0.18590094 -0.06882483 -0.0059742 0.012853213 0.048502512 0.09527521 0.026674785 -0.002241608 -0.0074739926 0.0057766465 -0.051223878 -0.073044285 -0.042460028 -0.017477177 -0.00060845155 0.030260064 0.010176658 -0.08580814 -0.023671556 -0.068060264 -0.028907001 -0.1350302 0.23194851 0.082114436 0.08470705 0.055456456 -0.005312865 0.0067401724 0.013602259 0.10891644 -0.059193347 0.00064735394 0.069753066 -0.11132988 -0.08710919 0.057934783 -0.033714 0.078594 0.15036042 0.052651837 0.09012618 0.121832356 -0.06866646 0.024184644 -0.10727996 0.0847551 -0.049313165 -0.0011095258 -0.09212325 0.07894068 0.22431712 0.27260032 0.032044265 0.22042035 0.08103187 -0.16706292 -0.11911439 0.05841875 0.09561973 0.16678882 0.00821921 -0.0036016554 -0.024888821
¨¨u -0.14814265 0.12316808 -0.01977659 0.11162106 0.068412095 -0.13097122 -0.020719284 0.16900633 -0.09421052 0.11126407 0.030000024 -0.0521363 -0.084262736 0.04271418 0.19063337 -0.15115796 -0.07872915 0.11436692 -0.05251666 -0.075397246 -0.0025437842 -0.13227327 -0.03900818 0.052464712 -0.116060436 0.012425724 -0.02209916 0.05306307 -0.18256375 -0.061541874 0.039100643 0.07938543 0.1046521 -0.018614931 -0.03852613 -0.0018407315 -0.048929397 0.026900718 -0.17641246 -0.18687978 -0.14965656 0.00072744646 0.07744245 0.07074111 0.073318906 0.008479443 0.11512973 -0.0066783703 -0.020289388 0.021529367 -0.012729678 -0.065172575 0.017500807 -0.09486946 -0.03240381 -0.1120681 0.12011497 -0.12217776 -0.10641693 -0.0001031917 0.09091837 0.11954487 -0.07499564 -0.09696575 -0.12009514 0.100839555 -0.16160765 0.2528192 -0.12143041 0.010078828 0.022656206 -0.043162357 0.16509672 -0.05493878 0.004343108 0.07701649 0.07541268 -0.2171855 -0.17736317 -0.022254873 -0.060521457 -0.21481125 0.110976 -0.009397363 -0.017281808 -0.034419622 -0.02800525 0.19589143 0.04236771 -0.13515632 0.05543092 0.049734287 0.13502532 0.059012048 0.20394503 0.35273463 0.0021666952 0.029140139 -0.15685238 0.22034657 -0.1468509 0.0561661 0.00619545 0.046597995 -0.13232248 -0.03655306 -0.13904192 0.12773027 -0.042763077 -0.15901493 -0.089230664 -0.13637726 -0.055730812 -0.07191188 0.012515888 -0.040643822 0.08555651 -0.13659848 -0.038764305 0.030584158 0.048149474 0.09936686 -0.004203791 -0.11738237 -0.023579044 0.17285019 -0.19529396 0.07803819 -0.07704299 -0.0035834603 0.017709522 0.09475676 -0.056618523 0.12743936 -0.032935333 0.14645597 -0.067510374 -0.2004563 -0.065413125 -0.0096318815 0.014454998 0.052532427 0.097020015 0.030284962 -0.0082863085 -0.007924935 0.00835275 -0.052594047 -0.07760672 -0.044531133 -0.017688803 -0.006263897 0.031069921 0.01272433 -0.08856248 -0.020305254 -0.07521229 -0.029200494 -0.14544013 0.2520515 0.085923664 0.093795516 0.06483172 -0.012201905 0.013717495 0.014197711 0.1188217 -0.066339314 -0.0049355323 0.07119012 -0.10931322 -0.09407705 0.06372398 -0.04225027 0.0866178 0.15459703 0.058558565 0.091581516 0.12802024 -0.07503719 0.030774018 -0.11161885 0.09192379 -0.05590807 0.0027809443 -0.095632255 0.09181951 0.23995316 0.29063335 0.028435195 0.22942719 0.086038426 -0.17665806 -0.12662101 0.06431282 0.09430623 0.17609608 0.010818192 -0.004237845 -0.028578265
¡Ð -0.1524243 0.12217119 -0.022655858 0.12380463 0.072379075 -0.1320472 -0.021537958 0.16958432 -0.09912089 0.11931823 0.03145772 -0.06259517 -0.09352958 0.05108494 0.19560689 -0.15775533 -0.08346903 0.12072508 -0.048122566 -0.086199865 0.0032800527 -0.13502182 -0.04441967 0.04701786 -0.1190444 0.019832857 -0.021077197 0.054128222 -0.1935661 -0.06270054 0.045580518 0.08019704 0.10242519 -0.016533017 -0.041798707 -0.008524453 -0.056232665 0.03448309 -0.18812649 -0.19385378 -0.1575317 0.00567962 0.082213044 0.07688577 0.07951143 0.0031374907 0.12089979 -0.006798063 -0.021740336 0.024970401 -0.01736296 -0.06739637 0.014114926 -0.099980526 -0.029398043 -0.11711776 0.12011227 -0.12592748 -0.115910575 -0.0046762037 0.096419804 0.12539332 -0.08020902 -0.100143656 -0.12589751 0.11009133 -0.16931592 0.2648056 -0.13142446 0.015900118 0.019945668 -0.03790135 0.18194488 -0.0624442 0.010154204 0.085755564 0.073839754 -0.23022167 -0.18358712 -0.01747536 -0.06652884 -0.22956873 0.11878047 -0.0137088755 -0.022928508 -0.036526907 -0.03071457 0.20560668 0.03683342 -0.13224666 0.06757466 0.05307563 0.14058223 0.06644784 0.20632586 0.3689759 0.006696973 0.03250652 -0.16539031 0.23148386 -0.1539709 0.05516589 0.012806583 0.053236604 -0.1372194 -0.0426274 -0.1504317 0.13533336 -0.044494368 -0.16442381 -0.1030343 -0.13455558 -0.057583123 -0.07539458 0.014249446 -0.04008123 0.093710124 -0.14292258 -0.043027665 0.038653713 0.04408896 0.10396805 -0.004750901 -0.1209272 -0.017723488 0.1818996 -0.20688887 0.085197985 -0.07681071 0.0002854528 0.01661527 0.09917104 -0.05796477 0.14263579 -0.03816628 0.15869227 -0.07122042 -0.2083263 -0.07500282 -0.012158985 0.00991368 0.05492377 0.10398978 0.03111536 -0.0011151303 -0.0054660137 0.004628869 -0.053720694 -0.08730117 -0.047893573 -0.014566277 -0.008555626 0.027996123 0.016342783 -0.09299734 -0.020686513 -0.07244555 -0.036052532 -0.15021013 0.25531995 0.09230816 0.09856034 0.061402537 -0.013703256 0.007374088 0.01654112 0.1251771 -0.068638034 -0.004368024 0.08017003 -0.115641125 -0.095274754 0.06718534 -0.039545186 0.089278735 0.16351306 0.0659797 0.0993453 0.14152491 -0.07103625 0.031117462 -0.11805831 0.09427078 -0.052446056 0.0022508686 -0.10129652 0.09146539 0.25541317 0.3077984 0.035574425 0.24100809 0.09609585 -0.18136822 -0.13500184 0.06870471 0.0960309 0.18002103 0.014804409 0.0022526807 -0.023613445
¨ -0.16464186 0.12863217 -0.020175852 0.12059212 0.06823294 -0.1353584 -0.01780762 0.17491496 -0.10374676 0.11871964 0.033019125 -0.055949155 -0.09444654 0.045555294 0.20272629 -0.15590334 -0.07639654 0.12432141 -0.049591016 -0.08441983 0.00050688983 -0.13853116 -0.051296428 0.048778467 -0.124205284 0.02009879 -0.02415709 0.050177243 -0.19222121 -0.06262335 0.047234252 0.08564693 0.11318622 -0.019821981 -0.04315971 -0.00535906 -0.056519657 0.03568419 -0.18528886 -0.19697268 -0.1621145 -0.00042871662 0.0741571 0.07618417 0.07986802 0.012251312 0.12887843 -0.0097668795 -0.016196916 0.025216993 -0.014153077 -0.0658133 0.019457733 -0.11144206 -0.03256032 -0.120102115 0.13114373 -0.13449822 -0.113968305 0.0018601675 0.10297738 0.12989183 -0.078692265 -0.101345316 -0.12644905 0.10467954 -0.17304021 0.2751121 -0.13189824 0.014342321 0.023519283 -0.04489575 0.18256326 -0.05665582 0.0028596346 0.0913316 0.0742898 -0.2264091 -0.18857606 -0.015587273 -0.06295668 -0.23484637 0.11760063 -0.018411186 -0.018503843 -0.043727882 -0.027874691 0.20660259 0.046109576 -0.13908887 0.06355956 0.053419843 0.1461359 0.06389468 0.21102893 0.3698839 0.003070422 0.032805253 -0.16802938 0.23217824 -0.15158506 0.06277608 0.006400093 0.0522386 -0.13987945 -0.04902334 -0.15913713 0.13982688 -0.051741254 -0.16696268 -0.09842018 -0.14620368 -0.04959566 -0.08085867 0.0110502085 -0.049768023 0.097035155 -0.1476549 -0.041172035 0.03857249 0.051279914 0.10596728 -0.0026166728 -0.13074678 -0.02657477 0.19027482 -0.20908424 0.08957318 -0.082549915 0.0039225146 0.023169335 0.09862656 -0.060739692 0.13840394 -0.037287816 0.15680857 -0.07226677 -0.21502374 -0.071419716 -0.009932736 0.0144010335 0.052974105 0.10264441 0.024078416 -0.0031023694 -0.005013645 0.010766633 -0.06366103 -0.08305237 -0.053709336 -0.02045566 -0.003337324 0.038233995 0.011324642 -0.095467836 -0.02382914 -0.075788006 -0.033613335 -0.15197073 0.27013227 0.101333916 0.10047604 0.065205164 -0.010846362 0.0126045775 0.010877527 0.12348554 -0.07313334 0.00019051235 0.08285454 -0.12589297 -0.09102765 0.06202754 -0.04569774 0.09460256 0.16924328 0.06384922 0.10650553 0.14323714 -0.08191167 0.03136521 -0.1247798 0.09455967 -0.053924534 0.0015812443 -0.09942902 0.09715109 0.26214916 0.31540328 0.035070658 0.24993642 0.09542626 -0.191615 -0.13348812 0.075273134 0.10340514 0.19065446 0.01645372 -0.0032131178 -0.030773139
¨u¨u -0.14819686 0.11988985 -0.01870114 0.10506538 0.059173815 -0.11986708 -0.02376481 0.15355536 -0.09544213 0.10277991 0.02909686 -0.057103414 -0.0775342 0.045780674 0.18196344 -0.1405521 -0.07634749 0.1114954 -0.04870775 -0.07683051 -0.0017414968 -0.12699829 -0.045209046 0.043804865 -0.1079914 0.011318708 -0.018334346 0.04998602 -0.17588557 -0.054556057 0.03566749 0.07389612 0.09805867 -0.021034883 -0.03824061 -0.005376601 -0.051158648 0.027435131 -0.16721582 -0.17103837 -0.14488007 0.0046611093 0.07555937 0.06871622 0.06843832 0.006173322 0.112946644 -0.0038771825 -0.022869222 0.020452632 -0.0137453675 -0.055243254 0.021532157 -0.09446149 -0.026189934 -0.10443324 0.11421127 -0.1179554 -0.10543111 -0.0023230352 0.09233177 0.11486702 -0.07261921 -0.09567452 -0.10727504 0.09926771 -0.15325718 0.24236506 -0.12078592 0.011388994 0.01961655 -0.04031577 0.16593136 -0.05178031 0.009404914 0.07813725 0.06578777 -0.20161946 -0.16340324 -0.019630503 -0.061295602 -0.2097208 0.109572776 -0.013272586 -0.018048564 -0.03756354 -0.026886396 0.18287848 0.03245259 -0.12673318 0.05282511 0.046633355 0.12317285 0.054810826 0.19241247 0.33036095 0.0061402367 0.025169067 -0.15874745 0.21011727 -0.13444659 0.05670372 0.0064247586 0.052822076 -0.12726706 -0.03715135 -0.14070207 0.12395497 -0.03905134 -0.15409258 -0.09203635 -0.12957437 -0.04867622 -0.074630305 0.013327949 -0.036680304 0.08712969 -0.13152345 -0.039503366 0.034875724 0.0458398 0.101729184 -0.0014870605 -0.11471409 -0.01643474 0.16641435 -0.18733613 0.07903938 -0.0705018 0.0016548914 0.023544425 0.08604162 -0.055257272 0.12776871 -0.033365253 0.14134681 -0.059084818 -0.1899466 -0.06115995 -0.011799962 0.014525983 0.048032213 0.096666105 0.022023205 -0.007860305 -0.0057170205 0.004473138 -0.051024046 -0.0785347 -0.046568546 -0.017796917 -0.00485698 0.028912166 0.011270266 -0.086601645 -0.021026975 -0.072573096 -0.028532283 -0.1436225 0.24271204 0.089569606 0.08450141 0.062430378 -0.011957437 0.005697132 0.018320376 0.1078561 -0.06679123 -0.00089772866 0.07646517 -0.10482368 -0.08985743 0.057247054 -0.041963413 0.07908998 0.15391377 0.05894418 0.0888307 0.13037246 -0.074187845 0.033684056 -0.10974114 0.085254915 -0.048083656 0.0072405017 -0.085451454 0.086056404 0.23438977 0.27772108 0.02666601 0.21849102 0.07962079 -0.16590554 -0.12536924 0.063321926 0.09529632 0.17201863 0.011485528 -0.0069170617 -0.024200479
¹â×ÅÆ¨¹É°Ñ¼Ò»Ø -0.1440953 0.11166432 -0.02701956 0.107148394 0.05975885 -0.12562 -0.01708578 0.15393959 -0.08875365 0.107506916 0.027420737 -0.05524295 -0.08427885 0.041848876 0.1730801 -0.14007266 -0.0759213 0.10273982 -0.05124862 -0.07853773 0.0022409956 -0.118090026 -0.043844838 0.043049783 -0.10511016 0.014659625 -0.023597082 0.04282861 -0.17621918 -0.054785833 0.03445638 0.07044266 0.09635811 -0.017078172 -0.03815933 -0.009458306 -0.04776312 0.027202835 -0.16864474 -0.16870901 -0.13792355 0.006793991 0.06893225 0.06992155 0.068368 0.0078442525 0.107409045 -0.0035926045 -0.021030718 0.023652552 -0.009274368 -0.064439386 0.016172212 -0.093087375 -0.030976916 -0.10694302 0.11312911 -0.11526602 -0.10492415 -0.0022413263 0.093020566 0.11281472 -0.07350338 -0.09339639 -0.11004182 0.0961336 -0.15283166 0.24466076 -0.11904161 0.016144074 0.015281234 -0.04032628 0.16331118 -0.05802576 0.0012437023 0.08254854 0.06776916 -0.20311329 -0.16690293 -0.013889096 -0.06296075 -0.2095174 0.10420346 -0.010144911 -0.021606116 -0.0314753 -0.024269102 0.18472551 0.0377255 -0.12093518 0.058984984 0.044624746 0.13129874 0.059456233 0.18881275 0.33710235 0.0030453156 0.02840651 -0.15080574 0.20358059 -0.13916193 0.05353154 0.006787816 0.045087244 -0.12390552 -0.04304986 -0.13641657 0.117721066 -0.04006738 -0.15266758 -0.0901933 -0.12378163 -0.04523832 -0.067615 0.011024207 -0.03883449 0.079355404 -0.13433556 -0.038085427 0.035622776 0.041306835 0.09548656 -0.0042497576 -0.11139385 -0.016600888 0.16314486 -0.18789706 0.07789858 -0.06986889 0.00021892012 0.019247817 0.09140528 -0.05018966 0.1275298 -0.035464328 0.13910103 -0.0616241 -0.18614765 -0.06701313 -0.00582327 0.008974152 0.050680857 0.09811354 0.029753014 -0.00237513 -0.0075991545 0.0052893776 -0.0488301 -0.073581636 -0.048339088 -0.015940009 -0.005908693 0.027905434 0.0076551237 -0.08834928 -0.023865664 -0.06664047 -0.02525542 -0.13859612 0.24075429 0.08972921 0.08837039 0.060344417 -0.0084494 0.011438274 0.010868357 0.11184567 -0.05895016 -0.0069201174 0.07382287 -0.103379846 -0.087052144 0.06126132 -0.04122538 0.08630899 0.1485466 0.051025294 0.094448656 0.12337226 -0.07201916 0.0318228 -0.11324381 0.08327262 -0.047136664 0.0037363041 -0.08897069 0.08622026 0.22428365 0.28109938 0.027235946 0.21675368 0.08300575 -0.16294448 -0.11676855 0.05834015 0.09232775 0.16406938 0.017070485 0.00081957184 -0.029243046
¨¨u¨w¨v -0.1471255 0.11861316 -0.019687481 0.11502998 0.059996553 -0.12453358 -0.020292604 0.16631487 -0.09200456 0.107661426 0.032674305 -0.054294378 -0.08099112 0.04391582 0.17865328 -0.15124212 -0.076473795 0.11416108 -0.05213555 -0.0753678 -0.0036572977 -0.122317635 -0.047049817 0.048320856 -0.118557096 0.013076615 -0.019228792 0.04579647 -0.18769135 -0.058611963 0.04168499 0.07528832 0.09501216 -0.019637553 -0.048405275 -0.00018640594 -0.053714674 0.03688173 -0.1778063 -0.17698936 -0.14503966 0.0058633406 0.06807945 0.07390377 0.06558844 0.00978081 0.117731445 -0.007807733 -0.012805867 0.024967479 -0.016149297 -0.06878834 0.013674048 -0.097970255 -0.027470006 -0.1182542 0.115691505 -0.11554157 -0.10556785 0.0035835954 0.09799437 0.121822335 -0.07657822 -0.10345562 -0.114288375 0.09762685 -0.16186118 0.25156018 -0.120485336 0.014539518 0.022997279 -0.044782516 0.16861382 -0.051805634 0.002134078 0.08337284 0.07178009 -0.21582396 -0.17262717 -0.019341087 -0.062417045 -0.21186729 0.11083387 -0.01646585 -0.020481667 -0.034441847 -0.030590057 0.19376794 0.036527306 -0.13636787 0.057187166 0.04042878 0.13246349 0.054068655 0.2035548 0.35307497 0.003518193 0.024440778 -0.16096456 0.2165435 -0.14687629 0.050656326 0.009591459 0.0496553 -0.12572055 -0.0425889 -0.13878688 0.118461624 -0.046519388 -0.15856625 -0.09238732 -0.13071686 -0.052268486 -0.07689006 0.013790116 -0.039396934 0.08474019 -0.13452177 -0.040911768 0.030840684 0.047487725 0.10677828 -0.0011424292 -0.11765466 -0.019682538 0.1768267 -0.19547376 0.087249115 -0.082451046 -0.0015502506 0.02067964 0.09660311 -0.049002517 0.13500737 -0.03694744 0.14225642 -0.061394017 -0.19759722 -0.070311405 -0.010251482 0.010377471 0.04740065 0.10332783 0.02728533 -0.0048910356 -0.01239332 0.011892261 -0.054851845 -0.07495612 -0.048958562 -0.01744881 -0.012026313 0.035811268 0.012512216 -0.09650698 -0.025316475 -0.06706553 -0.031944074 -0.14730504 0.25102225 0.08830084 0.08749479 0.06459137 -0.013414226 0.0073197116 0.012777731 0.1104259 -0.06258022 -0.0061397925 0.07323709 -0.1179579 -0.084739 0.061772212 -0.039966013 0.084909074 0.15378 0.06336417 0.09275142 0.13726139 -0.072815165 0.034498163 -0.11366423 0.090236865 -0.05611235 0.0017348893 -0.09709881 0.08690982 0.24032797 0.29526797 0.02831435 0.23078412 0.08730601 -0.17651528 -0.12744969 0.063974634 0.09225458 0.17272983 0.016583957 -0.0029829652 -0.020038603
¡Þ -0.14655836 0.11688157 -0.02043199 0.11639871 0.066612214 -0.12705325 -0.014258806 0.15872946 -0.09807706 0.10993085 0.033102013 -0.05840079 -0.0817303 0.041298106 0.18567225 -0.14792185 -0.07875548 0.10743038 -0.053168785 -0.07859114 -0.00062443176 -0.1216377 -0.041391898 0.04867899 -0.111725844 0.017512191 -0.020629145 0.053928155 -0.18495922 -0.058059774 0.04584542 0.070685945 0.1037042 -0.016024493 -0.045899235 0.0018419116 -0.055326186 0.032136522 -0.17826757 -0.1825232 -0.14679281 0.0024734319 0.07394556 0.075190485 0.06622788 0.009690846 0.11134461 -0.0043533975 -0.01597956 0.02334122 -0.013692688 -0.06331556 0.022233725 -0.10116252 -0.024295755 -0.11078266 0.11749175 -0.11694415 -0.102428526 -0.0043786727 0.10023396 0.115215324 -0.07517562 -0.099254705 -0.11792734 0.09927138 -0.15710798 0.25184408 -0.12269401 0.016339825 0.019356301 -0.041698273 0.16526076 -0.05588559 0.0112743415 0.08500843 0.06551208 -0.21394941 -0.17580858 -0.015294577 -0.057197426 -0.21281853 0.10977509 -0.020130647 -0.023100898 -0.0357552 -0.033739623 0.19385873 0.041590653 -0.13495988 0.058440264 0.040639617 0.134946 0.053277113 0.2056802 0.35176247 0.00027619425 0.027427416 -0.16370139 0.21077208 -0.14608447 0.05693279 0.009810011 0.048662048 -0.12823887 -0.04409751 -0.14380139 0.12276985 -0.046608277 -0.1551944 -0.09362992 -0.12709782 -0.053602736 -0.07203541 0.01106743 -0.04159832 0.08585006 -0.13298914 -0.035357002 0.032015245 0.044873677 0.10590566 -0.005553033 -0.12054828 -0.023850245 0.1733804 -0.19724196 0.08676304 -0.078522466 0.0032155362 0.019764204 0.090229675 -0.048769798 0.13489315 -0.040255863 0.1504875 -0.06200427 -0.19460559 -0.07190122 -0.0098570995 0.010655255 0.05132987 0.103904225 0.02840464 -0.0073547545 -0.0053519327 0.009567574 -0.05456042 -0.08332695 -0.052386638 -0.015335201 -0.003000314 0.03014511 0.010628509 -0.09683771 -0.026426543 -0.06548121 -0.028390465 -0.13949497 0.2508635 0.09153814 0.09133468 0.06070801 -0.0063601783 0.0073677446 0.01310179 0.10976655 -0.058892805 0.0014617371 0.075602606 -0.11135172 -0.08789263 0.057578634 -0.03741979 0.083838426 0.15312356 0.056212716 0.09300228 0.12684475 -0.07373233 0.03358075 -0.115581155 0.086802125 -0.05624929 0.008164635 -0.08923696 0.08668504 0.23803885 0.29669487 0.027498774 0.2274521 0.083581135 -0.17373283 -0.119475 0.06640181 0.092530765 0.18048349 0.008087037 0.0010970462 -0.019146414
¨ -0.14770094 0.1195939 -0.022822335 0.11096965 0.06790929 -0.12748109 -0.022351705 0.16777259 -0.097900674 0.1156287 0.027975451 -0.051682364 -0.08301044 0.04997886 0.180737 -0.14463948 -0.08012929 0.109035276 -0.054247975 -0.08314653 -0.0036627927 -0.12292614 -0.04637321 0.04948695 -0.11081326 0.02199733 -0.01908223 0.05090589 -0.18575722 -0.0572939 0.043090913 0.0704294 0.09854507 -0.017218225 -0.049163315 -0.0004150747 -0.05576292 0.033391777 -0.17603429 -0.18099348 -0.14397955 0.0061240797 0.07696258 0.068996884 0.07150726 0.0044999565 0.115738496 -0.0012361065 -0.020856785 0.03181117 -0.018675737 -0.06508042 0.021063093 -0.09910817 -0.031058852 -0.1168566 0.12287543 -0.12119256 -0.104021415 0.0009287665 0.0971839 0.11920884 -0.07310591 -0.101741135 -0.11693209 0.100233786 -0.16165313 0.25390002 -0.12139629 0.008280995 0.01869979 -0.04367289 0.17520227 -0.05938644 0.00854151 0.08232782 0.07151331 -0.21436356 -0.17996417 -0.020160675 -0.06474334 -0.21359874 0.11273851 -0.011651052 -0.022023132 -0.040427405 -0.028705785 0.19872637 0.035501365 -0.13860193 0.06267628 0.04611045 0.13805091 0.052409906 0.2088285 0.3547954 0.007819823 0.027382003 -0.1643743 0.22010365 -0.14667968 0.05317581 0.0131443245 0.054584425 -0.12626229 -0.04374912 -0.14145617 0.120750025 -0.041705884 -0.15977438 -0.09437243 -0.13657266 -0.053573042 -0.07043637 0.014476707 -0.047619294 0.08214983 -0.14157175 -0.04310332 0.033547796 0.043285437 0.10223681 4.8317062e-05 -0.11663697 -0.022018079 0.17541373 -0.19982284 0.08230329 -0.08361068 -0.0035134468 0.022448545 0.09811671 -0.052787445 0.13007589 -0.037796494 0.14679746 -0.068129316 -0.19507027 -0.068259306 -0.013811185 0.015457983 0.04889066 0.095958546 0.02075054 -0.0026397584 -0.0037056282 0.0061396724 -0.055985212 -0.08502795 -0.05586801 -0.009340364 -0.009386419 0.030466825 0.01581659 -0.09810178 -0.024846997 -0.068730265 -0.03180842 -0.14321323 0.2550696 0.08884645 0.08688634 0.055999953 -0.0136337215 0.008849489 0.013073403 0.11116403 -0.06232407 -0.006322849 0.07344743 -0.11938262 -0.0884451 0.06233855 -0.03598263 0.08356894 0.15701789 0.057877973 0.095893666 0.12938772 -0.07365906 0.029445408 -0.10922955 0.088107206 -0.058394425 0.0067326203 -0.095475264 0.09265232 0.2431449 0.2959298 0.035798322 0.23249534 0.08778908 -0.17143105 -0.12906429 0.0690174 0.09460757 0.18237144 0.011702313 0.0022563096 -0.019446798
¨u¨w¨v -0.14760816 0.1204951 -0.018757218 0.115058534 0.059525218 -0.12559637 -0.02001155 0.16536011 -0.09203281 0.10646874 0.03235142 -0.055839013 -0.08635762 0.046808228 0.18180607 -0.14970702 -0.07692062 0.112525165 -0.054081127 -0.075381584 -0.00061519846 -0.13031338 -0.042629745 0.04386603 -0.10789608 0.01876816 -0.017810829 0.045225993 -0.18234098 -0.054773055 0.041929614 0.07812667 0.09688971 -0.016796922 -0.040736232 0.0008358978 -0.056053855 0.036217652 -0.16873845 -0.17998485 -0.14720407 0.0048913686 0.072120026 0.0743701 0.0745659 0.00782595 0.11508381 -0.0061630784 -0.015647568 0.022271298 -0.012508457 -0.06660889 0.016858865 -0.09921975 -0.023387006 -0.117942385 0.11805225 -0.11619605 -0.10831874 0.0028661 0.096689425 0.11407146 -0.07486593 -0.09750458 -0.112381205 0.09744713 -0.15927072 0.25029948 -0.12288848 0.009241004 0.021461029 -0.04332855 0.17183001 -0.056534607 0.0115236 0.08733125 0.06490688 -0.21569614 -0.17071791 -0.018204775 -0.0653207 -0.21358065 0.10636626 -0.014388593 -0.019341707 -0.034920994 -0.0284093 0.19164215 0.036008798 -0.13503888 0.05918494 0.04762514 0.13008739 0.051224682 0.19746028 0.342984 0.00073374074 0.029092535 -0.1622121 0.21074854 -0.13776398 0.050941236 0.0092631355 0.05176878 -0.12532051 -0.04375605 -0.14558496 0.11762752 -0.03887601 -0.15480694 -0.091502406 -0.13234745 -0.050721705 -0.070369266 0.0064204363 -0.045676734 0.08084564 -0.13439518 -0.035402592 0.037711646 0.041880444 0.1002297 -0.0060181892 -0.122289315 -0.024594752 0.17713098 -0.19186006 0.08254858 -0.07540361 0.004507695 0.021644905 0.097307265 -0.05536591 0.13108972 -0.03403724 0.14856304 -0.061939698 -0.19726999 -0.07273831 -0.013687334 0.015066019 0.044865664 0.09492367 0.020434124 -0.00313239 -0.011034654 0.01235124 -0.056075025 -0.080438666 -0.04962513 -0.011297225 -0.009970927 0.032082666 0.010248562 -0.09434254 -0.028694272 -0.067261375 -0.03416927 -0.14306891 0.24225424 0.09223566 0.085049815 0.05932439 -0.011317748 0.0074336994 0.016441919 0.11310777 -0.061433952 -0.0054163295 0.07517816 -0.120001644 -0.0888438 0.063304506 -0.04049298 0.08435426 0.15218154 0.054430455 0.097879425 0.13222907 -0.07025406 0.032265265 -0.11130131 0.08888023 -0.05679242 0.0064330455 -0.08708304 0.08413574 0.23905171 0.2917654 0.030712401 0.22853193 0.086441904 -0.16883317 -0.12831093 0.06345542 0.09737782 0.17833027 0.012972539 -0.006768014 -0.02357095
¿ÉÁ¯×²¼ûºÚ³ÔºÚ -0.13562602 0.10815935 -0.025820753 0.10341452 0.060800344 -0.1155824 -0.016637696 0.15251958 -0.09079246 0.10132127 0.024879396 -0.053220976 -0.0752182 0.039670143 0.16466151 -0.13388227 -0.069104746 0.103585415 -0.042704545 -0.07028624 0.0029838127 -0.11908258 -0.035835974 0.04617947 -0.10098555 0.019350786 -0.015304453 0.042480446 -0.16995843 -0.055180047 0.040805057 0.07178922 0.096446455 -0.016570969 -0.04339508 0.0024947014 -0.052198887 0.027365077 -0.16591436 -0.1661244 -0.13907018 0.0076074684 0.0679712 0.060915854 0.06078488 0.0019853127 0.10740658 -0.0047750315 -0.01894183 0.023827627 -0.007857053 -0.060247425 0.01948402 -0.09636868 -0.025336785 -0.10663683 0.108205914 -0.111322396 -0.095772214 0.00102691 0.08779062 0.11288939 -0.06545719 -0.09338403 -0.10762672 0.088309884 -0.14531815 0.23603672 -0.11541306 0.011465637 0.021890022 -0.04330463 0.15768132 -0.05111387 0.0070473477 0.07810343 0.058849305 -0.19863833 -0.16087256 -0.021001905 -0.06102651 -0.2003259 0.096945435 -0.017600704 -0.017805772 -0.034835376 -0.024107683 0.18319154 0.040821336 -0.12351734 0.057841957 0.037901722 0.119290866 0.049447108 0.18865332 0.3196461 0.007116776 0.022842614 -0.14873609 0.20119274 -0.13649043 0.045937587 0.0065359743 0.044396684 -0.12339215 -0.03560691 -0.13593994 0.11030946 -0.04149173 -0.14120595 -0.08262375 -0.11845908 -0.05210251 -0.06811886 0.01009926 -0.03964941 0.07839306 -0.130919 -0.032385323 0.031316426 0.03751693 0.09626359 -0.0075626625 -0.107252486 -0.018915493 0.16750692 -0.18393959 0.08019912 -0.07297247 0.0005227265 0.015639337 0.08532724 -0.044429816 0.1219054 -0.037695643 0.13725923 -0.062155217 -0.18539701 -0.062183578 -0.005826601 0.008685287 0.04266492 0.09244521 0.02803921 -0.0023117242 -0.0036996368 0.009949099 -0.056965042 -0.07658138 -0.04724483 -0.010458708 -0.0060801175 0.031534035 0.010249389 -0.08895762 -0.025967576 -0.06255639 -0.03144258 -0.13152714 0.22422872 0.08745498 0.08413063 0.059010923 -0.0048133 0.013739765 0.012635874 0.10955619 -0.057181537 -0.007586481 0.06689543 -0.10951859 -0.08567113 0.053025756 -0.034840655 0.080559365 0.14851862 0.05593492 0.0867066 0.122064054 -0.0618283 0.033362135 -0.10407796 0.0803324 -0.046844438 0.0027464568 -0.08184968 0.08037317 0.21688573 0.27093574 0.032889053 0.20840058 0.07934556 -0.16501686 -0.113567024 0.057557747 0.084867865 0.16701125 0.00823069 -0.000623737 -0.021942776
©¤\\¡Ð\\©¤ -0.111464724 0.08859142 -0.019121487 0.07891854 0.041245736 -0.08807677 -0.01480759 0.11532272 -0.070222 0.082839 0.02037454 -0.04277703 -0.05623644 0.032601506 0.1284554 -0.1045464 -0.05877829 0.0790298 -0.03940584 -0.053918242 -0.00018252688 -0.08972503 -0.028881485 0.036039654 -0.0801734 0.016550543 -0.020243313 0.038958926 -0.13253716 -0.04278658 0.0319579 0.04837416 0.070691206 -0.017247511 -0.0336052 -0.0036226592 -0.040290855 0.020432828 -0.12165382 -0.13473248 -0.10184801 0.0054563074 0.055469893 0.05434314 0.053789902 0.0046108547 0.081097834 0.0007741004 -0.012564374 0.022793047 -0.0115111405 -0.03986993 0.012893358 -0.07622403 -0.02371891 -0.08647708 0.08526884 -0.084416494 -0.0755705 -0.0012943842 0.07039853 0.08491003 -0.051552404 -0.07539967 -0.08380972 0.07105905 -0.11149421 0.18381257 -0.088212125 0.012178371 0.019009378 -0.026281357 0.11671467 -0.03955103 5.0749495e-05 0.058024295 0.049076464 -0.15506132 -0.12947361 -0.008143328 -0.04750337 -0.15415476 0.07647061 -0.009635582 -0.011295312 -0.02979986 -0.026891263 0.14406669 0.029037166 -0.09026038 0.039585277 0.02771396 0.09168748 0.0417883 0.14529462 0.24976757 0.00714998 0.020944439 -0.109674364 0.15193345 -0.10380702 0.044886544 0.008293141 0.035689794 -0.09330128 -0.025434954 -0.10290689 0.09217126 -0.027523136 -0.11471144 -0.06361334 -0.09081274 -0.040409323 -0.050542 0.0048528537 -0.03475353 0.056535922 -0.10247199 -0.030010594 0.01945801 0.03502937 0.08040942 -0.0028707434 -0.08373735 -0.017868837 0.12368147 -0.13699304 0.06297936 -0.05362721 0.0024135255 0.015108505 0.07146055 -0.040949117 0.08960078 -0.025744945 0.107235245 -0.042209186 -0.13838632 -0.049590737 -0.0024511942 0.01087837 0.03713143 0.07509942 0.024203613 -0.006240726 -0.005561295 0.00080513494 -0.035910737 -0.052367743 -0.033496976 -0.0058153737 -0.00862483 0.019393679 0.004153166 -0.06735184 -0.015520496 -0.0472843 -0.018750604 -0.10870957 0.1840672 0.061299685 0.06180984 0.048448406 -0.00476065 0.01321775 0.0060547916 0.078997985 -0.04720944 -0.00072169106 0.053726245 -0.078728646 -0.060612246 0.038951665 -0.031557612 0.06600434 0.11011949 0.038582463 0.0701173 0.092846066 -0.051554967 0.021008445 -0.07682362 0.06109178 -0.044137355 0.0027720202 -0.06750196 0.05787105 0.17581244 0.21041873 0.0261503 0.16547684 0.06395503 -0.1267285 -0.089323536 0.04564067 0.06792786 0.13159217 0.00722787 -0.0039244876 -0.023423418
Ìá×Åµç¾âÈ¥´ò½Ù -0.10194274 0.078098916 -0.015252008 0.0776553 0.0403296 -0.089632004 -0.012585803 0.11869895 -0.07100811 0.08395406 0.025044741 -0.036902048 -0.05880032 0.032275677 0.12517384 -0.10712929 -0.0481906 0.081020616 -0.036370255 -0.05537546 0.0036949408 -0.085356645 -0.031145032 0.03077745 -0.080267176 0.013132529 -0.014868867 0.03601767 -0.12449618 -0.04023893 0.033887353 0.049549986 0.07302377 -0.011675091 -0.026359305 -0.0024887486 -0.040531434 0.018024238 -0.1194638 -0.13027741 -0.09884841 -0.0013321998 0.0469196 0.046903178 0.04722228 0.0031951875 0.080647655 -0.005237419 -0.011444064 0.016322175 -0.009729578 -0.04396193 0.008890617 -0.07186141 -0.022859596 -0.08279491 0.08605759 -0.084714726 -0.06964469 0.0025063169 0.07041168 0.0840352 -0.056263465 -0.06684046 -0.07593846 0.0646236 -0.105324395 0.18165587 -0.09335444 0.0049953437 0.018343685 -0.023442896 0.12262315 -0.03746003 0.009093522 0.059857138 0.049838092 -0.14562298 -0.123566896 -0.015498057 -0.038856026 -0.14868572 0.0717784 -0.01365664 -0.013581553 -0.03251881 -0.027636878 0.13555564 0.029546976 -0.090032056 0.043312293 0.02589774 0.0960064 0.038348567 0.13664609 0.24018458 0.00568788 0.01615884 -0.10891382 0.15247993 -0.10440099 0.042389113 0.00053072127 0.03979314 -0.09264635 -0.031952273 -0.09847057 0.08920468 -0.02762634 -0.10383315 -0.07016992 -0.08992559 -0.031639416 -0.04735691 0.0025386023 -0.03486148 0.061461315 -0.09433075 -0.030165002 0.027004616 0.03376633 0.06920097 -0.005759036 -0.08764981 -0.017978137 0.12150365 -0.14020132 0.05484618 -0.0551297 0.0059940256 0.012032485 0.06146843 -0.03780778 0.09493254 -0.025181506 0.09870245 -0.042206485 -0.13758999 -0.0531911 -0.0059686806 0.012907707 0.03720034 0.06999599 0.022334808 0.0012905664 -0.007103923 0.009486793 -0.039876614 -0.05914717 -0.037976943 -0.014186288 -0.0013353201 0.023073673 0.009693758 -0.06103745 -0.016488202 -0.047914606 -0.015539576 -0.10151115 0.17686872 0.057891957 0.06309496 0.04796783 -0.00994102 0.0033144727 0.011325373 0.07488673 -0.050542273 -0.0025556688 0.052538633 -0.085527785 -0.06378663 0.042142693 -0.02551321 0.05944476 0.1066203 0.044151396 0.06576228 0.09522541 -0.050613854 0.016796606 -0.08334649 0.064222865 -0.037331156 0.004536589 -0.065855525 0.058424525 0.16453381 0.20655127 0.021581613 0.16369474 0.058684483 -0.12102746 -0.08574968 0.045911968 0.067926615 0.12807903 0.012102657 -0.0009634576 -0.021368798
¨ -0.12391528 0.103889376 -0.018644705 0.10294939 0.056369312 -0.11086766 -0.021112524 0.13932993 -0.08221392 0.1026782 0.030924222 -0.04969273 -0.07434816 0.040020287 0.15967418 -0.12697515 -0.068482086 0.09262819 -0.04156922 -0.070433944 0.0030037272 -0.1109488 -0.04023507 0.03820671 -0.0960031 0.014962136 -0.016426625 0.04866799 -0.15857312 -0.043509856 0.03813608 0.063647695 0.08205773 -0.015060373 -0.042032145 -0.008073532 -0.040236738 0.02990959 -0.15366189 -0.15393734 -0.12622029 0.0073105795 0.0646631 0.06353897 0.06367283 0.010513673 0.09975239 -0.0031481974 -0.015756795 0.019504722 -0.009951723 -0.05718482 0.019332517 -0.09198772 -0.021537265 -0.09744777 0.10517697 -0.10761635 -0.09600703 -0.001892488 0.084608726 0.106774725 -0.066203736 -0.08077815 -0.09505974 0.090637006 -0.13053142 0.21938264 -0.104943156 0.006634742 0.0137405 -0.03060402 0.14828992 -0.04486546 0.009359775 0.068511635 0.05920539 -0.19121838 -0.14790598 -0.018747572 -0.05245889 -0.18877998 0.099395745 -0.012545367 -0.020236269 -0.033539813 -0.030169277 0.16679837 0.030836225 -0.111646704 0.05083604 0.034343775 0.11508991 0.046659537 0.17314292 0.30440068 -0.0008045745 0.020692755 -0.14129856 0.19125986 -0.12152683 0.049628057 0.009536281 0.040222324 -0.1092364 -0.03864123 -0.1299737 0.111242644 -0.035707265 -0.13890477 -0.08645466 -0.11123902 -0.04677952 -0.063540064 0.0073418906 -0.042226776 0.07049214 -0.11943101 -0.03415608 0.02800624 0.035900954 0.09013313 -0.002728471 -0.10438912 -0.021104652 0.14819306 -0.17107984 0.072204046 -0.06375166 -0.000719165 0.0143045075 0.08627447 -0.042413916 0.11246393 -0.03362213 0.1239991 -0.051673267 -0.17437586 -0.06107909 -0.008564296 0.015962882 0.04140586 0.088740386 0.02746215 -0.0070234523 -0.011231508 0.008585564 -0.045216493 -0.06721795 -0.047256626 -0.013512858 -0.008089442 0.030231507 0.0078393435 -0.08201239 -0.018234957 -0.060403343 -0.026798354 -0.12791334 0.21640965 0.080548756 0.07638677 0.055849623 -0.012694497 0.00742325 0.0060503716 0.10126262 -0.053075485 -0.001212119 0.064963855 -0.09990439 -0.07330152 0.05475242 -0.034466952 0.074631475 0.1388377 0.056056622 0.08160916 0.11761952 -0.060341127 0.021803046 -0.100987844 0.07790922 -0.04267466 0.0061938963 -0.07619774 0.07883683 0.21075532 0.2569161 0.0313045 0.19773175 0.08125825 -0.15298966 -0.10847646 0.05959266 0.08463345 0.15649019 0.013916179 0.0024776035 -0.02433237
¨¨ -0.1323909 0.100541115 -0.02213812 0.09517802 0.055893235 -0.11648334 -0.020207662 0.14772841 -0.08758128 0.10438187 0.02967309 -0.050345317 -0.076231524 0.040473655 0.16371173 -0.123892546 -0.069181986 0.09376464 -0.048328705 -0.072009854 0.000625381 -0.115633436 -0.0405846 0.043045484 -0.095555685 0.009458367 -0.02327258 0.04951891 -0.15887524 -0.051047433 0.0359536 0.05956113 0.08921675 -0.014187814 -0.033362914 -0.0004996524 -0.041629475 0.024866171 -0.15194316 -0.15614514 -0.13387787 2.041161e-05 0.06978985 0.058734905 0.06034604 0.007016019 0.105868846 0.0012252535 -0.018204162 0.021643845 -0.016186444 -0.0505438 0.015738599 -0.08934073 -0.02948558 -0.096006036 0.0986444 -0.10417932 -0.09764088 0.003668344 0.07988937 0.10985959 -0.06469738 -0.08484035 -0.09599654 0.09310268 -0.13526505 0.22185591 -0.11037353 0.008814106 0.021685671 -0.033149116 0.14510384 -0.047082532 0.0004317209 0.072525315 0.06575106 -0.19230211 -0.15861532 -0.015536987 -0.050248593 -0.19138288 0.100755066 -0.015149203 -0.017923424 -0.03160317 -0.032764804 0.16977446 0.037437726 -0.117001764 0.057171106 0.0384677 0.121413305 0.04639368 0.17427216 0.3052213 0.0069578816 0.020375142 -0.13858165 0.19449583 -0.12260442 0.045456 0.002555816 0.049335305 -0.1119512 -0.03600867 -0.12782292 0.11138268 -0.043154817 -0.1343349 -0.0874374 -0.113941275 -0.0488752 -0.06628528 0.004560578 -0.039845254 0.078804485 -0.1188974 -0.04038656 0.02618946 0.042034958 0.088850014 -0.0014798045 -0.10648089 -0.019793086 0.15233864 -0.17344029 0.07094035 -0.07061302 -0.0038115422 0.018223146 0.07995171 -0.046798475 0.116041444 -0.026539696 0.12895033 -0.057793036 -0.17659165 -0.05864368 -0.0058540134 0.014193259 0.042080205 0.09015071 0.02612352 -0.0030403486 -0.0024090228 0.011563892 -0.048895232 -0.071800224 -0.041544326 -0.009894552 -0.002632842 0.032109533 0.0143916225 -0.07710264 -0.020784998 -0.06885748 -0.021626184 -0.12502599 0.22220378 0.085196435 0.07817386 0.054993406 -0.0070566083 0.004549212 0.006577711 0.1035763 -0.062934354 -0.00431662 0.064966775 -0.098596446 -0.079568386 0.05482858 -0.03413443 0.08095593 0.14454947 0.047692515 0.08761657 0.12161291 -0.06111189 0.025502598 -0.101521954 0.08351454 -0.043730065 0.0064757816 -0.08432282 0.07558361 0.21369673 0.25949985 0.028258704 0.2038897 0.083529934 -0.15441898 -0.10551119 0.059227023 0.079840064 0.15714727 0.0072501632 0.001269975 -0.024428695
¨ -0.13639796 0.1110664 -0.020075303 0.103240624 0.05487386 -0.11571591 -0.014125884 0.14532319 -0.08747513 0.09961633 0.027344344 -0.048273697 -0.075166196 0.04070995 0.16633792 -0.12857914 -0.067368925 0.0988504 -0.047325667 -0.07544061 0.0015700102 -0.118739136 -0.036031246 0.046932053 -0.10449978 0.012793279 -0.013601076 0.0462066 -0.16149147 -0.050070178 0.038292248 0.06001454 0.09009809 -0.021172073 -0.034059163 -0.008780737 -0.04289281 0.02339201 -0.15965366 -0.15607242 -0.1330514 0.0076210047 0.07003916 0.06618081 0.065722376 0.0032107448 0.105065 -0.0008456263 -0.020351654 0.028128784 -0.016755903 -0.057930164 0.012623376 -0.090702355 -0.029158268 -0.10360559 0.1025318 -0.10474766 -0.09735341 -0.0036435616 0.08167503 0.10356284 -0.06509667 -0.08248235 -0.10163764 0.09460075 -0.13761513 0.23034063 -0.11030144 0.015658693 0.019740937 -0.034090653 0.15441167 -0.052536793 0.0016391571 0.073215336 0.06729867 -0.1935553 -0.1547298 -0.017863588 -0.04887546 -0.19654514 0.098680384 -0.016141081 -0.020137686 -0.032520253 -0.028652176 0.17103423 0.03964519 -0.12177019 0.051502764 0.040262494 0.118281655 0.05086038 0.18009949 0.3109971 0.0008942179 0.024614513 -0.1456772 0.19603607 -0.12380096 0.04497853 0.008374583 0.04596269 -0.112681195 -0.03876738 -0.13146448 0.11221155 -0.04297332 -0.14345025 -0.08263243 -0.113394946 -0.045377195 -0.069297925 0.0032394773 -0.041567698 0.06985345 -0.12627716 -0.041302342 0.026989738 0.04072101 0.09652268 -0.0013639458 -0.106061995 -0.020784356 0.15742326 -0.16992858 0.07382881 -0.07429048 0.0042446177 0.012315974 0.07938737 -0.04975538 0.11248366 -0.026627164 0.13298966 -0.05885775 -0.17756091 -0.06641602 -0.009292741 0.017129395 0.0420882 0.087210804 0.022573767 -0.00096002454 -0.003353315 0.010988109 -0.048642714 -0.06552214 -0.04102318 -0.006632165 -0.0069705215 0.031934533 0.01484666 -0.077911735 -0.017839527 -0.063418366 -0.030844092 -0.12817551 0.22008765 0.084952444 0.078370444 0.058629505 -0.009813727 0.010756032 0.006325899 0.09835508 -0.062202655 0.0025708983 0.07153945 -0.09802082 -0.0804675 0.05251385 -0.034488834 0.07576577 0.1410861 0.057092972 0.08917239 0.11653599 -0.06546697 0.022600643 -0.10530285 0.07561368 -0.04714352 0.0016257361 -0.08206664 0.07860537 0.21830778 0.26681924 0.024319647 0.20132647 0.07973877 -0.15601157 -0.10792046 0.054267716 0.07937728 0.16024958 0.0068537313 0.002576644 -0.024163945
ÔÂºÚ·ç¸ßÉ±ÈËÒ¹ -0.121554196 0.09641688 -0.02151674 0.091561064 0.049558606 -0.10231225 -0.019731043 0.13357376 -0.080658086 0.0924036 0.032091066 -0.04737055 -0.073030256 0.032870002 0.1487927 -0.11648348 -0.05606692 0.0864781 -0.035804152 -0.06664659 -0.0013025579 -0.10852418 -0.040420756 0.040815152 -0.09655871 0.014193188 -0.014177579 0.036622416 -0.15205057 -0.041420788 0.03659278 0.05430662 0.08343209 -0.011112936 -0.030156001 0.0016922668 -0.04015986 0.022558933 -0.14457269 -0.14817756 -0.119545445 0.0008476781 0.05662749 0.052257594 0.057195887 0.0050356546 0.09553348 -0.0038663833 -0.010304086 0.023799963 -0.009562313 -0.04932707 0.011805873 -0.07795813 -0.024894422 -0.08920663 0.09763144 -0.10119235 -0.09070266 0.0015570556 0.075952135 0.09689277 -0.0598964 -0.08067693 -0.09170142 0.08085755 -0.12285253 0.20147407 -0.09769947 0.011763709 0.012409209 -0.032801595 0.1413164 -0.040901292 0.00047671722 0.0703463 0.055621248 -0.17178692 -0.14628257 -0.016493296 -0.046969127 -0.17504263 0.089965805 -0.017423254 -0.017762562 -0.025835542 -0.02749529 0.16019505 0.03184173 -0.10749849 0.05275739 0.031375114 0.103542015 0.046947125 0.15823048 0.28593522 0.0017903857 0.017237864 -0.13182522 0.17275618 -0.11784097 0.047026172 0.0017062895 0.037248377 -0.10200416 -0.03339629 -0.11450929 0.103779934 -0.033370133 -0.12939355 -0.08161236 -0.107548535 -0.04425409 -0.06553327 0.009393204 -0.033771094 0.065256454 -0.11495979 -0.030920051 0.031147098 0.037157092 0.084252805 -0.007429891 -0.09966856 -0.016224857 0.14735205 -0.15339208 0.06896417 -0.06394898 0.0021561612 0.010605048 0.07652632 -0.04416413 0.10990851 -0.032212142 0.12058478 -0.05548059 -0.15998915 -0.052870587 -0.0033442425 0.015830154 0.036573652 0.086166784 0.018843899 -0.008197914 -0.007952606 0.001321898 -0.049390852 -0.06354375 -0.036441993 -0.010995414 -0.006880586 0.029358245 0.0058771237 -0.06878911 -0.021931935 -0.053309117 -0.028837852 -0.123257734 0.1971108 0.07159228 0.074111864 0.054294977 -0.008200145 0.011182218 0.008840617 0.09407742 -0.05585698 -0.006382075 0.06706368 -0.09571214 -0.07637998 0.04361543 -0.032340344 0.07023228 0.13186131 0.043926086 0.07346257 0.10378562 -0.059432648 0.022675112 -0.09199372 0.07798589 -0.04349666 0.0024418002 -0.0781343 0.075031124 0.19528455 0.2343479 0.029395757 0.18613937 0.07309547 -0.13966405 -0.10080921 0.05046543 0.079846464 0.14419878 0.005796596 -0.00015120716 -0.021625761
REDPOWER -0.09922145 0.081160754 -0.017871622 0.07337771 0.04650105 -0.080375336 -0.014476753 0.1117843 -0.06783544 0.072825275 0.02446355 -0.040153574 -0.05168506 0.028795363 0.12707894 -0.09540246 -0.04789371 0.074429795 -0.030121794 -0.05357806 0.00026485705 -0.08650132 -0.033429332 0.031320304 -0.07051333 0.011464456 -0.015924728 0.030138759 -0.12275122 -0.04040543 0.02512372 0.052124683 0.06653523 -0.010160973 -0.030679034 -0.0052039213 -0.034254372 0.020734133 -0.12163188 -0.12029213 -0.09346121 -0.001264495 0.052960537 0.04936402 0.041774362 0.004201083 0.07265137 -0.007772066 -0.010208741 0.022568878 -0.010883672 -0.03851325 0.009229858 -0.06534576 -0.022029843 -0.077322684 0.08311884 -0.07975798 -0.0744023 -0.0008603986 0.06915031 0.081891835 -0.04384357 -0.063806474 -0.07311666 0.06981347 -0.10061308 0.17179008 -0.08868742 0.011568893 0.01629744 -0.024360018 0.11536484 -0.03624771 0.0045765107 0.049415912 0.05165514 -0.1380394 -0.11614701 -0.01628153 -0.045981012 -0.14398837 0.069362305 -0.012536553 -0.011243973 -0.029783027 -0.019528935 0.1277859 0.028185345 -0.08615436 0.036735248 0.029057855 0.0911799 0.042928226 0.13079894 0.23034005 -0.0036034323 0.02050033 -0.10304018 0.15018235 -0.09557226 0.037880052 0.008080933 0.030113867 -0.09082581 -0.023485716 -0.09738299 0.08516086 -0.02605434 -0.10374377 -0.061210852 -0.09029702 -0.0322792 -0.051296175 0.011482717 -0.0253046 0.054447714 -0.09002829 -0.024292974 0.025023287 0.026295083 0.06308142 -0.005195801 -0.08383649 -0.01292604 0.11827189 -0.13202699 0.056309484 -0.049720418 -0.0046010124 0.00881748 0.063066706 -0.03734235 0.090567544 -0.024123533 0.100349106 -0.046978813 -0.133773 -0.04099891 -0.0062196394 0.0026762693 0.034789048 0.06945853 0.017011829 -0.00551576 -0.005690071 0.007538804 -0.0328714 -0.055893846 -0.03318433 -0.011453275 9.635991e-05 0.015908659 0.004864317 -0.056336004 -0.017990489 -0.049622156 -0.018331371 -0.095540926 0.16777162 0.058510564 0.06328519 0.03571635 -0.01250232 0.00074670365 0.012183907 0.080335476 -0.050279573 -0.0071722297 0.05265322 -0.06945602 -0.06066766 0.040499423 -0.028158411 0.061948936 0.10247033 0.032218702 0.0598666 0.09078283 -0.043184906 0.01757855 -0.07946387 0.065156415 -0.038123038 0.007430996 -0.05976767 0.059337705 0.15908244 0.20052196 0.022026064 0.14928286 0.0592887 -0.11220106 -0.08083045 0.047207452 0.06421547 0.114443704 0.012286905 0.0035788624 -0.012381394
¨¨}¨|¨{¨z -0.109152704 0.09311795 -0.02100268 0.07998503 0.04728657 -0.087334834 -0.010839057 0.124487594 -0.07477359 0.084050186 0.018858457 -0.038180422 -0.06061597 0.034491826 0.13856404 -0.10557207 -0.05112637 0.083663955 -0.036736168 -0.0635505 0.0010193659 -0.093468204 -0.029257158 0.02969498 -0.079342075 0.016661406 -0.016419098 0.03839229 -0.1373251 -0.04319053 0.029451285 0.057180993 0.07219261 -0.018819207 -0.031214707 -0.01036754 -0.035964128 0.024761075 -0.13107719 -0.12876098 -0.11107014 0.0036176431 0.058164362 0.050853886 0.05360866 0.0060044485 0.08815454 -0.005727465 -0.013191585 0.02166885 -0.010819343 -0.04701838 0.017850839 -0.07186274 -0.024523541 -0.07873745 0.08575011 -0.088469334 -0.08255883 0.0044682287 0.06730016 0.08406888 -0.047386434 -0.07622818 -0.08823242 0.069953635 -0.115113676 0.19117774 -0.088431135 0.0069620963 0.012287471 -0.02670843 0.12952122 -0.040301204 0.0071661146 0.05797195 0.046643715 -0.16018252 -0.12731324 -0.011935314 -0.044748686 -0.15635383 0.07360101 -0.008060755 -0.014745445 -0.025054473 -0.026384927 0.1451222 0.023770297 -0.09787246 0.043307785 0.033630025 0.09322148 0.042097002 0.15054074 0.25845304 0.0029002847 0.015500056 -0.12308612 0.16123109 -0.10964751 0.0360335 0.003414242 0.035084818 -0.09139821 -0.028133944 -0.10162572 0.08680778 -0.032322798 -0.109196156 -0.067562506 -0.09706424 -0.035417203 -0.056139573 0.011999547 -0.028693503 0.06583591 -0.10278441 -0.03395597 0.021620508 0.03538877 0.069396675 0.0028785537 -0.086777225 -0.01786939 0.12506635 -0.1379098 0.06428627 -0.060786903 -0.0011779742 0.01576813 0.06951148 -0.037294574 0.089882836 -0.020470805 0.11309803 -0.048190735 -0.14779633 -0.052966814 -0.004958102 0.012237879 0.03283961 0.07177018 0.018543841 -0.0031415299 -0.0098693045 1.804345e-05 -0.03616414 -0.05392055 -0.03325961 -0.00787744 -0.007238868 0.020469181 0.012568413 -0.06580299 -0.020379245 -0.051452957 -0.022901995 -0.10235134 0.18453677 0.060703516 0.065490164 0.04318006 -0.011894741 0.010905193 0.014638393 0.08024668 -0.052673817 -0.0041995123 0.057495695 -0.08498583 -0.060081173 0.038569134 -0.029561644 0.061986428 0.11753818 0.03945913 0.068966754 0.097454324 -0.050641228 0.01821832 -0.08783357 0.06555507 -0.04022565 0.008310316 -0.07210208 0.06230102 0.17095855 0.21815781 0.027655995 0.16193162 0.06049372 -0.1312663 -0.09281587 0.044619918 0.07558954 0.1290232 0.014544842 0.0017195109 -0.023058306
µç¾âÉ±ÊÖ -0.10868829 0.09243819 -0.013533105 0.08406197 0.046900056 -0.09224259 -0.017839547 0.11546583 -0.06646692 0.07707771 0.019374296 -0.04348854 -0.05784314 0.026174793 0.13538723 -0.105505146 -0.04910165 0.07922548 -0.031446368 -0.058420144 0.0027899616 -0.08693194 -0.026176352 0.03338303 -0.08403454 0.016978512 -0.017654665 0.035297308 -0.12967661 -0.04443399 0.030364782 0.0514977 0.07371862 -0.0127615435 -0.032507002 -0.010195113 -0.034689147 0.017861633 -0.12522565 -0.12924767 -0.104842275 -0.00088593096 0.05685354 0.04588725 0.048850328 0.0077513056 0.08732643 -0.007342876 -0.01728943 0.022242092 -0.011844803 -0.03995637 0.012487331 -0.07518668 -0.016326135 -0.08128125 0.08884664 -0.08649924 -0.07519106 0.00438596 0.066735454 0.08972401 -0.04824321 -0.068940386 -0.086767524 0.07520379 -0.11751857 0.18596755 -0.09068423 0.012852175 0.015092228 -0.029927928 0.12715052 -0.042041883 0.0022075332 0.061593328 0.047812052 -0.15856124 -0.12292447 -0.0148030855 -0.04374052 -0.15528046 0.07198244 -0.01236899 -0.01361989 -0.029483218 -0.024543678 0.13551506 0.022720633 -0.09525554 0.043740314 0.034882337 0.09657787 0.042154785 0.14035109 0.24876778 -0.0029641513 0.018968513 -0.11267741 0.16247252 -0.10476986 0.03469217 0.005296943 0.03440576 -0.09575893 -0.034198046 -0.101128876 0.08559822 -0.029359054 -0.1108721 -0.062774494 -0.09941809 -0.03788634 -0.05109292 0.0063029225 -0.032829855 0.061897796 -0.09500951 -0.03470742 0.030973205 0.030573215 0.07731938 0.0018385075 -0.08994127 -0.013774714 0.12813652 -0.14373216 0.062117144 -0.058732018 0.004395128 0.019819025 0.065149 -0.039880663 0.09617568 -0.021795211 0.10842097 -0.042723812 -0.13887607 -0.04668045 -0.0037087093 0.00630886 0.030532552 0.06875779 0.018310688 -0.0023411075 -0.006286893 -0.00032166473 -0.039294492 -0.05668627 -0.036501296 -0.0149535835 -0.0035453422 0.017523067 0.010141042 -0.0701629 -0.019084716 -0.052222714 -0.023805896 -0.10894993 0.17610633 0.06885301 0.05965143 0.041923832 -0.008152788 0.0025069916 0.0123422 0.0792036 -0.051008012 -0.0046782955 0.05212776 -0.07937254 -0.06492994 0.039838832 -0.030821765 0.067564726 0.11369882 0.03686834 0.07396656 0.1018231 -0.053302027 0.02157647 -0.08435979 0.06294558 -0.036435857 0.0030411233 -0.06969001 0.058531612 0.16948229 0.21345572 0.019697031 0.16120307 0.05878765 -0.12905902 -0.091205664 0.049049355 0.07361266 0.12900728 0.011700768 0.0026492758 -0.015975842
¡¿10 -0.033214435 0.027504928 -0.0006927908 0.022691658 0.012519284 -0.023421679 -0.0065608514 0.031913828 -0.019842613 0.0177311 0.0017719361 -0.009037276 -0.019438194 0.0047091683 0.032386374 -0.027736902 -0.013293441 0.025536083 -0.0062181777 -0.015987983 -0.004387945 -0.02480818 -0.013451113 0.009335552 -0.026287548 -0.0017864237 0.0014018833 0.013416894 -0.032925513 -0.011795483 0.007503606 0.017502228 0.024504274 -0.0028294595 -0.012776399 -0.005349286 -0.005128228 0.005792344 -0.039880592 -0.035523575 -0.033631828 -0.0028941547 0.014746378 0.009906879 0.011270337 0.0049471064 0.021393532 -0.0036394552 -0.009134893 0.0083807465 -0.0032966263 -0.015222387 -0.00028880697 -0.020417118 -0.0013596053 -0.021169093 0.02448131 -0.021340517 -0.025007753 -0.0026436762 0.022195248 0.024126165 -0.012950319 -0.015271137 -0.025600165 0.02378738 -0.030142345 0.054938655 -0.02564106 0.0023492873 0.006086259 -0.002637524 0.028885098 -0.011381827 0.00041741613 0.01350566 0.016984623 -0.04432784 -0.037751675 -0.0046388805 -0.010539536 -0.042441696 0.017989442 -0.003608652 -0.00538835 -0.011830687 -0.011553058 0.034353394 0.0055216127 -0.027090989 0.017017512 0.011015246 0.027332893 0.011007123 0.03570844 0.06561162 -0.004223183 0.0044702254 -0.033662107 0.038577277 -0.03146763 0.012249226 0.0067213993 0.0077002547 -0.027506854 -0.0077290144 -0.029709022 0.02341376 -0.008895048 -0.029663926 -0.014347785 -0.021253802 -0.011215237 -0.00928136 0.007471181 -0.0067066206 0.01852137 -0.022209536 -0.0028802417 0.0055323318 0.010909129 0.02277804 -0.0019210943 -0.029903822 -0.0023502337 0.037982356 -0.045365117 0.018432884 -0.017883306 -0.0047618635 0.00510496 0.02008431 -0.015717959 0.029323783 -0.007544096 0.0319242 -0.0105016455 -0.03953899 -0.014106349 -0.00021201532 0.0049636 0.0136303175 0.024401443 0.003536354 -0.0005154 0.00067315786 -4.087805e-05 -0.007798463 -0.0146053275 -0.013202957 -9.952013e-05 -0.0074376753 0.0022878763 0.0028466613 -0.022174278 -0.004006965 -0.016143965 -0.0004853455 -0.02908565 0.047970142 0.020157812 0.014480555 0.010009277 -0.003941227 0.00054376014 0.006462337 0.025717478 -0.009668525 -0.00050363666 0.016857672 -0.020036535 -0.02244308 0.015137123 -0.0050970097 0.017384624 0.034213264 0.01761499 0.020011155 0.030992778 -0.013657011 0.008731802 -0.023934627 0.019899998 -0.0068841074 0.00488643 -0.015743554 0.013022006 0.04664385 0.05896269 0.010519765 0.046534956 0.020714574 -0.03532271 -0.023209274 0.014843668 0.017739458 0.0319539 0.0016036854 0.001601846 -0.004453616
